id,filename,ident,name,type,frequency_khz,latitude_deg,longitude_deg,elevation_ft,iso_country,dme_frequency_khz,dme_channel,dme_latitude_deg,dme_longitude_deg,dme_elevation_ft,slaved_variation_deg,magnetic_variation_deg,usageType,power,associated_airport
85159,Budapest_NDB_HU,A,Budapest,NDB,343,47.45500183105469,19.210500717163086,,HU,,,,,,,3.234,TERMINAL,LOW,
85177,Madrid_NDB_ES,AA,Madrid,NDB,355,40.44820022583008,-3.5388100147247314,,ES,,,,,,,-2.13,TERMINAL,LOW,
85183,Aalborg_TACAN_DK,AAL,Aalborg,TACAN,116700,57.10390090942383,9.992810249328613,57,DK,116700,114X,,,,1.008,0.598,BOTH,HIGH,EKYT
85184,Aalborg_VOR-DME_DK,AAL,Aalborg,VOR-DME,116700,57.10369873046875,9.995579719543457,57,DK,116700,114X,57.1039,9.99281,57,1.008,0.589,RNAV,HIGH,EKYT
85205,Abbeville_VOR-DME_FR,ABB,Abbeville,VOR-DME,108450,50.135101318359375,1.8546899557113647,223,FR,108450,021Y,,,,-3.007,-1.232,BOTH,HIGH,LFOI
85216,Albenga_NDB_IT,ABN,Albenga,NDB,420,44.05580139160156,8.221110343933105,,IT,,,,,,,0.515,BOTH,LOW,LIMG
85219,Albacete_NDB_ES,ABT,Albacete,NDB,321,38.94409942626953,-1.99767005443573,,ES,,,,,,,-1.399,LO,MEDIUM,LEAB
85221,Altenburg_NDB_DE,ABU,Altenburg,NDB,330,50.99380111694336,12.520999908447266,581,DE,,,,,,,1.561,TERMINAL,LOW,EDAC
85229,Alcobendas_NDB_ES,ACD,Alcobendas,NDB,417,40.58570098876953,-3.6765100955963135,,ES,,,,,,,-2.162,LO,LOW,LEMD
85239,Arcata_VOR-DME_US,ACV,Arcata,VOR-DME,110200,40.98139953613281,-124.10800170898438,193,US,110200,039X,,,,17.001,15.535,LO,LOW,KACV
85269,Aberdeen_VOR-DME_GB,ADN,Aberdeen,VOR-DME,114300,57.31060028076172,-2.2672200202941895,600,GB,114300,090X,,,,-5.001,-4.148,BOTH,HIGH,EGPD
85277,Andraitx_NDB_ES,ADX,Andraitx,NDB,384,39.549400329589844,2.395859956741333,,ES,,,,,,,-0.282,BOTH,LOW,
85289,Affligem_VOR-DME_BE,AFI,Affligem,VOR-DME,114900,50.907798767089844,4.138889789581299,284,BE,114900,096X,,,,-2.01,-0.416,TERMINAL,HIGH,EBBR
85301,Augsburg_NDB_DE,AGB,Augsburg,NDB,318,48.42430114746094,10.933099746704102,1542,DE,,,,,,,1.284,BOTH,LOW,EDMA
85303,Altenburg_DME_DE,AGD,Altenburg,DME,115300,50.98270034790039,12.512299537658691,624,DE,115300,100X,,,,,1.542,TERMINAL,LOW,EDAC
85308,Agen_VOR-DME_FR,AGN,Agen,VOR-DME,114800,43.88800048828125,0.8728610277175903,868,FR,114800,095X,,,,-2.007,-1.062,BOTH,HIGH,
85319,Amedee_VOR-DME_US,AHC,Amedee,VOR-DME,109000,40.26789855957031,-120.1520004272461,4028,US,109000,027X,,,,17.001,15.017,TERMINAL,LOW,
85322,Alghero_TACAN_IT,AHO,Alghero,TACAN,109300,40.63610076904297,8.289440155029297,88,IT,109300,030X,,,,,0.54,BOTH,HIGH,LIEA
85351,Ajaccio_VOR-DME_FR,AJO,Ajaccio,VOR-DME,114800,41.77050018310547,8.774669647216797,2142,FR,114800,095X,41.7701,8.77447,,0.007,1.002,BOTH,HIGH,
85390,Trina_NDB_US,AL,Trina,NDB,353,46.175498962402344,-118.19599914550781,,US,,,,,,,16.139,TERMINAL,MEDIUM,KALW
85395,Allersberg_VOR-DME_DE,ALB,Allersberg,VOR-DME,111200,49.21440124511719,11.221400260925293,1434,DE,111200,049X,,,,1.01,1.326,BOTH,HIGH,
85396,Albenga_VOR-DME_IT,ALB,Albenga,VOR-DME,116950,44.04819869995117,8.127619743347168,136,IT,116950,116Y,44.0483,8.12761,136,,0.501,BOTH,MEDIUM,LIMG
85401,Alderney_NDB_GG,ALD,Alderney,NDB,383,49.708900451660156,-2.199700117111206,331,GG,,,,,,,-2.465,LO,LOW,
85404,Alster_DME_DE,ALF,Alster,DME,115800,53.63529968261719,9.994139671325684,66,DE,115800,105X,,,,,1.055,TERMINAL,LOW,EDDH
85405,Alghero_VORTAC_IT,ALG,Alghero,VORTAC,113800,40.62810134887695,8.243889808654785,1447,IT,113800,085X,,,,0.007,0.533,BOTH,HIGH,LIEA
85406,Alghero_NDB_IT,ALG,Alghero,NDB,382,40.63999938964844,8.291669845581055,,IT,,,,,,,0.54,LO,LOW,LIEA
85412,Alma_VOR_SE,ALM,Alma,VOR,116400,55.41130065917969,13.557499885559082,,SE,,,,,,2.001,2.181,RNAV,HIGH,
85414,Al_Hoceima_VOR-DME_MA,ALM,Al Hoceima,VOR-DME,115000,35.19110107421875,-3.8417301177978516,46,MA,115000,097X,,,,-5.007,-2.05,BOTH,HIGH,GMTA
85415,Aix_Les_Milles_NDB_FR,ALM,Aix Les Milles,NDB,430,43.5078010559082,5.360469818115234,367,FR,,,,,,,0.098,TERMINAL,LOW,LFMA
85420,Alger_VOR-DME_DZ,ALR,Alger,VOR-DME,112500,36.69110107421875,3.215559959411621,82,DZ,112500,072X,,,,-1.006,-0.139,BOTH,HIGH,DAAG
85421,Alsie_VOR_DK,ALS,Alsie,VOR,114700,54.905399322509766,9.993379592895508,,DK,,,,,,1.008,1.031,RNAV,HIGH,
85424,Alicante_VOR-DME_ES,ALT,Alicante,VOR-DME,113800,38.2682991027832,-0.570114016532898,166,ES,113800,085X,38.2683,-0.570061,166,,-1.138,BOTH,HIGH,LEAL
85425,Al_Hoceima_NDB_MA,ALU,Al Hoceima,NDB,401,35.18119812011719,-3.844559907913208,,MA,,,,,,,-2.05,BOTH,HIGH,GMTA
85427,Walla_Walla_VOR-DME_US,ALW,Walla Walla,VOR-DME,116400,46.08700180053711,-118.29299926757812,1150,US,116400,111X,,,,20.001,16.139,LO,MEDIUM,KALW
85437,Almeria_NDB_ES,AM,Almeria,NDB,284,36.87580108642578,-2.2399098873138428,,ES,,,,,,,-1.401,TERMINAL,LOW,LEAM
85443,Amboise_VOR-DME_FR,AMB,Amboise,VOR-DME,113700,47.42890167236328,1.0644400119781494,361,FR,113700,084X,,,,-3.007,-1.212,BOTH,HIGH,LFOT
85446,Amboise_NDB_FR,AMB,Amboise,NDB,341,47.4182014465332,1.0410000085830688,354,FR,,,,,,,-1.215,BOTH,MEDIUM,LFOT
85448,Amendola_NDB_IT,AME,Amendola,NDB,334,41.5,15.837800025939941,,IT,,,,,,,2.221,BOTH,LOW,LIBA
85458,Almeria_NDB_ES,AMN,Almeria,NDB,310,36.8484001159668,-2.379159927368164,,ES,,,,,,,-1.425,LO,MEDIUM,LEAM
85461,Almeria_VOR-DME_ES,AMR,Almeria,VOR-DME,114100,36.83319854736328,-2.2594199180603027,233,ES,114100,088X,36.8331,-2.25944,233,-3.007,-1.404,BOTH,HIGH,LEAM
85462,Amsterdam_VOR-DME_NL,AMS,Amsterdam,VOR-DME,113950,52.332801818847656,4.705560207366943,-7,NL,113950,086Y,,,,,-0.383,TERMINAL,LOW,
85464,Amberieu_TACAN_FR,AMU,Amberieu,TACAN,116300,45.98860168457031,5.331250190734863,801,FR,116300,110X,,,,,0.026,BOTH,HIGH,LFXA
85477,Boing_NDB_US,AN,Boing,NDB,245,32.739898681640625,-117.21600341796875,15,US,,,,,,,12.376,TERMINAL,LOW,KSAN
85481,Annaba_VOR-DME_DZ,ANB,Annaba,VOR-DME,113500,36.81669998168945,7.800000190734863,16,DZ,113500,082X,,,,-2.007,0.471,BOTH,HIGH,DABB
85482,Annaba_NDB_DZ,ANB,Annaba,NDB,366,36.81809997558594,7.802499771118164,,DZ,,,,,,,0.472,BOTH,MEDIUM,DABB
85483,Ancona_VOR-DME_IT,ANC,Ancona,VOR-DME,110650,43.58639907836914,13.471099853515625,842,IT,110650,043Y,,,,1.007,2.004,BOTH,HIGH,LIPY
85485,Ancona_NDB_IT,ANC,Ancona,NDB,375,43.586700439453125,13.472200393676758,,IT,,,,,,,2.004,BOTH,LOW,LIPY
85492,Arlanda_DME_SE,ANE,Arlanda,DME,113300,59.694000244140625,18.059900283813477,108,SE,113300,080X,,,,,4.176,TERMINAL,LOW,
85493,Angers_VOR_FR,ANG,Angers,VOR,113000,47.53689956665039,-0.8518329858779907,283,FR,,,,,,-3.007,-2,BOTH,HIGH,
85504,Ansbach_NDB_DE,ANS,Ansbach,NDB,452,49.30970001220703,10.632800102233887,1526,DE,,,,,,,1.229,LO,LOW,ETEB
85505,Antwerpen_VOR-DME_BE,ANT,Antwerpen,VOR-DME,113500,51.19060134887695,4.472499847412109,78,BE,113500,082X,,,,,-0.364,TERMINAL,LOW,EBAW
85512,Arlanda_DME_SE,ANW,Arlanda,DME,112050,59.71329879760742,17.85260009765625,164,SE,112050,057Y,,,,,4.127,TERMINAL,LOW,
85519,Arco_NDB_US,AOC,Arco,NDB,200,43.5989990234375,-113.34200286865234,5327,US,,,,,,,13.583,LO,LOW,
85520,Rota_TACAN_ES,AOG,Rota,TACAN,108600,36.64789962768555,-6.34906005859375,86,ES,108600,023X,,,,-5.012,-2.559,BOTH,HIGH,LERT
85521,Rota_NDB_ES,AOG,Rota,NDB,268,36.6421012878418,-6.316810131072998,,ES,,,,,,,-2.552,TERMINAL,LOW,LERT
85526,Active_Pass_NDB_CA,AP,Active Pass,NDB,378,48.8739013671875,-123.29000091552734,,CA,,,,,,,18.181,LO,LOW,
85532,Aberporth_NDB_GB,AP,Aberporth,NDB,371,52.11629867553711,-4.559830188751221,,GB,,,,,,,-4.07,TERMINAL,LOW,EGFA
85548,Aberdeen_NDB_GB,AQ,Aberdeen,NDB,336,57.138301849365234,-2.4047200679779053,,GB,,,,,,,-4.162,TERMINAL,LOW,EGPD
85573,Tortoli_NDB_IT,ARB,Tortoli,NDB,289,39.9213981628418,9.678669929504395,22,IT,,,,,,,1.108,TERMINAL,LOW,LIET
85577,Monts_D_Arree_VOR_FR,ARE,Monts D Arree,VOR,112500,48.33259963989258,-3.6024699211120605,588,FR,,,,,,-5.007,-3.048,BOTH,HIGH,
85584,Libby_TACAN_US,ARH,Libby,TACAN,111600,31.585599899291992,-110.33899688720703,4659,US,111600,053X,,,,12.001,10.418,BOTH,LOW,KFHU
85591,Arlanda_VOR-DME_SE,ARL,Arlanda,VOR-DME,116000,59.65340042114258,17.914400100708008,141,SE,116000,107X,,,,3.001,4.138,BOTH,HIGH,ESSA
85593,Armilla_NDB_ES,ARM,Armilla,NDB,344,37.07350158691406,-3.802079916000366,,ES,,,,,,,-2.084,TERMINAL,LOW,LEGA
85596,Arbancon_NDB_ES,ARN,Arbancon,NDB,291,40.96390151977539,-3.122459888458252,,ES,,,,,,,-2.07,LO,MEDIUM,
85598,Aros_VOR-DME_SE,ARS,Aros,VOR-DME,112800,59.58620071411133,16.650400161743164,50,SE,112800,075X,,,,2.001,3.426,RNAV,HIGH,ESOW
85636,Astoria_VOR-DME_US,AST,Astoria,VOR-DME,114000,46.16170120239258,-123.87999725341797,10,US,114000,087X,,,,19.001,17.281,LO,MEDIUM,
85637,Asturias_NDB_ES,AST,Asturias,NDB,325,43.55780029296875,-6.028389930725098,,ES,,,,,,,-3.191,BOTH,MEDIUM,LEAS
85639,Arlanda_DME_SE,ASW,Arlanda,DME,113750,59.58769989013672,17.819700241088867,233,SE,113750,084Y,,,,,4.111,TERMINAL,LOW,
85659,Alicante_VOR-DME_ES,ATE,Alicante,VOR-DME,114650,38.28609848022461,-0.5866000056266785,192,ES,114650,093Y,38.2861,-0.586617,192,,-1.141,LO,HIGH,LEAL
85662,Aberdeen_Dyce_NDB_GB,ATF,Aberdeen/Dyce,NDB,348,57.07749938964844,-2.1057000160217285,,GB,,,,,,,-4.073,TERMINAL,LOW,EGPD
85667,Autun_VOR-DME_FR,ATN,Autun,VOR-DME,114900,46.80590057373047,4.2591400146484375,2244,FR,114900,096X,46.8055,4.25939,,-1.007,-0.188,BOTH,HIGH,
85670,Alcantarilla_NDB_ES,ATR,Alcantarilla,NDB,345,37.94990158081055,-1.2304199934005737,245,ES,,,,,,,-1.244,LO,MEDIUM,LERI
85684,Augsburg_DME_DE,AUG,Augsburg,DME,115900,48.42430114746094,10.932999610900879,1542,DE,115900,106X,,,,,1.284,TERMINAL,LOW,EDMA
85696,Asturias_NDB_ES,AV,Asturias,NDB,387,43.539100646972656,-5.930530071258545,,ES,,,,,,,-3.169,TERMINAL,LOW,LEAS
85698,Avord_TACAN_FR,AVD,Avord,TACAN,110600,47.058101654052734,2.6298599243164062,554,FR,110600,043X,,,,-2.007,-0.493,BOTH,HIGH,LFOA
85699,Avord_NDB_FR,AVD,Avord,NDB,289,47.12070083618164,2.799609899520874,679,FR,,,,,,,-0.465,BOTH,MEDIUM,LFOA
85700,Avenal_VORTAC_US,AVE,Avenal,VORTAC,117100,35.64699935913086,-119.97899627685547,710,US,117100,118X,,,,16.001,13.488,BOTH,HIGH,
85701,Aviano_TACAN_IT,AVI,Aviano,TACAN,116400,46.02790069580078,12.586899757385254,413,IT,116400,111X,,,,1.001,1.522,BOTH,HIGH,LIPA
85702,Aviano_NDB_IT,AVI,Aviano,NDB,390,45.92430114746094,12.428500175476074,,IT,,,,,,,1.5,BOTH,LOW,LIPA
85704,Avignon_VOR_FR,AVN,Avignon,VOR,112300,43.995399475097656,4.746389865875244,,FR,,,,,,-2.007,-0.01,BOTH,HIGH,
85707,Marana_NDB_US,AVQ,Marana,NDB,245,32.411800384521484,-111.21600341796875,2021,US,,,,,,,11.056,LO,LOW,
85709,Waton_NDB_US,AW,Waton,NDB,382,48.07609939575195,-122.15399932861328,61,US,,,,,,,17.481,TERMINAL,MEDIUM,
85741,Colorado_City_NDB_US,AZC,Colorado City,NDB,403,36.95989990234375,-113.00900268554688,4860,US,,,,,,,12.273,LO,LOW,
85746,Nice_Cote_D_Azur_VOR-DME_FR,AZR,Nice Cote D Azur,VOR-DME,109650,43.659698486328125,7.224420070648193,12,FR,109650,033Y,,,,,0.375,BOTH,HIGH,LFMN
85755,Barka_NDB_SK,B,Barka,NDB,438,48.150699615478516,17.242700576782227,,SK,,,,,,,3.005,TERMINAL,LOW,
85764,Valencia_NDB_ES,B,Valencia,NDB,400,39.479698181152344,-0.4561780095100403,,ES,,,,,,,-1.144,TERMINAL,MEDIUM,LEVC
85767,Bautzen_NDB_DE,BA,Bautzen,NDB,359,51.19879913330078,14.547800064086914,,DE,,,,,,,2.29,RNAV,LOW,EDAB
85779,Beale_TACAN_US,BAB,Beale,TACAN,108600,39.13479995727539,-121.44100189208984,165,US,108600,023X,,,,16.001,14.578,BOTH,MEDIUM,KBAB
85788,Bagur_NDB_ES,BAG,Bagur,NDB,319,41.951499938964844,3.2030699253082275,,ES,,,,,,,-0.203,LO,MEDIUM,
85790,Bailen_NDB_ES,BAI,Bailen,NDB,418,38.1515007019043,-3.6291699409484863,,ES,,,,,,,-2.075,LO,LOW,
85792,Backa_VOR-DME_SE,BAK,Backa,VOR-DME,112700,57.555198669433594,11.976900100708008,301,SE,112700,074X,,,,1.001,1.449,RNAV,HIGH,
85796,Baldonnel_VOR-DME_IE,BAL,Baldonnel,VOR-DME,115800,53.29990005493164,-6.447780132293701,300,IE,115800,105X,,,,,-5.097,BOTH,HIGH,EIME
85798,Barmen_VORTAC_DE,BAM,Barmen,VORTAC,113600,51.32780075073242,7.176980018615723,879,DE,113600,083X,,,,0.009,0.165,BOTH,HIGH,
85799,Battle_Mountain_VORTAC_US,BAM,Battle Mountain,VORTAC,112200,40.56919860839844,-116.9219970703125,4536,US,112200,059X,,,,18.001,14.219,BOTH,HIGH,
85803,Barahona_VOR-DME_ES,BAN,Barahona,VOR-DME,112800,41.32360076904297,-2.6297900676727295,3717,ES,112800,075X,41.3235,-2.62989,3717,-3.007,-1.595,BOTH,HIGH,
85811,Bari_VOR-DME_IT,BAR,Bari,VOR-DME,116400,41.1442985534668,16.776399612426758,108,IT,116400,111X,,,,1.007,2.306,BOTH,HIGH,LIBD
85823,Bayreuth_VOR_DE,BAY,Bayreuth,VOR,110600,49.985198974609375,11.636699676513672,1625,DE,,,,,,1.009,1.392,BOTH,MEDIUM,EDQD
85825,Bayreuth_DME_DE,BAY,Bayreuth,DME,110600,49.98569869995117,11.638099670410156,1620,DE,110600,043X,,,,,1.393,TERMINAL,LOW,EDQD
85826,Bayreuth_NDB_DE,BAZ,Bayreuth,NDB,420,49.95690155029297,11.565199851989746,,DE,,,,,,,1.381,TERMINAL,LOW,EDQD
85834,Benbecula_NDB_GB,BBA,Benbecula,NDB,401,57.476200103759766,-7.3692498207092285,,GB,,,,,,,-6.403,TERMINAL,LOW,
85840,Beauvechain_TACAN_BE,BBE,Beauvechain,TACAN,116000,50.75640106201172,4.768060207366943,370,BE,116000,107X,,,,,-0.281,BOTH,HIGH,EBBE
85843,Salamanca_VOR-DME_ES,BBI,Salamanca,VOR-DME,112200,41.01679992675781,-5.456439971923828,2982,ES,112200,059X,41.0168,-5.45653,2982,,-2.53,BOTH,HIGH,LESA
85845,Kleine_Brogel_TACAN_BE,BBL,Kleine Brogel,TACAN,109600,51.1702995300293,5.466390132904053,180,BE,109600,033X,,,,,-0.164,BOTH,MEDIUM,EBBL
85847,Babimost_NDB_PL,BBM,Babimost,NDB,390,52.14039993286133,15.796199798583984,,PL,,,,,,,2.526,TERMINAL,LOW,EPZG
85864,Cap_Blanc_NDB_TN,BC,Cap Blanc,NDB,310,37.33000183105469,9.83611011505127,,TN,,,,,,,1.093,LO,MEDIUM,
85867,Bryce_Canyon_VORTAC_US,BCE,Bryce Canyon,VORTAC,112800,37.68920135498047,-112.30400085449219,9040,US,112800,075X,,,,15.001,12.222,BOTH,HIGH,
85871,Benbecula_DME_GB,BCL,Benbecula,DME,108100,57.475101470947266,-7.370319843292236,48,GB,108100,018X,,,,,-6.403,TERMINAL,LOW,EGPL
85872,Barcelona_VOR-DME_ES,BCN,Barcelona,VOR-DME,116700,41.307098388671875,2.1078100204467773,23,ES,116700,114X,41.3072,2.10797,23,,-0.363,BOTH,HIGH,LEBL
85873,Brecon_VOR-DME_GB,BCN,Brecon,VOR-DME,117450,51.72560119628906,-3.2630600929260254,1450,GB,117450,121Y,,,,-4.001,-3.313,RNAV,HIGH,
85885,Bordeaux_NDB_FR,BD,Bordeaux,NDB,393,44.93519973754883,-0.562250018119812,60,FR,,,,,,,-1.378,LO,MEDIUM,LFBD
85911,Boscombe_Down_TACAN_GB,BDN,Boscombe Down,TACAN,108200,51.14899826049805,-1.7526500225067139,430,GB,108200,019X,,,,-4.012,-2.502,BOTH,HIGH,EGDM
85922,Bordeaux_TACAN_FR,BDX,Bordeaux,TACAN,114400,44.82720184326172,-0.7232779860496521,155,FR,114400,091X,,,,,-1.403,BOTH,HIGH,LFBD
85924,Bordeaux_NDB_FR,BE,Bordeaux,NDB,318,44.870601654052734,-0.39780598878860474,251,FR,,,,,,,-1.343,LO,LOW,LFBD
92093,BERGAMO_VOR-DME_IT,BEG,BERGAMO,VOR-DME,11495,45.6694722,9.7091944,810,IT,11495,073X,45.6696,9.70925,,,1,LO,MEDIUM,LIME
85935,Beja_VORTAC_PT,BEJ,Beja,VORTAC,115800,38.12839889526367,-7.926690101623535,620,PT,115800,105X,,,,-5.007,-3.316,BOTH,HIGH,LPBJ
85937,Belfast_VOR-DME_GB,BEL,Belfast,VOR-DME,117200,54.66109848022461,-6.230000019073486,194,GB,117200,119X,,,,-7.001,-5.236,RNAV,HIGH,EGAA
85940,Benbecula_VOR-DME_GB,BEN,Benbecula,VOR-DME,113950,57.477901458740234,-7.365300178527832,130,GB,113950,086Y,,,,-8.001,-6.402,BOTH,HIGH,EGPL
85944,Bern_NDB_CH,BER,Bern,NDB,335,46.89910125732422,7.510479927062988,1690,CH,,,,,,,0.359,BOTH,LOW,LSZB
85949,Rheine_Bentlage_NDB_DE,BET,Rheine Bentlage,NDB,402,52.28779983520508,7.385670185089111,219,DE,,,,,,,0.169,TERMINAL,LOW,ETHE
85956,Nolla_NDB_US,BF,Nolla,NDB,362,47.63249969482422,-122.38899993896484,142,US,,,,,,,17.418,TERMINAL,MEDIUM,KBFI
85957,Niley_NDB_US,BF,Niley,NDB,385,35.372398376464844,-118.98100280761719,415,US,,,,,,,13.34,TERMINAL,LOW,KBFL
85960,Broadford_NDB_GB,BFD,Broadford,NDB,390,57.254798889160156,-5.832870006561279,,GB,,,,,,,-5.529,LO,LOW,
85967,Florennes_TACAN_BE,BFS,Florennes,TACAN,111500,50.24140167236328,4.653059959411621,954,BE,111500,052X,,,,-2.007,-0.276,BOTH,HIGH,EBFS
85982,Bergerac_NDB_FR,BGC,Bergerac,NDB,374,44.81949996948242,0.6192780137062073,,FR,,,,,,,-1.15,LO,LOW,LFBE
85997,Guipavas_NDB_FR,BGP,Guipavas,NDB,387,48.444698333740234,-4.416500091552734,,FR,,,,,,,-3.239,TERMINAL,LOW,LFRB
86000,Bagur_VOR-DME_ES,BGR,Bagur,VOR-DME,112200,41.94770050048828,3.208859920501709,1082,ES,112200,059X,41.9476,3.20886,1082,-1.007,-0.202,BOTH,HIGH,
86004,Burgos_NDB_ES,BGS,Burgos,NDB,357,42.35810089111328,-3.6353800296783447,2945,ES,,,,,,,-2.235,BOTH,MEDIUM,LEBG
86006,Bergerud_NDB_NO,BGU,Bergerud,NDB,316,59.84870147705078,11.262200355529785,,NO,,,,,,,1.27,BOTH,HIGH,ENGM
86015,Berry_Head_VOR-DME_GB,BHD,Berry Head,VOR-DME,112050,50.39860153198242,-3.49360990524292,215,GB,112050,057Y,,,,-5.001,-3.224,RNAV,HIGH,
86016,Barth_DME_DE,BHD,Barth,DME,115400,54.34040069580078,12.709799766540527,45,DE,115400,101X,,,,,1.596,TERMINAL,LOW,EDBH
86030,Birmingham_NDB_GB,BHX,Birmingham,NDB,406,52.454498291015625,-1.7523900270462036,325,GB,,,,,,,-3.035,TERMINAL,LOW,EGBB
86044,Bournemouth_NDB_GB,BIA,Bournemouth,NDB,339,50.7776985168457,-1.8424899578094482,,GB,,,,,,,-2.486,TERMINAL,LOW,
86050,Biggin_VOR-DME_GB,BIG,Biggin,VOR-DME,115100,51.33089828491211,0.034811001271009445,590,GB,115100,098X,,,,-3.001,-2.117,BOTH,HIGH,EGKB
86051,Bishop_VOR-DME_US,BIH,Bishop,VOR-DME,109600,37.37699890136719,-118.36699676513672,4110,US,109600,033X,,,,15.001,13.546,LO,LOW,
86063,Bizerte_VOR-DME_TN,BIZ,Bizerte,VOR-DME,114200,37.23529815673828,9.765560150146484,12,TN,114200,089X,,,,,1.084,BOTH,HIGH,
86067,Barajas_NDB_ES,BJ,Barajas,NDB,308,40.4468994140625,-3.5625500679016113,,ES,,,,,,,-2.134,TERMINAL,LOW,
86069,Bejaia_NDB_DZ,BJA,Bejaia,NDB,423,36.70669937133789,5.024720191955566,,DZ,,,,,,,0.108,BOTH,LOW,DAAE
86070,Beja_NDB_PT,BJA,Beja,NDB,376,38.1593017578125,-7.921710014343262,,PT,,,,,,,-3.316,BOTH,HIGH,LPBJ
86081,Badajoz_NDB_ES,BJZ,Badajoz,NDB,298,38.81660079956055,-6.698190212249756,,ES,,,,,,,-3.089,LO,LOW,LEBZ
86096,Brunkendorf_VOR-DME_DE,BKD,Brunkendorf,VOR-DME,117700,53.03450012207031,11.546199798583984,92,DE,117700,124X,,,,0.007,1.395,BOTH,HIGH,
86098,Baker_City_VOR-DME_US,BKE,Baker City,VOR-DME,115300,44.840599060058594,-117.80799865722656,3360,US,115300,100X,,,,20.001,15.44,RNAV,HIGH,KBKE
86104,Ballykelly_TACAN_GB,BKL,Ballykelly,TACAN,109150,55.06079864501953,-7.013329982757568,18,GB,109150,028Y,,,,,-5.506,BOTH,LOW,
86120,Barkway_VOR-DME_GB,BKY,Barkway,VOR-DME,116250,51.98970031738281,0.06194400042295456,486,GB,116250,109Y,,,,-4.001,-2.17,BOTH,HIGH,EGSS
86127,Budapest_NDB_HU,BL,Budapest,NDB,335,47.48899841308594,19.186199188232422,,HU,,,,,,,3.232,TERMINAL,LOW,
86139,Benza_NDB_US,BL,Benza,NDB,338,48.89910125732422,-122.53500366210938,44,US,,,,,,,18.1,TERMINAL,MEDIUM,KBLI
86141,Biella_Cerrione_VOR-DME_IT,BLA,Biella Cerrione,VOR-DME,116100,45.49420166015625,8.100580215454102,921,IT,116100,108X,,,,,0.478,TERMINAL,LOW,LILE
86142,Biella_Cerrione_NDB_IT,BLA,Biella Cerrione,NDB,350,45.46220016479492,8.123330116271973,900,IT,,,,,,,0.482,LO,LOW,LILE
86145,Blackbushe_DME_GB,BLC,Blackbushe,DME,116200,51.32389831542969,-0.8463770151138306,341,GB,116200,109X,,,,,-2.314,LO,HIGH,EGLK
86147,Boulder_City_VORTAC_US,BLD,Boulder City,VORTAC,116700,35.99580001831055,-114.86399841308594,3650,US,116700,114X,,,,15.001,12.471,BOTH,HIGH,
86151,Blythe_VORTAC_US,BLH,Blythe,VORTAC,117400,33.596099853515625,-114.76100158691406,410,US,117400,121X,,,,14.001,12.161,BOTH,HIGH,US-9600
86154,Banja_Luka_NDB_BA,BLK,Banja Luka,NDB,340,45.095298767089844,17.258100509643555,,BA,,,,,,,2.494,BOTH,LOW,LQBK
86155,Blackbushe_NDB_GB,BLK,Blackbushe,NDB,328,51.323299407958984,-0.844793975353241,,GB,,,,,,,-2.313,LO,LOW,EGLK
86156,Bale_Mulhouse_VOR-DME_FR,BLM,Bale Mulhouse,VOR-DME,117450,47.6328010559082,7.499499797821045,886,FR,117450,121Y,,,,0.007,0.34,BOTH,HIGH,LFSB
86157,Bailen_VOR-DME_ES,BLN,Bailen,VOR-DME,116200,38.15250015258789,-3.6250100135803223,1788,ES,116200,109X,38.1525,-3.62507,1788,-3.607,-2.075,BOTH,HIGH,
86166,Bilbao_VOR-DME_ES,BLV,Bilbao,VOR-DME,115900,43.30440139770508,-2.935879945755005,141,ES,115900,106X,,,,-3.007,-2.146,BOTH,HIGH,LEBB
86179,Bordeaux_VOR-DME_FR,BMC,Bordeaux,VOR-DME,113750,44.826900482177734,-0.721110999584198,161,FR,113750,084Y,44.8272,-0.723278,210,-2.007,-1.402,BOTH,HIGH,LFBD
86180,Brigham_City_NDB_US,BMC,Brigham City,NDB,294,41.51580047607422,-112.0780029296875,,US,,,,,,,13.033,LO,LOW,
86184,Bremen_VOR-DME_DE,BMN,Bremen,VOR-DME,117450,53.04399871826172,8.782139778137207,40,DE,117450,121Y,,,,0.009,0.424,BOTH,HIGH,EDDW
86195,Bale_Mulhouse_NDB_FR,BN,Bale Mulhouse,NDB,353,47.66170120239258,7.4790802001953125,,FR,,,,,,,0.336,LO,LOW,LFSB
86198,Birkeland_NDB_NO,BN,Birkeland,NDB,345,58.304100036621094,8.227219581604004,,NO,,,,,,,0.123,TERMINAL,LOW,
86206,Beni_Amrane_NDB_DZ,BNA,Beni Amrane,NDB,353,36.651100158691406,3.5913898944854736,,DZ,,,,,,,-0.068,BOTH,MEDIUM,
86215,Boulogne-sur-Mer_VOR_FR,BNE,Boulogne-sur-Mer,VOR,113800,50.62480163574219,1.9071099758148193,,FR,,,,,,-3.007,-1.256,BOTH,HIGH,
86222,Bovingdon_VOR-DME_GB,BNN,Bovingdon,VOR-DME,113750,51.72610092163086,-0.5497220158576965,500,GB,113750,084Y,,,,-4.001,-2.284,HI,HIGH,
86223,Brno_VOR-DME_CZ,BNO,Brno,VOR-DME,113900,49.15010070800781,16.69260025024414,800,CZ,113900,086X,,,,1.007,2.565,BOTH,HIGH,LKTB
86224,Brno_NDB_CZ,BNO,Brno,NDB,368,49.144798278808594,16.768600463867188,,CZ,,,,,,,2.576,BOTH,HIGH,LKTB
86235,Bokanjac_NDB_HR,BO,Bokanjac,NDB,385,44.1692008972168,15.263999938964844,83,HR,,,,,,,2.23,LO,LOW,LDZD
86240,Ustik_NDB_US,BO,Ustik,NDB,359,43.596900939941406,-116.31500244140625,2700,US,,,,,,,14.578,TERMINAL,MEDIUM,KBOI
86242,Bologna_VOR-DME_IT,BOA,Bologna,VOR-DME,117100,44.536999,11.2907,156,IT,112200,059X,,,,,1.3,BOTH,HIGH,LIPE
86243,Bologna_NDB_IT,BOA,Bologna,NDB,413,44.567298889160156,11.200200080871582,,IT,,,,,,,1.326,BOTH,LOW,LIPE
86250,Boise_VORTAC_US,BOI,Boise,VORTAC,113300,43.552799224853516,-116.19200134277344,2876,US,113300,080X,,,,17.001,14.549,BOTH,HIGH,
86252,Bolsena_VORTAC_IT,BOL,Bolsena,VORTAC,114400,42.61830139160156,12.048600196838379,2082,IT,114400,091X,,,,0.007,1.418,BOTH,HIGH,
86261,Bottrop_NDB_DE,BOT,Bottrop,NDB,407,51.58580017089844,7.023009777069092,,DE,,,,,,,0.125,TERMINAL,LOW,
86263,Bourn_NDB_GB,BOU,Bourn,NDB,392,52.21110153198242,-0.04493600130081177,,GB,,,,,,,-2.215,TERMINAL,LOW,GB-1240
86271,Big_Piney_VOR-DME_US,BPI,Big Piney,VOR-DME,116500,42.57939910888672,-110.10900115966797,6949,US,116500,112X,,,,16.001,12.278,BOTH,HIGH,
86272,Brookmans_Park_VOR-DME_GB,BPK,Brookmans Park,VOR-DME,117500,51.749698638916016,-0.10666699707508087,382,GB,117500,122X,,,,-4.001,-2.186,BOTH,HIGH,
86274,Bari_NDB_IT,BPL,Bari,NDB,401,41.11029815673828,16.660400390625,,IT,,,,,,,2.306,TERMINAL,LOW,
86288,Bullion_VOR-DME_US,BQU,Bullion,VOR-DME,114500,40.759700775146484,-115.76100158691406,6464,US,114500,092X,,,,17.001,14.055,LO,MEDIUM,KEKO
86293,Budapest_NDB_HU,BR,Budapest,NDB,395,47.376800537109375,19.368200302124023,,HU,,,,,,,3.25,TERMINAL,LOW,
86305,Barajas_VOR-DME_ES,BRA,Barajas,VOR-DME,116450,40.46910095214844,-3.557539939880371,1962,ES,116450,111Y,40.469,-3.55766,1962,,-2.135,RNAV,HIGH,LEMD
86307,Barcial_Del_Barco_NDB_ES,BRB,Barcial Del Barco,NDB,292,41.932098388671875,-5.6668901443481445,,ES,,,,,,,-3.018,BOTH,LOW,
86309,Brindisi_VORTAC_IT,BRD,Brindisi,VORTAC,113200,40.61090087890625,18.002899169921875,85,IT,113200,079X,40.6107,18.0028,85,2.006,2.407,BOTH,HIGH,LIBR
86313,Brindisi_NDB_IT,BRD,Brindisi,NDB,364,40.605499267578125,18.008800506591797,,IT,,,,,,,2.407,BOTH,LOW,LIBR
86314,Braganca_NDB_PT,BRG,Braganca,NDB,358,41.79669952392578,-6.725279808044434,2241,PT,,,,,,,-3.23,BOTH,HIGH,LPBG
86316,Bristol_NDB_GB,BRI,Bristol,NDB,414,51.38140106201172,-2.7175400257110596,,GB,,,,,,,-3.148,LO,MEDIUM,EGGD
86318,Bruck_NDB_AT,BRK,Bruck,NDB,408,48.06290054321289,16.716699600219727,558,AT,,,,,,,2.53,TERMINAL,LOW,LOWW
86326,Berane_NDB_RS,BRN,Berane,NDB,322,42.87120056152344,19.903400421142578,,RS,,,,,,,3.088,BOTH,LOW,
86331,Barra_NDB_GB,BRR,Barra,NDB,316,57.02560043334961,-7.448919773101807,,GB,,,,,,,-6.348,LO,HIGH,EGPR
86340,Braunschweig_NDB_DE,BRU,Braunschweig,NDB,427,52.322200775146484,10.606200218200684,,DE,,,,,,,1.194,TERMINAL,LOW,EDVE
86345,Bray-sur-Seine_VOR-DME_FR,BRY,Bray-sur-Seine,VOR-DME,114100,48.40700149536133,3.2947800159454346,258,FR,114100,088X,,,,-2.007,-0.44,BOTH,HIGH,
86348,Breza_NDB_HR,BRZ,Breza,NDB,400,45.42359924316406,14.345399856567383,,HR,,,,,,,2.146,TERMINAL,HIGH,LDRI
86358,Bou_Saada_VOR-DME_DZ,BSA,Bou Saada,VOR-DME,115900,35.51530075073242,4.401669979095459,1328,DZ,115900,106X,,,,,0.017,BOTH,HIGH,DAAD
86359,Montichiari_VOR-DME_IT,BSA,Montichiari,VOR-DME,117700,45.4379997253418,10.315999984741211,332,IT,117700,124X,45.4378,10.3159,332,,1.204,BOTH,LOW,LIPO
86360,Bou_Saada_NDB_DZ,BSA,Bou Saada,NDB,335,35.350399017333984,4.225019931793213,,DZ,,,,,,,-0.007,BOTH,MEDIUM,DAAD
86365,Boursonne_VOR-DME_FR,BSN,Boursonne,VOR-DME,114850,49.18830108642578,3.0564699172973633,476,FR,114850,095Y,,,,,-0.53,BOTH,HIGH,
86366,Benson_TACAN_GB,BSO,Benson,TACAN,110000,51.614498138427734,-1.0994399785995483,226,GB,110000,037X,,,,,-2.399,BOTH,MEDIUM,EGUB
86367,Big_Sur_VORTAC_US,BSR,Big Sur,VORTAC,114000,36.18130111694336,-121.64199829101562,4085,US,114000,087X,,,,16.001,14.129,BOTH,MEDIUM,HGT
86369,Lanveoc_TACAN_FR,BST,Lanveoc,TACAN,114700,48.28459930419922,-4.4521098136901855,286,FR,114700,094X,,,,,-3.232,BOTH,HIGH,LFRL
86370,Lanveoc_NDB_FR,BST,Lanveoc,NDB,428,48.283599853515625,-4.432219982147217,,FR,,,,,,,-3.227,LO,LOW,LFRL
86376,Le Bourget_VOR-DME_FR,BT,Le Bourget,VOR-DME,116100,48.9747009277,2.45516991615,200,FR,108800,025X,,,,,-1.035,BOTH,HIGH,LFPB
86384,Bastia_VOR-DME_FR,BTA,Bastia,VOR-DME,114150,42.57360076904297,9.47482967376709,36,FR,114150,088Y,,,,0.007,1.094,BOTH,HIGH,LFKB
86389,Battle_Ground_VORTAC_US,BTG,Battle Ground,VORTAC,116600,45.747798919677734,-122.59200286865234,253,US,116600,113X,45.7477,-122.592,253,21.001,17.067,BOTH,HIGH,
86391,Barth_NDB_DE,BTH,Barth,NDB,373,54.338401794433594,12.686100006103516,45,DE,,,,,,,1.592,LO,LOW,EDBH
86395,Batna_VOR-DME_DZ,BTN,Batna,VOR-DME,115700,35.77149963378906,6.343790054321289,2786,DZ,115700,104X,,,,,0.266,BOTH,HIGH,DABT
86396,Batna_NDB_DZ,BTN,Batna,NDB,421,35.75170135498047,6.302219867706299,,DZ,,,,,,,0.279,BOTH,MEDIUM,DABT
86407,Beatty_VORTAC_US,BTY,Beatty,VORTAC,114700,36.80059814453125,-116.74800109863281,2925,US,114700,094X,,,,16.001,13.258,BOTH,HIGH,
86408,Biarritz_VOR-DME_FR,BTZ,Biarritz,VOR-DME,114150,43.46659851074219,-1.5102800130844116,233,FR,114150,088Y,,,,-3.007,-1.48,BOTH,HIGH,LFBZ
86421,Brussels_VOR-DME_BE,BUB,Brussels,VOR-DME,114600,50.9021987915,4.53806018829,187,BE,114600,093X,,,,-2.007,-0.335,BOTH,HIGH,EBBR
86424,Budapest_VOR-DME_HU,BUD,Budapest,VOR-DME,117300,47.450401306152344,19.249399185180664,531,HU,117300,120X,,,,4.007,3.238,BOTH,HIGH,LHBP
86426,Buchel_TACAN_DE,BUE,Buchel,TACAN,117100,50.1786994934082,7.069499969482422,1618,DE,117100,118X,,,,0.001,0.186,BOTH,HIGH,ETSB
86428,Bugac_VOR-DME_HU,BUG,Bugac,VOR-DME,113400,46.67770004272461,19.681699752807617,404,HU,113400,081X,,,,3.007,3.252,RNAV,HIGH,
86429,Bugac_NDB_HU,BUG,Bugac,NDB,430,46.6775016784668,19.682300567626953,,HU,,,,,,,3.252,BOTH,HIGH,
86437,Bruno_VOR-DME_BE,BUN,Bruno,VOR-DME,110600,51.11859893798828,4.841939926147461,69,BE,110600,043X,,,,,-0.286,LO,LOW,EBBR
86441,Burnham_NDB_GB,BUR,Burnham,NDB,421,51.51890182495117,-0.6772220134735107,,GB,,,,,,,-2.294,LO,LOW,
86454,Brough_NDB_GB,BV,Brough,NDB,372,53.725399017333984,-0.581483006477356,12,GB,,,,,,,-2.49,TERMINAL,LOW,GB-1216
86463,Bonneville_VORTAC_US,BVL,Bonneville,VORTAC,112300,40.72610092163086,-113.75700378417969,4220,US,112300,070X,,,,17.001,13.284,BOTH,HIGH,
86470,Beauvais_VOR_FR,BVS,Beauvais,VOR,115900,49.4364013671875,2.1531898975372314,,FR,,,,,,,-1.124,BOTH,HIGH,LFOB
86471,Skagit_Bay_View_NDB_US,BVS,Skagit/Bay View,NDB,240,48.46860122680664,-122.41899871826172,94,US,,,,,,,17.595,LO,LOW,
86497,Buckeye_VORTAC_US,BXK,Buckeye,VORTAC,110600,33.45349884033203,-112.82499694824219,1060,US,110600,043X,,,,14.001,11.442,BOTH,MEDIUM,
86503,Buckeburg_NDB_DE,BYC,Buckeburg,NDB,368,52.29119873046875,9.090999603271484,292,DE,,,,,,,0.505,TERMINAL,LOW,ETHB
86504,Burley_VOR-DME_US,BYI,Burley,VOR-DME,114100,42.5802001953125,-113.86599731445312,4230,US,114100,088X,,,,18.001,13.555,BOTH,MEDIUM,KBYI
86510,Biarritz_NDB_FR,BZ,Biarritz,NDB,341,43.47050094604492,-1.403689980506897,295,FR,,,,,,,-1.46,BOTH,LOW,LFBZ
86513,Brize_Norton_NDB_GB,BZ,Brize Norton,NDB,386,51.74919891357422,-1.6016199588775635,288,GB,,,,,,,-2.527,TERMINAL,LOW,EGVN
86515,Manni_NDB_US,BZ,Manni,NDB,266,45.87179946899414,-111.28600311279297,,US,,,,,,,13.391,TERMINAL,LOW,KBZN
86518,Bard_VORTAC_US,BZA,Bard,VORTAC,116800,32.76810073852539,-114.60299682617188,130,US,116800,115X,,,,14.001,12.039,BOTH,HIGH,
86524,Brize_Norton_TACAN_GB,BZN,Brize Norton,TACAN,111900,51.748199462890625,-1.6035300493240356,331,GB,111900,056X,,,,-4.011,-2.527,RNAV,HIGH,EGVN
86525,Bozeman_VOR-DME_US,BZN,Bozeman,VOR-DME,112400,45.78390121459961,-111.15499877929688,4430,US,112400,071X,,,,18.001,13.342,LO,HIGH,KBZN
86526,Bolzano_NDB_IT,BZO,Bolzano,NDB,362,46.463600158691406,11.321900367736816,,IT,,,,,,,1.347,BOTH,LOW,LIPB
86533,Parduc_NDB_HU,C,Parduc,NDB,352,47.34550094604492,17.511699676513672,,HU,,,,,,,3.01,LO,LOW,
86545,Cascais_NDB_PT,CA,Cascais,NDB,359,38.72560119628906,-9.358329772949219,,PT,,,,,,,-4.037,LO,LOW,LPCS
86549,Cazaux_TACAN_FR,CAA,Cazaux,TACAN,110800,44.53120040893555,-1.1360299587249756,74,FR,110800,045X,,,,,-1.465,BOTH,HIGH,LFBC
86551,Cazaux_NDB_FR,CAA,Cazaux,NDB,382,44.551300048828125,-1.1199699640274048,,FR,,,,,,,-1.463,BOTH,LOW,LFBC
86554,Caceres_NDB_ES,CAC,Caceres,NDB,380,39.528900146484375,-6.428850173950195,,ES,,,,,,,-3.061,BOTH,MEDIUM,
86559,Caernarfon_NDB_GB,CAE,Caernarfon,NDB,320,53.100101470947266,-4.33951997756958,1,GB,,,,,,,-4.137,TERMINAL,LOW,EGCK
86561,Cagliari_VOR-DME_IT,CAG,Cagliari,VOR-DME,113400,39.249000549316406,9.05408000946045,13,IT,113400,081X,39.2489,9.05397,13,,1.028,LO,MEDIUM,LIEE
86562,Cagliari_NDB_IT,CAG,Cagliari,NDB,371,39.214599609375,9.0974702835083,,IT,,,,,,,1.033,LO,LOW,LIEE
86568,Cameri_TACAN_IT,CAM,Cameri,TACAN,115000,45.5702018737793,8.657529830932617,692,IT,115000,097X,,,,,0.561,BOTH,HIGH,LIMN
86571,Cameri_NDB_IT,CAM,Cameri,NDB,323,45.4286003112793,8.700779914855957,,IT,,,,,,,0.57,TERMINAL,LOW,LIMN
86572,Cambridge_NDB_GB,CAM,Cambridge,NDB,333,52.21080017089844,0.18279199302196503,,GB,,,,,,,-2.163,TERMINAL,LOW,EGSC
86573,Caen_VOR_FR,CAN,Caen,VOR,114450,49.173195,-0.455282,256,FR,,,,,,-4,-2,BOTH,HIGH,LFRK
86574,Carney_NDB_US,CAN,Carney,NDB,274,47.41059875488281,-122.83899688720703,,US,,,,,,,17.425,TERMINAL,LOW,KPWT
86578,Carbonara_VOR-DME_IT,CAR,Carbonara,VOR-DME,115100,39.11140060424805,9.508060455322266,167,IT,115100,098X,,,,0.007,1.08,RNAV,HIGH,
86580,Carnane_NDB_IM,CAR,Carnane,NDB,367,54.1411018371582,-4.49167013168335,,IM,,,,,,,-4.311,BOTH,HIGH,EGNS
86581,Carbonara_NDB_IT,CAR,Carbonara,NDB,402,39.111698150634766,9.509169578552246,,IT,,,,,,,1.08,BOTH,LOW,
86583,Caselle_TACAN_IT,CAS,Caselle,TACAN,109500,45.19380187988281,7.652810096740723,961,IT,109500,032X,,,,,0.415,BOTH,HIGH,LIMF
86584,Cascais_VOR-DME_PT,CAS,Cascais,VOR-DME,114300,38.74829864501953,-9.361940383911133,326,PT,114300,090X,,,,,-4.039,BOTH,HIGH,LPCS
86585,Caselle_NDB_IT,CAS,Caselle,NDB,357,45.12350082397461,7.64532995223999,,IT,,,,,,,0.416,BOTH,LOW,LIMF
86588,Catania_VOR-DME_IT,CAT,Catania,VOR-DME,112100,37.456199645996094,14.969300270080566,217,IT,112100,058X,,,,2.007,2.016,RNAV,HIGH,LICZ
86591,Catania_NDB_IT,CAT,Catania,NDB,345,37.45690155029297,14.965700149536133,,IT,,,,,,,2.015,BOTH,LOW,LICC
86593,Vatry_VOR-DME_FR,CAV,Vatry,VOR-DME,111650,48.78110122680664,4.146940231323242,538,FR,111650,053Y,,,,,-0.298,LO,MEDIUM,LFOK
86606,Coimbra_NDB_PT,CB,Coimbra,NDB,426,40.16059875488281,-8.471940040588379,,PT,,,,,,,-3.512,LO,MEDIUM,LPCO
86623,Campbeltown_NDB_GB,CBL,Campbeltown,NDB,380,55.43560028076172,-5.688069820404053,44,GB,,,,,,,-5.207,BOTH,LOW,EGEC
86626,Cap_Bon_VOR_TN,CBN,Cap Bon,VOR,112700,36.895599365234375,11.088299751281738,,TN,,,,,,0.007,1.219,BOTH,HIGH,
86627,Cumbernauld_NDB-DME_GB,CBN,Cumbernauld,NDB-DME,374,55.97560119628906,-3.974720001220703,370,GB,117550,122Y,55.9756,-3.99111,370,,-4.427,LO,LOW,EGPG
86629,Columbia_TACAN_US,CBU,Columbia,TACAN,109200,45.588600158691406,-122.61100006103516,22,US,109200,029X,,,,20.001,17.038,BOTH,HIGH,KPDX
86630,Chambery_VOR-DME_FR,CBY,Chambery,VOR-DME,115400,45.881900787353516,5.757309913635254,4783,FR,115400,101X,,,,,0.098,LO,MEDIUM,
86632,Charleroi_Lctr_NDB_BE,CC,Charleroi Lctr,NDB,389,50.46889877319336,4.484720230102539,,BE,,,,,,,-0.321,TERMINAL,LOW,
86637,Kanan_NDB_US,CC,Kanan,NDB,335,38.0463981628418,-122.03299713134766,5,US,,,,,,,14.46,TERMINAL,LOW,
86640,Calamocha_NDB_ES,CCH,Calamocha,NDB,375,40.902400970458984,-1.2983100414276123,,ES,,,,,,,-1.333,LO,MEDIUM,
86646,Concord_VOR-DME_US,CCR,Concord,VOR-DME,117000,38.044898986816406,-122.04499816894531,5,US,117000,117X,,,,17.001,14.461,LO,LOW,
86647,Caceres_VOR-DME_ES,CCS,Caceres,VOR-DME,114200,39.52450180053711,-6.43474006652832,1394,ES,114200,089X,39.5246,-6.43468,1394,-4.007,-3.062,BOTH,HIGH,
86655,Codan_VOR-DME_DK,CDA,Codan,VOR-DME,114900,55.00149917602539,12.379199981689453,90,DK,114900,096X,,,,2.008,1.532,RNAV,HIGH,
86657,Cordoba_VOR-DME_ES,CDB,Cordoba,VOR-DME,112400,37.84590148925781,-4.844979763031006,325,ES,112400,071X,37.8459,-4.84491,325,,-2.296,LO,HIGH,LEBA
86658,Caraffa_VORTAC_IT,CDC,Caraffa,VORTAC,117300,38.75590133666992,16.36910057067871,3273,IT,117300,120X,,,,1.007,2.186,BOTH,HIGH,
86659,Cedar_City_VOR-DME_US,CDC,Cedar City,VOR-DME,117300,37.78730010986328,-113.06800079345703,5464,US,117300,120X,,,,16.001,12.382,BOTH,HIGH,KCDC
86660,Drewitz_DME_DE,CDD,Drewitz,DME,112050,51.887001037597656,14.531999588012695,292,DE,112050,057Y,,,,,2.301,LO,LOW,DE-0875
86663,Châteaudun_NDB_FR,CDN,Châteaudun,NDB,360,48.062400817871094,1.3636399507522583,433,FR,,,,,,,-1.192,LO,LOW,LFOC
86669,Capdepera_VOR-DME_ES,CDP,Capdepera,VOR-DME,112900,39.69770050048828,3.4343700408935547,778,ES,112900,076X,39.6975,3.43406,778,-1.507,-0.126,BOTH,HIGH,
86677,Cepin_NDB_HR,CE,Cepin,NDB,372,45.52840042114258,18.559999465942383,305,HR,,,,,,,3.063,BOTH,MEDIUM,LDOC
86682,Crescent_City_VORTAC_US,CEC,Crescent City,VORTAC,109000,41.779598236083984,-124.24099731445312,50,US,109000,027X,,,,19.001,16.088,BOTH,MEDIUM,KCEC
86686,Celle_NDB_DE,CEL,Celle,NDB,311,52.589698791503906,10.029500007629395,173,DE,,,,,,,1.08,BOTH,LOW,ETHC
86691,Ceuta_NDB-DME_ES,CEU,Ceuta,NDB-DME,300,35.892601013183594,-5.3054399490356445,39,ES,117750,124Y,35.8926,-5.30528,39,,-2.344,TERMINAL,MEDIUM,GECE
86692,Cervia_TACAN_IT,CEV,Cervia,TACAN,113600,44.20650100708008,12.357199668884277,53,IT,113600,083X,,,,,1.474,BOTH,HIGH,LIPC
86693,Cervia_NDB_IT,CEV,Cervia,NDB,387,44.2677001953125,12.180100440979004,,IT,,,,,,,1.452,BOTH,LOW,LIPC
86699,Caslav_NDB_CZ,CF,Caslav,NDB,346,49.90399932861328,15.432900428771973,,CZ,,,,,,,2.401,BOTH,HIGH,LKCV
86700,Clermont_VOR-DME_FR,CFA,Clermont,VOR-DME,114350,45.787498474121094,3.192189931869507,1093,FR,114350,090Y,,,,,-0.333,BOTH,HIGH,LFLC
86702,Cranfield_VOR_GB,CFD,Cranfield,VOR,116500,52.07419967651367,-0.6107919812202454,357,GB,,,,,,-4.001,-2.331,BOTH,HIGH,EGTC
86706,Donegal_NDB_IE,CFN,Donegal,NDB,361,55.04399871826172,-8.339280128479004,,IE,,,,,,,-6.262,LO,LOW,EIDL
86715,Arlanda_NDB_SE,CG,Arlanda,NDB,352,59.53889846801758,17.920900344848633,,SE,,,,,,,4.132,TERMINAL,LOW,ESSA
86718,Cognac_TACAN_FR,CGC,Cognac,TACAN,116200,45.6614990234375,-0.30786100029945374,93,FR,116200,109X,,,,,-1.371,BOTH,HIGH,LFBG
86719,Cognac_NDB_FR,CGC,Cognac,NDB,354,45.6693000793457,-0.306194007396698,113,FR,,,,,,,-1.371,BOTH,MEDIUM,LFBG
86725,Charles de Gaulle_VOR-DME_FR,CGN,Charles de Gaulle,VOR-DME,115350,49.019901275634766,2.500109910964966,356,FR,115350,100Y,,,,,-1.029,TERMINAL,HIGH,LFPG
86733,Cagnes_Sur_Mer_VOR-DME_FR,CGS,Cagnes Sur Mer,VOR-DME,109200,43.645198822021484,7.1459197998046875,13,FR,109200,029X,,,,,0.364,LO,MEDIUM,LFMN
86735,Coningsby_TACAN_GB,CGY,Coningsby,TACAN,111100,53.090999603271484,-0.16897499561309814,24,GB,111100,048X,,,,-4.011,-2.328,BOTH,HIGH,EGXC
86745,Schiphol_NDB_NL,CH,Schiphol,NDB,389,52.22060012817383,4.557600021362305,,NL,,,,,,,-0.407,TERMINAL,LOW,
86750,Charlie_VOR_DE,CHA,Charlie,VOR,115500,49.92110061645508,9.039810180664062,532,DE,,,,,,,0.549,BOTH,LOW,DE-0881
86753,Chandler_NDB_US,CHD,Chandler,NDB,407,33.26649856567383,-111.80799865722656,1234,US,,,,,,,11.23,LO,LOW,
86756,Cherchell_NDB_DZ,CHE,Cherchell,NDB,397,36.60139846801758,2.1933300495147705,,DZ,,,,,,,-0.287,BOTH,LOW,
86764,Chioggia_VOR-DME_IT,CHI,Chioggia,VOR-DME,114100,45.07120132446289,12.281399726867676,33,IT,114100,088X,,,,0.007,1.473,BOTH,HIGH,
86767,Chioggia_NDB_IT,CHI,Chioggia,NDB,408,45.071800231933594,12.281399726867676,,IT,,,,,,,1.473,TERMINAL,LOW,
86773,Chociwel_NDB_PL,CHO,Chociwel,NDB,375,53.47529983520508,15.333000183105469,,PL,,,,,,,2.485,BOTH,HIGH,
86778,Chiltern_NDB_GB,CHT,Chiltern,NDB,277,51.62310028076172,-0.5183330178260803,,GB,,,,,,,-2.267,LO,LOW,EGWU
86782,Chartres_VOR-DME_FR,CHW,Chartres,VOR-DME,115200,48.47999954223633,0.9870560169219971,702,FR,115200,099X,,,,-3.007,-1.295,BOTH,HIGH,
86793,Ciampino_NDB_IT,CIA,Ciampino,NDB,412,41.864898681640625,12.560799598693848,,IT,,,,,,,1.469,BOTH,MEDIUM,LIRA
86796,Chico_VOR-DME_US,CIC,Chico,VOR-DME,109800,39.789798736572266,-121.84700012207031,220,US,109800,035X,,,,16.001,15.126,LO,LOW,
86801,Choteau_NDB_US,CII,Choteau,NDB,269,47.8224983215332,-112.1709976196289,3938,US,,,,,,,14.301,LO,LOW,
86810,Chièvres_VOR_BE,CIV,Chièvres,VOR,113200,50.57389831542969,3.832779884338379,221,BE,,,,,,-1.307,-0.458,BOTH,HIGH,EBCV
86811,Chièvres_TACAN_BE,CIV,Chièvres,TACAN,113200,50.57229995727539,3.8218300342559814,185,BE,113200,079X,,,,-2.007,-0.46,BOTH,HIGH,EBCV
86816,Castejon_VOR-DME_ES,CJN,Castejon,VOR-DME,115600,40.37200164794922,-2.544610023498535,3501,ES,115600,103X,40.3718,-2.54466,3501,-3.007,-1.542,BOTH,HIGH,
86821,Prerov_NDB_CZ,CK,Prerov,NDB,441,49.407100677490234,17.33919906616211,,CZ,,,,,,,3.069,TERMINAL,MEDIUM,LKPO
86844,Elwha_NDB_US,CL,Elwha,NDB,515,48.142398834228516,-123.66999816894531,1069,US,,,,,,,18.065,LO,LOW,KCLM
86851,Calella_VOR-DME_ES,CLE,Calella,VOR-DME,115350,41.63999938964844,2.6346700191497803,1351,ES,115350,100Y,41.64,2.6345,1411,,-0.287,TERMINAL,LOW,
86856,Coulommiers_VOR-DME_FR,CLM,Coulommiers,VOR-DME,112900,48.844600677490234,3.013859987258911,486,FR,112900,076X,,,,,-0.518,BOTH,HIGH,LFPK
86857,Clacton_VOR-DME_GB,CLN,Clacton,VOR-DME,114550,51.8484001159668,1.1476099491119385,100,GB,114550,092Y,,,,-3.006,-1.515,RNAV,HIGH,
86861,Colmar_TACAN_FR,CLR,Colmar,TACAN,110000,47.929298400878906,7.399970054626465,693,FR,110000,037X,,,,,0.315,BOTH,HIGH,FR-1239
86862,Calles_VOR-DME_ES,CLS,Calles,VOR-DME,117550,39.70719909667969,-0.986316978931427,1839,ES,117550,122Y,39.7072,-0.986433,1839,,-1.242,BOTH,HIGH,
86866,Caumont_NDB_FR,CM,Caumont,NDB,369,43.90829849243164,4.905360221862793,124,FR,,,,,,,0.018,LO,LOW,LFMV
86870,Calamocha_VOR-DME_ES,CMA,Calamocha,VOR-DME,116000,40.8672981262207,-1.298050045967102,3150,ES,116000,107X,40.8672,-1.29797,3150,-2.007,-1.333,BOTH,HIGH,
86872,Camarillo_VOR-DME_US,CMA,Camarillo,VOR-DME,115800,34.212501525878906,-119.09400177001953,62,US,115800,105X,,,,15.009,13.187,LO,MEDIUM,
86874,Cambrai_VORTAC_FR,CMB,Cambrai,VORTAC,112600,50.22809982299805,3.1514999866485596,257,FR,112600,073X,50.2232,3.15089,,-3.007,-0.574,BOTH,HIGH,FR-1238
86881,Clonmel_NDB_IE,CML,Clonmel,NDB,387,52.453800201416016,-7.480070114135742,,IE,,,,,,,-5.241,BOTH,MEDIUM,
86882,Camogli_NDB_IT,CMO,Camogli,NDB,389,44.34579849243164,9.171110153198242,,IT,,,,,,,1.047,BOTH,LOW,
86883,Campagnano_VOR-DME_IT,CMP,Campagnano,VOR-DME,111400,42.12379837036133,12.381500244140625,1442,IT,111400,051X,,,,1.007,1.451,BOTH,HIGH,
86885,Campagnano_NDB_IT,CMP,Campagnano,NDB,302,42.125,12.380399703979492,,IT,,,,,,,1.452,LO,LOW,
86898,Piestany_NDB_SK,CN,Piestany,NDB,453,48.57080078125,17.808399200439453,,SK,,,,,,,3.1,BOTH,HIGH,
86903,Cognac_VOR-DME_FR,CNA,Cognac,VOR-DME,114650,45.65959930419922,-0.3116390109062195,85,FR,114650,093Y,,,,-3.007,-1.371,BOTH,HIGH,LFBG
86908,Constantine_NDB_DZ,CNE,Constantine,NDB,397,36.19029998779297,6.727180004119873,,DZ,,,,,,,0.318,BOTH,MEDIUM,DABC
86909,Caen_NDB_FR,CNE,Caen,NDB,404,49.115699768066406,-0.32124999165534973,,FR,,,,,,,-2.009,LO,LOW,LFRK
86918,Cannes_VOR_FR,CNM,Cannes,VOR,111400,43.56039810180664,6.870940208435059,,FR,,,,,,-1.007,0.325,BOTH,HIGH,LFMD
86923,Colmenar_VOR-DME_ES,CNR,Colmenar,VOR-DME,117300,40.645999908447266,-3.735840082168579,2690,ES,117300,120X,40.646,-3.73569,2690,-3.007,-2.176,BOTH,HIGH,
86936,Leeny_NDB_US,CO,Leeny,NDB,347,47.742801666259766,-116.96099853515625,2153,US,,,,,,,16.199,TERMINAL,MEDIUM,
86938,Costa_VOR-DME_BE,COA,Costa,VOR-DME,110050,51.34809875488281,3.3552799224853516,30,BE,110050,037Y,,,,-3.207,-1.004,BOTH,HIGH,
86940,La_Coruna_NDB_ES,COA,La Coruna,NDB,401,43.36539840698242,-8.32826042175293,,ES,,,,,,,-4.048,BOTH,MEDIUM,LECO
86943,Codogno_NDB_IT,COD,Codogno,NDB,401,45.22629928588867,9.541170120239258,,IT,,,,,,,1.094,TERMINAL,LOW,
86944,Coeur_D_Alene_VOR-DME_US,COE,Coeur D Alene,VOR-DME,108800,47.77370071411133,-116.82099914550781,2290,US,108800,025X,,,,19.001,16.177,BOTH,LOW,
86949,Cola_VORTAC_DE,COL,Cola,VORTAC,108800,50.78350067138672,7.5941901206970215,990,DE,108800,025X,,,,0.009,0.263,RNAV,HIGH,EDDK
86955,Compt0n_Abbas_NDB_GB,COM,Compt0n Abbas,NDB,350,50.96620178222656,-2.15516996383667,,GB,,,,,,,-2.576,LO,LOW,EGHA
86960,Connaught_VOR-DME_IE,CON,Connaught,VOR-DME,117400,53.90800094604492,-8.820099830627441,700,IE,117400,121X,,,,-8.007,-6.165,BOTH,HIGH,EIKN
86967,Cordoba_NDB_ES,COR,Cordoba,NDB,366,37.84270095825195,-4.8468098640441895,,ES,,,,,,,-2.296,LO,LOW,LEBA
86968,Corner_NDB_SE,COR,Corner,NDB,388,59.26139831542969,17.484100341796875,,SE,,,,,,,4.008,LO,HIGH,
86974,Covilha_NDB_PT,COV,Covilha,NDB,360,40.299198150634766,-7.425829887390137,,PT,,,,,,,-3.298,LO,LOW,
86979,Parduc_NDB_HU,CP,Parduc,NDB,481,47.3202018737793,17.525299072265625,,HU,,,,,,,3.011,TERMINAL,LOW,LHPA
86981,Caparica_NDB_PT,CP,Caparica,NDB,389,38.64229965209961,-9.22152042388916,,PT,,,,,,,-4.005,TERMINAL,LOW,LPPT
86989,Compiègne_VOR-DME_FR,CPE,Compiègne,VOR-DME,109650,49.43280029296875,2.7993600368499756,288,FR,109650,033Y,,,,,-0.595,BOTH,HIGH,LFAD
86992,Compton_NDB_US,CPM,Compton,NDB,378,33.88890075683594,-118.24700164794922,97,US,,,,,,,13.049,TERMINAL,LOW,
86995,Coppertown_VOR-DME_US,CPN,Coppertown,VOR-DME,111600,46.03200149536133,-112.74800109863281,5780,US,111600,053X,,,,16.001,14.187,LO,MEDIUM,KBTM
86998,Compton_VOR-DME_GB,CPT,Compton,VOR-DME,114350,51.49169921875,-1.2197200059890747,498,GB,114350,090Y,,,,-4.006,-2.414,BOTH,HIGH,
87025,Conrad_NDB_US,CRD,Conrad,NDB,293,48.18560028076172,-111.91400146484375,,US,,,,,,,14.286,LO,LOW,
87027,Cres_NDB_HR,CRE,Cres,NDB,433,44.90290069580078,14.416500091552734,,HR,,,,,,,2.144,BOTH,LOW,LDPL
87034,Cork_VOR-DME_IE,CRK,Cork,VOR-DME,114600,51.840599060058594,-8.494270324707031,500,IE,114600,093X,,,,-7.007,-5.413,BOTH,HIGH,EICK
87035,Creil_VORTAC_FR,CRL,Creil,VORTAC,109200,49.25529861450195,2.514780044555664,325,FR,109200,029X,49.256,2.51728,,,-1.04,HI,HIGH,LFPC
87041,Crotone_VOR-DME_IT,CRN,Crotone,VOR-DME,117100,38.99610137939453,17.083099365234375,522,IT,117100,118X,,,,1.007,2.262,BOTH,HIGH,LIBC
87042,Galway_NDB_IE,CRN,Galway,NDB,342,53.299400329589844,-8.940879821777344,,IE,,,,,,,-6.102,LO,MEDIUM,EICM
87064,Caselle_VOR-DME_IT,CSL,Caselle,VOR-DME,116750,45.21969985961914,7.649569988250732,1007,IT,116750,114Y,,,,,0.414,BOTH,HIGH,LIMF
87065,Castelsarrasin_Moissac_NDB_FR,CSM,Castelsarrasin Moissac,NDB,327,44.087100982666016,1.1307799816131592,,FR,,,,,,,-1.024,BOTH,LOW,LFCX
87067,Constantine_VOR-DME_DZ,CSO,Constantine,VOR-DME,115500,36.292598724365234,6.6055498123168945,2303,DZ,115500,102X,,,,,0.304,BOTH,HIGH,DABC
87069,Costix_NDB_ES,CST,Costix,NDB,351,39.64139938354492,2.9156200885772705,,ES,,,,,,,-0.204,LO,MEDIUM,
87077,Cut_Bank_VORTAC_US,CTB,Cut Bank,VORTAC,114400,48.56489944458008,-112.34300231933594,3780,US,114400,091X,,,,17.001,14.46,LO,MEDIUM,KCTB
87079,Castejon_NDB_ES,CTE,Castejon,NDB,362,40.3838996887207,-2.5227999687194824,,ES,,,,,,,-1.537,LO,LOW,
87080,Catania_Fontanarossa_VOR-DME_IT,CTF,Catania Fontanarossa,VOR-DME,116250,37.46440124511719,15.0625,45,IT,116250,109Y,,,,,2.025,BOTH,HIGH,LICC
87082,Catania_Fontanarossa_NDB_IT,CTF,Catania Fontanarossa,NDB,407,37.463600158691406,15.062600135803223,,IT,,,,,,,2.025,BOTH,MEDIUM,LICC
87086,Châtillon-sur-Marne_VOR-DME_FR,CTL,Châtillon-sur-Marne,VOR-DME,117600,49.137699127197266,3.5776898860931396,641,FR,117600,123X,,,,-3.007,-0.426,BOTH,HIGH,
87088,Cottesmore_TACAN_GB,CTM,Cottesmore,TACAN,112300,52.73540115356445,-0.6507689952850342,452,GB,112300,070X,,,,-4.011,-2.405,BOTH,LOW,GB-1224
87098,Châteauroux_NDB_FR,CTX,Châteauroux,NDB,428,46.93659973144531,1.8011399507522583,539,FR,,,,,,,-1.042,BOTH,MEDIUM,LFLX
87130,Calvi_NDB_FR,CV,Calvi,NDB,375,42.57699966430664,8.80657958984375,,FR,,,,,,,1.006,BOTH,HIGH,LFKC
87131,Dubrovnik_NDB_HR,CV,Dubrovnik,NDB,397,42.585201263427734,18.212600708007812,88,HR,,,,,,,2.504,TERMINAL,LOW,LDDU
87132,Abeta_NDB_US,CV,Abeta,NDB,233,40.964500427246094,-124.0989990234375,218,US,,,,,,,15.531,TERMINAL,LOW,KACV
87137,Corvatsch_DME_CH,CVA,Corvatsch,DME,112050,46.41809844970703,9.821669578552246,10987,CH,112050,057Y,,,,,1.122,BOTH,HIGH,
87150,Corvallis_VOR-DME_US,CVO,Corvallis,VOR-DME,115400,44.49959945678711,-123.29399871826172,250,US,115400,101X,,,,18.001,16.502,BOTH,HIGH,KCVO
87151,Capitol_NDB_US,CVP,Capitol,NDB,335,46.6067008972168,-111.93699645996094,,US,,,,,,,14.065,TERMINAL,MEDIUM,KHLN
87154,Cuatro_Vientos_NDB_ES,CVT,Cuatro Vientos,NDB,285,40.367801666259766,-3.7734100818634033,,ES,,,,,,,-2.172,BOTH,LOW,
87155,Penn_Cove_VOR-DME_US,CVV,Penn Cove,VOR-DME,117200,48.24470138549805,-122.7239990234375,200,US,117200,119X,,,,19.01,17.584,LO,MEDIUM,
87167,Cranwell_NDB_GB,CWL,Cranwell,NDB,423,53.02629852294922,-0.48898300528526306,,GB,,,,,,,-2.396,TERMINAL,LOW,EGYD
87174,Cranwell_TACAN_GB,CWZ,Cranwell,TACAN,117400,53.02859878540039,-0.4855000078678131,218,GB,117400,121X,,,,-4.011,-2.396,BOTH,HIGH,EGYD
87202,Czempin_VOR-DME_PL,CZE,Czempin,VOR-DME,114500,52.13059997558594,16.727100372314453,295,PL,114500,092X,,,,1.007,3.084,BOTH,HIGH,
87203,Czempin_NDB_PL,CZE,Czempin,NDB,409,52.13639831542969,16.72879981994629,,PL,,,,,,,3.085,BOTH,MEDIUM,
87214,Clovis_VORTAC_US,CZQ,Clovis,VORTAC,112900,36.884300231933594,-119.81500244140625,363,US,112900,076X,,,,15.001,14.054,BOTH,HIGH,KFAT
87224,Dejvice_NDB_CZ,D,Dejvice,NDB,429,50.08530044555664,14.292400360107422,,CZ,,,,,,,2.226,TERMINAL,LOW,
87225,Line_NDB_CZ,D,Line,NDB,398,49.683101654052734,13.29419994354248,,CZ,,,,,,,2.062,TERMINAL,MEDIUM,LKLN
87226,Tokol_NDB_HU,D,Tokol,NDB,300,47.329498291015625,19.001100540161133,333,HU,,,,,,,3.201,TERMINAL,LOW,LHTL
87227,David_NDB_SK,D,David,NDB,429,48.1864013671875,17.2362003326416,,SK,,,,,,,3.006,TERMINAL,LOW,
87242,Ales_NDB_FR,DA,Ales,NDB,402,44.06639862060547,4.14231014251709,681,FR,,,,,,,-0.089,TERMINAL,LOW,LFMS
87249,Dalen_NDB_NO,DA,Dalen,NDB,404,59.26190185546875,10.256999969482422,,NO,,,,,,,1.015,TERMINAL,LOW,
87256,Daggett_VORTAC_US,DAG,Daggett,VORTAC,113200,34.962501525878906,-116.5780029296875,1760,US,113200,079X,,,,15.001,12.587,BOTH,MEDIUM,KBYS
87268,Podgorica_NDB_RS,DAN,Podgorica,NDB,312,42.54499816894531,19.12350082397461,,RS,,,,,,,2.595,TERMINAL,LOW,LYPG
87271,Dragoo_NDB_US,DAO,Dragoo,NDB,410,31.5856990814209,-110.34400177001953,4654,US,,,,,,,10.419,TERMINAL,LOW,KFHU
87272,Dublin_VOR-DME_IE,DAP,Dublin,VOR-DME,111200,53.42359924316406,-6.3027801513671875,280,IE,111200,049X,,,,-6.007,-5.06,BOTH,HIGH,EIDW
87275,Darlowo_VOR-DME_PL,DAR,Darlowo,VOR-DME,114200,54.41019821166992,16.388099670410156,98,PL,114200,089X,,,,2.007,3.116,BOTH,HIGH,
87289,Dubrovnik_VOR-DME_HR,DBK,Dubrovnik,VOR-DME,115400,42.55379867553711,18.27739906311035,525,HR,115400,101X,,,,2.007,2.509,BOTH,HIGH,LDDU
87293,Helmholtz_NDB_DE,DBR,Helmholtz,NDB,347,52.468299865722656,13.295299530029297,,DE,,,,,,,2.092,LO,LOW,DE-0456
87295,Dubois_VORTAC_US,DBS,Dubois,VORTAC,116900,44.08890151977539,-112.20899963378906,4915,US,116900,116X,,,,15.001,13.388,BOTH,HIGH,
87296,Dubove_NDB_SK,DBV,Dubove,NDB,310,48.85810089111328,18.799400329589844,,SK,,,,,,,3.251,BOTH,HIGH,
87308,Dean_Cross_VOR-DME_GB,DCS,Dean Cross,VOR-DME,115200,54.721900939941406,-3.340559959411621,700,GB,115200,099X,,,,-5.607,-4.092,BOTH,HIGH,
87311,Oostende_NDB_BE,DD,Oostende,NDB,353,51.19390106201172,2.8350000381469727,,BE,,,,,,,-1.102,TERMINAL,LOW,
87329,Decimomannu_TACAN_IT,DEC,Decimomannu,TACAN,108200,39.381099700927734,8.965559959411621,198,IT,108200,019X,,,,,1.018,BOTH,HIGH,LIED
87330,Decimomannu_NDB_IT,DEC,Decimomannu,NDB,331,39.36360168457031,8.974169731140137,,IT,,,,,,,1.019,RNAV,LOW,LIED
87338,Derventa_VOR-DME_BA,DER,Derventa,VOR-DME,112400,44.984100341796875,17.96940040588379,436,BA,112400,071X,,,,1.007,2.572,BOTH,HIGH,
87340,Detling_VOR-DME_GB,DET,Detling,VOR-DME,117300,51.30390167236328,0.5972219705581665,645,GB,117300,120X,,,,-3.007,-1.591,BOTH,HIGH,
87355,Digne_VOR_FR,DGN,Digne,VOR,113850,43.99140167236328,6.100830078125,,FR,,,,,,0.007,0.202,BOTH,HIGH,
87357,Domingo_VOR-DME_ES,DGO,Domingo,VOR-DME,112600,42.45330047607422,-2.8807098865509033,2126,ES,112600,073X,42.4534,-2.88059,2126,-3.007,-2.092,BOTH,HIGH,
87362,Helgoland_VOR-DME_DE,DHE,Helgoland,VOR-DME,116300,54.185699462890625,7.910699844360352,44,DE,116300,110X,,,,0.007,0.206,BOTH,HIGH,EDXH
87377,Dijon_TACAN_FR,DIJ,Dijon,TACAN,113500,47.27190017700195,5.091529846191406,726,FR,113500,082X,,,,-1.007,-0.06,BOTH,HIGH,LFSD
87379,Diekirch_VOR-DME_LU,DIK,Diekirch,VOR-DME,114400,49.86140060424805,6.129720211029053,1109,LU,114400,091X,,,,-1.007,0.024,BOTH,HIGH,
87380,Diekirch_NDB_LU,DIK,Diekirch,NDB,307,49.86140060424805,6.129720211029053,,LU,,,,,,,0.024,BOTH,HIGH,
87383,Dinard_VOR-DME_FR,DIN,Dinard,VOR-DME,114300,48.58610153198242,-2.0823299884796143,213,FR,114300,090X,,,,-4.007,-2.34,BOTH,HIGH,LFRD
87384,Planter_NDB_DE,DIP,Planter,NDB,327,52.472900390625,13.468299865722656,,DE,,,,,,,2.123,LO,LOW,DE-0456
87396,Dijon_VOR-DME_FR,DJL,Dijon,VOR-DME,111450,47.27080154418945,5.097330093383789,726,FR,111450,051Y,,,,,-0.059,BOTH,HIGH,LFSD
87404,Dinkelsbuhl_VORTAC_DE,DKB,Dinkelsbuhl,VORTAC,117800,49.142799377441406,10.238300323486328,1790,DE,117800,125X,,,,1.009,1.165,BOTH,HIGH,EDND
87411,Dunker_VOR_SE,DKR,Dunker,VOR,116800,59.20719909667969,17.012100219726562,,SE,,,,,,3.001,3.491,RNAV,HIGH,
87412,Arlanda_NDB_SE,DL,Arlanda,NDB,360,59.70859909057617,17.98069953918457,,SE,,,,,,,4.158,TERMINAL,LOW,ESSA
87418,Leine_VOR-DME_DE,DLE,Leine,VOR-DME,115200,52.250301361083984,9.883500099182129,398,DE,115200,099X,,,,1.009,1.058,BOTH,HIGH,
87423,Deelen_TACAN_NL,DLN,Deelen,TACAN,112200,52.05720138549805,5.872779846191406,158,NL,112200,059X,,,,,-0.126,BOTH,HIGH,EHDL
87424,Dillon_VOR-DME_US,DLN,Dillon,VOR-DME,113000,45.248600006103516,-112.5469970703125,5260,US,113000,077X,,,,18.001,14.027,BOTH,HIGH,
87426,Lubars_NDB_DE,DLS,Lubars,NDB,414,52.61389923095703,13.36359977722168,,DE,,,,,,,2.106,LO,MEDIUM,
87436,Davis_Monthan_TACAN_US,DMA,Davis Monthan,TACAN,117600,32.1599006652832,-110.88099670410156,2663,US,117600,123X,,,,12.002,10.572,BOTH,MEDIUM,KDMA
87439,Munchen_DME_DE,DMN,Munchen,DME,116000,48.36690139770508,11.793999671936035,1463,DE,116000,107X,,,,,1.418,TERMINAL,LOW,EDDM
87442,Munchen_DME_DE,DMS,Munchen,DME,108600,48.3406982421875,11.778200149536133,1495,DE,108600,023X,,,,,1.416,TERMINAL,LOW,EDDM
87453,Mostar_NDB_BA,DNC,Mostar,NDB,425,43.13750076293945,17.847400665283203,1707,BA,,,,,,,2.486,TERMINAL,LOW,LQMO
87454,Dundee_NDB_GB,DND,Dundee,NDB,394,56.455101013183594,-3.114919900894165,,GB,,,,,,,-4.262,TERMINAL,LOW,EGPN
87455,Dresden_DME_DE,DND,Dresden,DME,115400,51.12950134277344,13.757599830627441,778,DE,115400,101X,,,,,2.155,TERMINAL,LOW,EDDC
87458,Donnelly_VORTAC_US,DNJ,Donnelly,VORTAC,116200,44.7671012878418,-116.20600128173828,7300,US,116200,109X,,,,19.001,15.142,BOTH,HIGH,
87465,Dunoir_VOR-DME_US,DNW,Dunoir,VOR-DME,117200,43.82830047607422,-110.33499908447266,7720,US,117200,119X,,,,15.001,12.479,BOTH,HIGH,
87487,Dolsko_VOR-DME_SI,DOL,Dolsko,VOR-DME,112700,46.08409881591797,14.778599739074707,2047,SI,112700,074X,,,,1.007,2.215,BOTH,HIGH,LJLJ
87488,Dortmund_VOR-DME_DE,DOM,Dortmund,VOR-DME,112700,51.70949935913086,7.587130069732666,298,DE,112700,074X,,,,0.009,0.23,BOTH,HIGH,EDLW
87491,Donna_NDB_DK,DON,Donna,NDB,355,55.47460174560547,5.133059978485107,,DK,,,,,,,-0.483,LO,MEDIUM,
87492,Donaueschingen_DME_DE,DON,Donaueschingen,DME,110550,47.96070098876953,8.522549629211426,2212,DE,110550,042Y,,,,,0.501,TERMINAL,LOW,EDTD
87493,Wickede_VOR-DME_DE,DOR,Wickede,VOR-DME,108650,51.525299072265625,7.6310601234436035,373,DE,108650,023Y,,,,0.009,0.245,LO,HIGH,EDLW
87497,Diepholz_NDB_DE,DP,Diepholz,NDB,325,52.59170150756836,8.45341968536377,191,DE,,,,,,,0.371,BOTH,LOW,ETND
87502,Dieppe_VOR_FR,DPE,Dieppe,VOR,115800,49.92539978027344,1.170639991760254,362,FR,,,,,,-3.007,-1.359,BOTH,HIGH,
87503,Dugway_NDB_US,DPG,Dugway,NDB,284,40.18239974975586,-112.93699645996094,4374,US,,,,,,,13.05,TERMINAL,MEDIUM,KDPG
87509,Deer_Park_NDB_US,DPY,Deer Park,NDB,216,47.96770095825195,-117.4260025024414,2250,US,,,,,,,16.329,TERMINAL,LOW,
87520,Drammen_VOR-DME_NO,DRA,Drammen,VOR-DME,114800,59.733299255371094,10.112500190734863,1398,NO,114800,095X,,,,0.007,0.569,TERMINAL,LOW,
87521,Drezdenko_VOR-DME_PL,DRE,Drezdenko,VOR-DME,115300,52.81679916381836,15.832500457763672,98,PL,115300,100X,,,,1.007,2.555,BOTH,HIGH,
87522,Drezdenko_NDB_PL,DRE,Drezdenko,NDB,440,52.836299896240234,15.841400146484375,,PL,,,,,,,2.557,BOTH,MEDIUM,
87524,Drake_VORTAC_US,DRK,Drake,VORTAC,114100,34.702598571777344,-112.4800033569336,4963,US,114100,088X,,,,14.001,11.52,BOTH,HIGH,KPRC
87526,Dresden_VOR-DME_DE,DRN,Dresden,VOR-DME,114350,51.015499114990234,13.598899841308594,1086,DE,114350,090Y,,,,2.009,2.127,RNAV,HIGH,EDDC
87528,Drummond_VOR_US,DRU,Drummond,VOR,117100,46.63610076904297,-113.18699645996094,4150,US,,,,,,17.001,14.385,LO,MEDIUM,
87529,Drewitz_NDB_DE,DRW,Drewitz,NDB,355,51.89670181274414,14.5625,271,DE,,,,,,,2.307,BOTH,LOW,DE-0875
87536,Deschutes_VORTAC_US,DSD,Deschutes,VORTAC,117600,44.25279998779297,-121.30400085449219,4100,US,117600,123X,,,,18.001,16.236,BOTH,HIGH,
87542,Delta_VORTAC_US,DTA,Delta,VORTAC,116100,39.30229949951172,-112.50599670410156,4600,US,116100,108X,,,,16.001,12.454,BOTH,HIGH,
87549,Daventry_VOR-DME_GB,DTY,Daventry,VOR-DME,116400,52.180301666259766,-1.1138900518417358,600,GB,116400,111X,,,,-4.007,-2.458,BOTH,HIGH,
87552,Tokol_NDB_HU,DU,Tokol,NDB,510,47.30910110473633,19.02429962158203,333,HU,,,,,,,3.203,TERMINAL,LOW,LHTL
87557,Dublin_VOR-DME_IE,DUB,Dublin,VOR-DME,114900,53.4994010925293,-6.307109832763672,200,IE,114900,096X,,,,-6.007,-5.089,BOTH,HIGH,EIDW
87561,Dusseldorf_VOR-DME_DE,DUS,Dusseldorf,VOR-DME,115150,51.283199310302734,6.753729820251465,151,DE,115150,098Y,,,,0.009,0.084,BOTH,HIGH,EDDL
87568,Donaueschingen_NDB_DE,DVI,Donaueschingen,NDB,490,47.96070098876953,8.522709846496582,,DE,,,,,,,0.502,TERMINAL,LOW,EDTD
87570,Deauville_VOR_FR,DVL,Deauville,VOR,110200,49.310699462890625,0.31272199749946594,497,FR,,,,,,-3.007,-1.492,BOTH,HIGH,LFRG
87573,Drvenik_NDB_HR,DVN,Drvenik,NDB,418,43.44670104980469,16.143600463867188,117,HR,,,,,,,2.312,LO,LOW,LDSP
87574,Dover_VOR-DME_GB,DVR,Dover,VOR-DME,114950,51.162498474121094,1.3591699600219727,315,GB,114950,096Y,,,,-3.007,-1.414,BOTH,HIGH,
87590,Dortmund_NDB_DE,DWI,Dortmund,NDB,357,51.526100158691406,7.634389877319336,400,DE,,,,,,,0.246,BOTH,MEDIUM,EDLW
87627,Logrono_NDB_ES,EAG,Logrono,NDB,399,42.45130157470703,-2.314739942550659,,ES,,,,,,,-1.583,LO,MEDIUM,LELO
87629,Almagro_NDB_ES,EAL,Almagro,NDB,332,38.95220184326172,-3.756999969482422,,ES,,,,,,,-2.12,LO,LOW,
87631,Southampton_NDB_GB,EAS,Southampton,NDB,392,50.95500183105469,-1.356119990348816,,GB,,,,,,,-2.393,TERMINAL,LOW,EGHI
87632,Wenatchee_VOR-DME_US,EAT,Wenatchee,VOR-DME,111000,47.39970016479492,-120.21099853515625,1224,US,111000,047X,,,,19.001,17.084,LO,MEDIUM,
87638,Valencia_NDB_ES,EBT,Valencia,NDB,386,39.62300109863281,-0.4720830023288727,,ES,,,,,,,-1.15,LO,MEDIUM,
87640,Meggi_NDB_US,EC,Meggi,NDB,217,37.79119873046875,-113.02100372314453,,US,,,,,,,12.376,TERMINAL,LOW,KCDC
87641,Manteca_VORTAC_US,ECA,Manteca,VORTAC,116000,37.83359909057617,-121.1709976196289,48,US,116000,107X,,,,17.001,14.343,BOTH,HIGH,KSCK
87650,Colmenar_NDB_ES,ECV,Colmenar,NDB,319,40.69940185546875,-3.7627201080322266,,ES,,,,,,,-2.183,BOTH,MEDIUM,
87662,Edinburgh_NDB_GB,EDN,Edinburgh,NDB,341,55.97840118408203,-3.2841200828552246,,GB,,,,,,,-4.243,TERMINAL,LOW,EGPH
87666,Edwards_VORTAC_US,EDW,Edwards,VORTAC,116400,34.982398986816406,-117.73300170898438,2354,US,116400,111X,,,,15.001,13.138,BOTH,MEDIUM,KEDW
87668,El_Copero_NDB_ES,EEC,El Copero,NDB,327,37.315399169921875,-6.001309871673584,,ES,,,,,,,-2.506,LO,LOW,
87669,Needles_VORTAC_US,EED,Needles,VORTAC,115200,34.76599884033203,-114.4739990234375,620,US,115200,099X,,,,15.001,12.259,BOTH,HIGH,
87671,Eelde_VOR-DME_NL,EEL,Eelde,VOR-DME,112400,53.16389846801758,6.666679859161377,32,NL,112400,071X,,,,-1.007,-0.015,BOTH,HIGH,EHGG
87677,Erfurt_DME_DE,EFD,Erfurt,DME,112050,50.982601165771484,10.9576997756958,1076,DE,112050,057Y,,,,,1.271,TERMINAL,LOW,EDDE
87682,Eggenfelden_NDB_DE,EGG,Eggenfelden,NDB,393,48.39699935913086,12.749799728393555,1329,DE,,,,,,,1.565,BOTH,LOW,EDME
87688,Egelsbach_NDB_DE,EH,Egelsbach,NDB,386,49.96009826660156,8.642629623413086,,DE,,,,,,,0.478,TERMINAL,LOW,EDFE
87690,Shafter_VORTAC_US,EHF,Shafter,VORTAC,115400,35.48460006713867,-119.09700012207031,550,US,115400,101X,,,,14.001,13.369,BOTH,HIGH,
87693,Eindhoven_TACAN_NL,EHV,Eindhoven,TACAN,117200,51.44810104370117,5.375,81,NL,117200,119X,,,,-2.007,-0.196,BOTH,HIGH,EHEH
87702,Enniskillen_NDB_GB,EKN,Enniskillen,NDB,358,54.39419937133789,-7.643370151519775,,GB,,,,,,,-5.571,BOTH,LOW,EGAB
87703,Enniskillen_DME_GB,EKN,Enniskillen,DME,116750,54.39860153198242,-7.6536102294921875,176,GB,116750,114Y,,,,,-5.574,TERMINAL,LOW,
87706,Ennis_NDB_US,EKS,Ennis,NDB,286,45.26580047607422,-111.6510009765625,5326,US,,,,,,,13.395,LO,LOW,
87714,Elba_VORTAC_IT,ELB,Elba,VORTAC,114700,42.7307014465332,10.395700454711914,1388,IT,114700,094X,,,,0.007,1.214,BOTH,HIGH,
87716,El_Toro_VOR-DME_US,ELB,El Toro,VOR-DME,117200,33.67599868774414,-117.73100280761719,336,US,117200,119X,,,,14.001,12.561,TERMINAL,MEDIUM,
87717,Elba_NDB_IT,ELB,Elba,NDB,360,42.73249816894531,10.393899917602539,,IT,,,,,,,1.213,LO,LOW,
87724,Ellensburg_VORTAC_US,ELN,Ellensburg,VORTAC,117900,47.02429962158203,-120.45800018310547,1766,US,117900,126X,,,,21.001,17.046,BOTH,HIGH,
87731,Luxembourg_NDB_LU,ELU,Luxembourg,NDB,369,49.6796989440918,6.355279922485352,,LU,,,,,,,0.073,BOTH,LOW,ELLX
87736,Ely_VOR-DME_US,ELY,Ely,VOR-DME,110600,39.298099517822266,-114.8479995727539,6254,US,110600,043X,,,,14.001,13.296,BOTH,HIGH,
87741,Emden_NDB_DE,EMD,Emden,NDB,345,53.39390182495117,7.241690158843994,,DE,,,,,,,0.095,TERMINAL,LOW,EDWE
87747,El_Monte_NDB_US,EMT,El Monte,NDB,359,34.08829879760742,-118.03099822998047,305,US,,,,,,,13.052,TERMINAL,LOW,
87751,Orebro_NDB_SE,EN,Orebro,NDB,400,59.29100036621094,15.065099716186523,,SE,,,,,,,3.023,BOTH,HIGH,ESOE
87756,Eggenfelden_DME_DE,END,Eggenfelden,DME,115400,48.39440155029297,12.7253999710083,1381,DE,115400,101X,,,,,1.561,TERMINAL,LOW,EDME
87760,Mendocino_VORTAC_US,ENI,Mendocino,VORTAC,112300,39.053199768066406,-123.27400207519531,2980,US,112300,070X,,,,16.001,15.134,BOTH,HIGH,KUKI
87768,Ennis_NDB_IE,ENS,Ennis,NDB,352,52.90520095825195,-8.927769660949707,,IE,,,,,,,-6.08,BOTH,LOW,EINN
87769,Ensenada_NDB_MX,ENS,Ensenada,NDB,400,31.795900344848633,-116.60700225830078,66,MX,,,,,,,12.182,LO,MEDIUM,MMES
87771,Emden_DME_DE,ENW,Emden,DME,115250,53.38909912109375,7.229139804840088,50,DE,115250,099Y,,,,,0.093,TERMINAL,MEDIUM,EDWE
87773,Nogales_NDB_US,ENZ,Nogales,NDB,394,31.42140007019043,-110.84600067138672,3915,US,,,,,,,10.494,TERMINAL,MEDIUM,KOLS
87778,Leon_VOR-DME_ES,EON,Leon,VOR-DME,112000,42.59379959106445,-5.646140098571777,3013,ES,112000,057X,42.5937,-5.64597,3013,,-3.052,BOTH,LOW,LELN
87781,Ephrata_VORTAC_US,EPH,Ephrata,VORTAC,112600,47.377899169921875,-119.42400360107422,1250,US,112600,073X,,,,21.001,16.561,BOTH,HIGH,
87782,Epinal_VOR_FR,EPL,Epinal,VOR,113000,48.31779861450195,6.059420108795166,1154,FR,,,,,,-1.007,0.071,BOTH,HIGH,LFSG
87784,Epsom_NDB_GB,EPM,Epsom,NDB,316,51.319400787353516,-0.37194401025772095,,GB,,,,,,,-2.207,LO,LOW,
87789,Epernon_VOR-DME_FR,EPR,Epernon,VOR-DME,115650,48.625701904296875,1.656559944152832,518,FR,115650,103Y,,,,,-1.171,BOTH,HIGH,
87801,Erding_TACAN_DE,ERD,Erding,TACAN,113600,48.324798583984375,11.952799797058105,1545,DE,113600,083X,,,,1.011,1.443,BOTH,MEDIUM,DE-0884
87805,Erfurt_VOR-DME_DE,ERF,Erfurt,VOR-DME,113850,50.95090103149414,11.236700057983398,1325,DE,113850,085Y,,,,1.007,1.321,RNAV,LOW,EDDE
87810,Erken_NDB_SE,ERK,Erken,NDB,383,59.89619827270508,18.33690071105957,,SE,,,,,,,4.259,TERMINAL,LOW,
87811,Erlangen_VOR-DME_DE,ERL,Erlangen,VOR-DME,114900,49.655399322509766,11.150799751281738,1841,DE,114900,096X,,,,1.01,1.313,LO,HIGH,
87816,Erfurt_NDB_DE,ERT,Erfurt,NDB,425,50.982601165771484,10.92300033569336,1036,DE,,,,,,,1.265,BOTH,LOW,EDDE
87837,Espichel_VORTAC_PT,ESP,Espichel,VORTAC,112500,38.42430114746094,-9.185779571533203,648,PT,112500,072X,,,,-5.007,-3.589,BOTH,HIGH,
87857,Frakk_NDB_US,EU,Frakk,NDB,260,44.212799072265625,-123.22000122070312,322,US,,,,,,,16.44,TERMINAL,LOW,KEUG
87860,Eugene_VORTAC_US,EUG,Eugene,VORTAC,112900,44.12089920043945,-123.2229995727539,364,US,112900,076X,,,,20.001,16.423,BOTH,HIGH,KEUG
87861,Eurach_VOR-DME_DE,EUR,Eurach,VOR-DME,115200,47.73500061035156,11.24940013885498,2279,DE,115200,099X,,,,1.007,1.335,RNAV,HIGH,
87862,Eureka_NDB_US,EUR,Eureka,NDB,392,48.96390151977539,-115.09200286865234,2732,US,,,,,,,16.022,LO,MEDIUM,
87872,Evanston_VOR-DME_US,EVW,Evanston,VOR-DME,109600,41.272499084472656,-111.0469970703125,7131,US,109600,033X,,,,13.003,12.347,LO,LOW,
87873,Evreux_VORTAC_FR,EVX,Evreux,VORTAC,112400,49.031700134277344,1.2208600044250488,499,FR,112400,071X,49.0285,1.21403,,-3.007,-1.285,BOTH,HIGH,LFOE
87906,Pruszcz_Gdanski_NDB_PL,F,Pruszcz Gdanski,NDB,300,54.24509811401367,18.69930076599121,,PL,,,,,,,3.54,TERMINAL,LOW,EPPR
87929,Falconara_TACAN_IT,FAL,Falconara,TACAN,109800,43.576900482177734,13.299500465393066,208,IT,109800,035X,,,,,1.583,BOTH,HIGH,LIPY
87930,Falconara_NDB_IT,FAL,Falconara,NDB,358,43.62820053100586,13.373499870300293,81,IT,,,,,,,1.593,BOTH,LOW,LIPY
87933,Faro_NDB_PT,FAR,Faro,NDB,332,37.00870132446289,-7.925930023193359,,PT,,,,,,,-3.283,TERMINAL,LOW,LPFR
87940,Fort_Bridger_VOR-DME_US,FBR,Fort Bridger,VOR-DME,108600,41.37839889526367,-110.42400360107422,7060,US,108600,023X,,,,14.001,12.225,LO,MEDIUM,
87947,Kalispell_VOR-DME_US,FCA,Kalispell,VOR-DME,113200,48.2140998840332,-114.1760025024414,2984,US,113200,079X,,,,18.001,15.276,LO,MEDIUM,
87948,Chandler_NDB_US,FCH,Chandler,NDB,344,36.723899841308594,-119.83399963378906,278,US,,,,,,,14.032,LO,MEDIUM,
87963,Fiumicino_NDB_IT,FE,Fiumicino,NDB,354,41.83140182495117,12.351099967956543,,IT,,,,,,,1.444,TERMINAL,LOW,LIRF
87966,Ferrara_NDB_IT,FER,Ferrara,NDB,427,44.81439971923828,11.616399765014648,,IT,,,,,,,1.382,RNAV,LOW,LIPF
87973,Fairford_TACAN_GB,FFA,Fairford,TACAN,113400,51.68170166015625,-1.7976100444793701,299,GB,113400,081X,,,,-4.003,-2.566,BOTH,LOW,EGVA
87976,Frankfurt_VORTAC_DE,FFM,Frankfurt,VORTAC,114200,50.0536994934082,8.637089729309082,491,DE,114200,089X,,,,0.007,0.475,BOTH,HIGH,EDDF
87980,Fairfield_VORTAC_US,FFU,Fairfield,VORTAC,116600,40.274898529052734,-111.94100189208984,7690,US,116600,113X,,,,16.001,12.45,BOTH,HIGH,US-12314
87981,Falcon_Fld_NDB_US,FFZ,Falcon Fld,NDB,281,33.46189880371094,-111.73300170898438,1392,US,,,,,,,11.237,TERMINAL,LOW,
87982,Figari_VOR-DME_FR,FGI,Figari,VOR-DME,116700,41.502201080322266,9.083419799804688,87,FR,116700,114X,,,,,1.042,LO,MEDIUM,LFKF
87991,Friedrichshafen_NDB_DE,FHA,Friedrichshafen,NDB,473,47.68119812011719,9.537779808044434,1366,DE,,,,,,,1.069,BOTH,MEDIUM,EDNY
87993,Friedrichshafen_DME_DE,FHD,Friedrichshafen,DME,112600,47.66640090942383,9.508859634399414,1400,DE,112600,073X,,,,,1.065,TERMINAL,LOW,EDNY
87995,Friday_Harbor_NDB_US,FHR,Friday Harbor,NDB,284,48.526798248291016,-123.02799987792969,180,US,,,,,,,18.078,LO,LOW,
87996,Sierra_Vista_Muni_Libby_Aaf_VOR_US,FHU,Sierra Vista Muni/Libby Aaf,VOR,113600,31.58970069885254,-110.3550033569336,4664,US,,,,,,13.001,10.421,TERMINAL,LOW,KFHU
88000,Fillmore_VORTAC_US,FIM,Fillmore,VORTAC,112500,34.3567008972168,-118.88099670410156,2200,US,112500,072X,,,,15.001,13.184,BOTH,MEDIUM,KNTD
88014,Mediterranee_VOR-DME_FR,FJR,Mediterranee,VOR-DME,114450,43.578399658203125,3.974720001220703,17,FR,114450,091Y,,,,-2.007,-0.122,BOTH,HIGH,LFMT
88015,Fort_Jones_VOR-DME_US,FJS,Fort Jones,VOR-DME,109600,41.44969940185547,-122.80599975585938,4900,US,109600,033X,,,,19.001,15.5,LO,MEDIUM,1O6
88035,Friedland_VOR-DME_DE,FLD,Friedland,VOR-DME,117150,53.762699127197266,13.56309986114502,43,DE,117150,118Y,,,,1.009,2.158,RNAV,HIGH,
88039,Flagstaff_VOR-DME_US,FLG,Flagstaff,VOR-DME,113850,35.14720153808594,-111.67400360107422,7026,US,113850,085Y,,,,14.001,11.42,BOTH,MEDIUM,KFLG
88045,Flora_VOR-DME_BE,FLO,Flora,VOR-DME,112050,50.87670135498047,5.134439945220947,187,BE,112050,057Y,,,,-2.007,-0.215,TERMINAL,HIGH,
88055,Fellows_VORTAC_US,FLW,Fellows,VORTAC,117500,35.093101501464844,-119.86599731445312,3870,US,117500,122X,,,,16.001,13.393,LO,MEDIUM,
88061,Fischamend_VOR-DME_AT,FMD,Fischamend,VOR-DME,110400,48.105098724365234,16.62929916381836,639,AT,110400,041X,,,,2.007,2.519,BOTH,HIGH,LOWW
88062,Mustang_VORTAC_US,FMG,Mustang,VORTAC,117900,39.53129959106445,-119.65599822998047,5949,US,117900,126X,,,,16.001,14.439,BOTH,HIGH,KRNO
88069,Fiumicino_NDB_IT,FN,Fiumicino,NDB,421,41.910701751708984,12.234600067138672,,IT,,,,,,,1.432,TERMINAL,LOW,LIRF
88070,Finndal_NDB_NO,FN,Finndal,NDB,368,59.15769958496094,9.559109687805176,,NO,,,,,,,0.437,TERMINAL,LOW,
88081,Fenland_NDB_GB,FNL,Fenland,NDB,401,52.741600036621094,-0.027941999956965446,,GB,,,,,,,-2.261,TERMINAL,LOW,EGCL
88084,Doncaster_NDB_GB,FNY,Doncaster,NDB,338,53.47480010986328,-1.0017199516296387,,GB,,,,,,,-2.564,BOTH,LOW,GB-1212
88099,Foggia_VOR_IT,FOG,Foggia,VOR,114200,41.429500579833984,15.531399726867676,266,IT,,,,,,,2.187,LO,MEDIUM,LIBF
88100,Foggia_NDB_IT,FOG,Foggia,NDB,340,41.43080139160156,15.531399726867676,,IT,,,,,,,2.187,LO,LOW,LIBF
88102,Forli_NDB_IT,FOR,Forli,NDB,423,44.24810028076172,11.924699783325195,,IT,,,,,,,1.419,TERMINAL,LOW,LIPK
88105,Fairoaks_NDB_GB,FOS,Fairoaks,NDB,348,51.3474006652832,-0.5654289722442627,80,GB,,,,,,,-2.253,TERMINAL,LOW,EGTF
88106,Fortuna_VORTAC_US,FOT,Fortuna,VORTAC,114000,40.67129898071289,-124.23500061035156,400,US,114000,087X,,,,19.001,15.491,BOTH,MEDIUM,
88109,Foynes_NDB_IE,FOY,Foynes,NDB,395,52.56629943847656,-9.195409774780273,,IE,,,,,,,-6.098,BOTH,LOW,EINN
88125,Frankfurt_NDB_DE,FR,Frankfurt,NDB,297,50.06570053100586,8.683489799499512,,DE,,,,,,,0.483,TERMINAL,LOW,EDDF
88130,Friant_VORTAC_US,FRA,Friant,VORTAC,115600,37.104400634765625,-119.59500122070312,2380,US,115600,103X,,,,17.001,14.062,BOTH,MEDIUM,5CL0
88131,Sarajevo_NDB_BA,FRA,Sarajevo,NDB,436,43.824501037597656,18.333999633789062,1707,BA,,,,,,,2.566,LO,LOW,LQSA
88134,Frankfurt_DME_DE,FRD,Frankfurt,DME,115900,50.03049850463867,8.567049980163574,441,DE,115900,106X,,,,,0.463,TERMINAL,MEDIUM,EDDF
88135,Freistadt_VOR-DME_AT,FRE,Freistadt,VOR-DME,113500,48.431800842285156,14.129799842834473,2014,AT,113500,082X,,,,0.007,2.171,BOTH,HIGH,
88138,Fribourg_VOR-DME_CH,FRI,Fribourg,VOR-DME,110850,46.7775993347168,7.223499774932861,2659,CH,110850,045Y,,,,0.007,0.315,BOTH,HIGH,
88139,Fairoaks_DME_GB,FRK,Fairoaks,DME,109850,51.3474006652832,-0.5654289722442627,80,GB,109850,035Y,,,,,-2.253,TERMINAL,LOW,EGTF
88143,Frosinone_VOR-DME_IT,FRS,Frosinone,VOR-DME,115600,41.6422004699707,13.295000076293945,632,IT,115600,103X,,,,,1.549,LO,HIGH,LIRH
88145,Frosinone_NDB_IT,FRS,Frosinone,NDB,371,41.64390182495117,13.28969955444336,,IT,,,,,,,1.548,LO,LOW,LIRH
88148,Haastrecht_DME_NL,FRT,Haastrecht,DME,117150,52.00429916381836,4.769130229949951,,NL,117150,118Y,,,,,-0.35,LO,HIGH,
88149,Lelystad_DME_NL,FRT,Lelystad,DME,111400,52.45000076293945,5.507719993591309,,NL,111400,051X,,,,,-0.221,LO,HIGH,
88152,Firenze_VORTAC_IT,FRZ,Firenze,VORTAC,115200,44.027198791503906,11.003299713134766,4438,IT,115200,099X,,,,0.007,1.296,BOTH,HIGH,
88160,Fassberg_NDB_DE,FSB,Fassberg,NDB,284,52.91579818725586,10.18809986114502,329,DE,,,,,,,1.105,TERMINAL,LOW,ETHS
88171,Pruszcz_Gdanski_NDB_PL,FT,Pruszcz Gdanski,NDB,618,54.240501403808594,18.745899200439453,,PL,,,,,,,3.549,TERMINAL,LOW,EPPR
88177,Fatima_VOR-DME_PT,FTM,Fatima,VOR-DME,113500,39.666099548339844,-8.493209838867188,686,PT,113500,082X,39.6661,-8.49333,686,-5.007,-3.493,BOTH,HIGH,
88186,Fritzlar_NDB_DE,FTZ,Fritzlar,NDB,468,51.08430099487305,9.415240287780762,1096,DE,,,,,,,0.592,TERMINAL,LOW,ETHF
88187,Hamburg_West_NDB_DE,FU,Hamburg West,NDB,351,53.57550048828125,9.875809669494629,,DE,,,,,,,1.032,TERMINAL,LOW,EDDH
88192,Fulda_VOR-DME_DE,FUL,Fulda,VOR-DME,112100,50.592498779296875,9.57217025756836,1138,DE,112100,058X,,,,-2.009,1.03,BOTH,HIGH,
88201,Frankfurt_NDB_DE,FW,Frankfurt,NDB,382,50.005001068115234,8.429550170898438,,DE,,,,,,,0.439,TERMINAL,LOW,EDDF
88202,Fiumicino_NDB_IT,FW,Fiumicino,NDB,345,41.88090133666992,12.198800086975098,,IT,,,,,,,1.427,LO,LOW,LIRF
88206,Furstenwalde_VOR-DME_DE,FWE,Furstenwalde,VOR-DME,113300,52.41130065917969,14.130599975585938,238,DE,113300,080X,,,,2.006,2.243,BOTH,HIGH,
88245,Gacko_NDB_BA,GAC,Gacko,NDB,370,43.14289855957031,18.558300018310547,,BA,,,,,,,2.562,BOTH,LOW,
88250,Gaillac_VOR_FR,GAI,Gaillac,VOR,115800,43.9541015625,1.8241699934005737,972,FR,,,,,,-2.007,-0.496,BOTH,HIGH,LFCI
88257,Gamston_VOR-DME_GB,GAM,Gamston,VOR-DME,112800,53.28139877319336,-0.9472219944000244,121,GB,112800,075X,,,,-4.001,-2.531,BOTH,HIGH,EGNE
88262,Garitsa_VOR-DME_GR,GAR,Garitsa,VOR-DME,108800,39.60639953613281,19.909400939941406,29,GR,108800,025X,,,,,2.54,TERMINAL,LOW,LGKR
88264,Garristown_NDB_IE,GAR,Garristown,NDB,407,53.52870178222656,-6.447460174560547,,IE,,,,,,,-5.129,BOTH,LOW,EIDW
88271,Gazoldo_NDB_IT,GAZ,Gazoldo,NDB,382,45.201698303222656,10.604100227355957,,IT,,,,,,,1.245,LO,LOW,
88284,Gleichenberg_NDB_AT,GBG,Gleichenberg,NDB,426,46.887001037597656,15.800299644470215,984,AT,,,,,,,2.369,BOTH,LOW,
88287,Giebelstadt_TACAN_DE,GBL,Giebelstadt,TACAN,111000,49.64350128173828,9.950169563293457,1022,DE,111000,047X,,,,1.006,1.111,BOTH,HIGH,
88289,Giebelstadt_NDB_DE,GBL,Giebelstadt,NDB,429,49.648101806640625,9.980690002441406,1020,DE,,,,,,,1.116,TERMINAL,LOW,
88290,Gila_Bend_VORTAC_US,GBN,Gila Bend,VORTAC,116600,32.956298828125,-112.67400360107422,790,US,116600,113X,,,,14.001,11.363,BOTH,HIGH,
88291,Gibraltar_TACAN_GI,GBR,Gibraltar,TACAN,113600,36.14289855957031,-5.342720031738281,1397,GI,113600,083X,,,,,-2.356,BOTH,HIGH,LXGB
88302,Grand_Canyon_VOR-DME_US,GCN,Grand Canyon,VOR-DME,113100,35.96030044555664,-112.14600372314453,6670,US,113100,078X,,,,15.001,11.598,LO,MEDIUM,KGCN
88310,Granada_VOR-DME_ES,GDA,Granada,VOR-DME,113400,37.18320083618164,-3.990910053253174,1991,ES,113400,081X,,,,,-2.118,LO,HIGH,LEGR
88312,Gdansk_NDB_PL,GDA,Gdansk,NDB,322,54.34519958496094,18.596099853515625,,PL,,,,,,,3.528,LO,MEDIUM,EPGD
88328,Getafe_NDB_ES,GE,Getafe,NDB,421,40.199798583984375,-3.8442699909210205,,ES,,,,,,,-2.179,BOTH,LOW,LEGT
88329,Gatwick_NDB_GB,GE,Gatwick,NDB,338,51.164398193359375,-0.06913299858570099,,GB,,,,,,,-2.126,TERMINAL,LOW,EGKK
88331,Phort_NDB_US,GE,Phort,NDB,388,47.67689895629883,-117.44999694824219,,US,,,,,,,16.281,TERMINAL,MEDIUM,KGEG
88332,Gedern_VORTAC_DE,GED,Gedern,VORTAC,110800,50.41189956665039,9.249159812927246,1601,DE,110800,045X,,,,-1.007,0.576,BOTH,HIGH,
88335,Spokane_VORTAC_US,GEG,Spokane,VORTAC,115500,47.56489944458008,-117.62699890136719,2755,US,115500,102X,,,,21.001,16.291,BOTH,HIGH,
88340,Genova_VOR-DME_IT,GEN,Genova,VOR-DME,112800,44.424400329589844,9.082079887390137,2915,IT,112800,075X,,,,0.007,1.033,BOTH,HIGH,LIMJ
88341,Genova_NDB_IT,GEN,Genova,NDB,318,44.42380142211914,9.08333969116211,,IT,,,,,,,1.035,LO,LOW,LIMJ
88354,Malmstrom_TACAN_US,GFA,Malmstrom,TACAN,115800,47.50410079956055,-111.18199920654297,3501,US,115800,105X,,,,17.001,13.58,BOTH,MEDIUM,KGFA
88359,Goffs_VORTAC_US,GFS,Goffs,VORTAC,114400,35.131099700927734,-115.1760025024414,4000,US,114400,091X,,,,15.001,12.41,LO,MEDIUM,1L4
88396,Ghedi_TACAN_IT,GHE,Ghedi,TACAN,110900,45.44029998779297,10.276700019836426,332,IT,110900,046X,,,,,1.198,BOTH,HIGH,LIPL
88413,Giessen_NDB_DE,GIN,Giessen,NDB,314,50.63560104370117,8.819319725036621,,DE,,,,,,,0.494,BOTH,LOW,
88414,Gioia_Del_Colle_TACAN_IT,GIO,Gioia Del Colle,TACAN,117800,40.801300048828125,16.90130043029785,1183,IT,117800,125X,,,,,2.306,BOTH,HIGH,LIBV
88415,Gioia_Del_Colle_NDB_IT,GIO,Gioia Del Colle,NDB,328,40.800201416015625,16.90130043029785,,IT,,,,,,,2.307,BOTH,LOW,LIBV
88417,Gerona_VOR-DME_ES,GIR,Gerona,VOR-DME,114100,41.93119812011719,2.77197003364563,535,ES,114100,088X,41.9312,2.77189,535,-1.007,-0.272,BOTH,HIGH,LEGE
88419,Geilenkirchen_TACAN_DE,GIX,Geilenkirchen,TACAN,108100,50.96329879760742,6.045199871063232,327,DE,108100,018X,,,,,-0.04,BOTH,MEDIUM,ETNG
88435,Aalborg_NDB_DK,GL,Aalborg,NDB,398,57.08380126953125,9.680089950561523,,DK,,,,,,,0.515,LO,LOW,EKYT
88436,Nantes_NDB_FR,GL,Nantes,NDB,369,47.052799224853516,-1.6878299713134766,61,FR,,,,,,,-2.136,BOTH,MEDIUM,LFRS
88437,Tegel_East_NDB_DE,GL,Tegel East,NDB,321,52.57229995727539,13.426199913024902,,DE,,,,,,,2.117,TERMINAL,MEDIUM,DE-0876
88443,Gland_NDB_CH,GLA,Gland,NDB,375,46.40869903564453,6.2442498207092285,1350,CH,,,,,,,0.165,BOTH,LOW,LSGG
88451,Guadalupe_VOR_US,GLJ,Guadalupe,VOR,111000,34.95240020751953,-120.52100372314453,138,US,,,,,,16.004,13.44,TERMINAL,LOW,KSMX
88461,Glasgow_NDB_GB,GLW,Glasgow,NDB,331,55.86980056762695,-4.433629989624023,26,GB,,,,,,,-4.5,LO,LOW,EGPF
88469,Malaga_NDB_ES,GM,Malaga,NDB,350,36.72650146484375,-4.571450233459473,,ES,,,,,,,-2.22,TERMINAL,LOW,
88474,Germinghausen_VOR-DME_DE,GMH,Germinghausen,VOR-DME,115400,51.170501708984375,7.892039775848389,1821,DE,115400,101X,,,,0.009,0.306,BOTH,HIGH,
88476,Gorman_VORTAC_US,GMN,Gorman,VORTAC,116100,34.80400085449219,-118.86100006103516,4920,US,116100,108X,,,,16.001,13.244,LO,MEDIUM,
88477,Gormanston_NDB-DME_IE,GMN,Gormanston,NDB-DME,334,53.648101806640625,-6.226669788360596,100,IE,112900,076X,53.6468,-6.23491,100,,-5.089,TERMINAL,LOW,EIDW
88513,Gloucestershire_DME_GB,GOS,Gloucestershire,DME,115550,51.8922004699707,-2.1679298877716064,109,GB,115550,102Y,,,,,-3.073,TERMINAL,MEDIUM,EGBJ
88514,Gotem_VOR-DME_DE,GOT,Gotem,VOR-DME,115250,51.343101501464844,11.59749984741211,721,DE,115250,099Y,,,,1.009,1.383,RNAV,HIGH,EDBT
88515,Glasgow_VOR-DME_GB,GOW,Glasgow,VOR-DME,115400,55.87049865722656,-4.445720195770264,37,GB,115400,101X,,,,-6.007,-4.538,BOTH,HIGH,EGPF
88531,Dubrovnik_NDB_HR,GR,Dubrovnik,NDB,414,42.54059982299805,18.32080078125,88,HR,,,,,,,2.513,TERMINAL,LOW,LDDU
88538,Graye_NDB_US,GR,Graye,NDB,216,47.15019989013672,-122.6050033569336,101,US,,,,,,,17.345,LO,LOW,KGRF
88545,Grazzanise_TACAN_IT,GRA,Grazzanise,TACAN,117500,41.060001373291016,14.088700294494629,29,IT,117500,122X,,,,,2.024,BOTH,MEDIUM,LIRM
88548,Grazzanise_NDB_IT,GRA,Grazzanise,NDB,343,41.05720138549805,14.083499908447266,,IT,,,,,,,2.024,LO,LOW,LIRM
88549,Granada_NDB_ES,GRA,Granada,NDB,412,37.18939971923828,-3.6777100563049316,,ES,,,,,,,-2.063,TERMINAL,LOW,
88551,Guernsey_NDB_GG,GRB,Guernsey,NDB,361,49.43450164794922,-2.639509916305542,,GG,,,,,,,-2.537,LO,LOW,EGJB
88558,Grafenwohr_TACAN_DE,GRF,Grafenwohr,TACAN,111800,49.69129943847656,11.938300132751465,1385,DE,111800,055X,,,,-1.009,1.442,BOTH,HIGH,ETIC
88568,Gerona_NDB_ES,GRN,Gerona,NDB,412,42.025001525878906,2.8072099685668945,,ES,,,,,,,-0.268,LO,MEDIUM,LEGE
88570,Grosseto_TACAN_IT,GRO,Grosseto,TACAN,109100,42.76029968261719,11.077400207519531,75,IT,109100,028X,,,,,1.3,BOTH,MEDIUM,LIRS
88573,Grosseto_NDB_IT,GRO,Grosseto,NDB,406,42.705299377441406,11.025300025939941,,IT,,,,,,,1.293,BOTH,LOW,LIRS
88576,Ghriss_VOR_DZ,GRS,Ghriss,VOR,113100,35.20940017700195,0.14891399443149567,1686,DZ,,,,,,,-0.596,BOTH,HIGH,DAOV
88577,Ghriss_NDB_DZ,GRS,Ghriss,NDB,424,35.20830154418945,0.1599999964237213,,DZ,,,,,,,-0.593,BOTH,LOW,DAOV
88578,Grottaglie_NDB_IT,GRT,Grottaglie,NDB,331,40.44599914550781,17.422100067138672,,IT,,,,,,,2.364,HI,LOW,LIBG
88580,Grudziadz_VOR-DME_PL,GRU,Grudziadz,VOR-DME,114600,53.52119827270508,18.781299591064453,295,PL,114600,093X,,,,2.007,3.51,BOTH,HIGH,EPTO
88583,Grafenwohr_NDB_DE,GRW,Grafenwohr,NDB,405,49.69459915161133,11.941699981689453,1542,DE,,,,,,,1.443,LO,LOW,ETIC
88585,Graz_VOR-DME_AT,GRZ,Graz,VOR-DME,116200,46.95539855957031,15.449399948120117,1097,AT,116200,109X,,,,1.007,2.325,BOTH,HIGH,
88586,Graz_NDB_AT,GRZ,Graz,NDB,290,46.92070007324219,15.458999633789062,1043,AT,,,,,,,2.325,BOTH,MEDIUM,
88598,Gloucestershire_NDB_GB,GST,Gloucestershire,NDB,331,51.891998291015625,-2.1679000854492188,111,GB,,,,,,,-3.073,TERMINAL,LOW,EGBJ
88599,Gosly_VOR-DME_BE,GSY,Gosly,VOR-DME,115700,50.45389938354492,4.441390037536621,654,BE,115700,104X,,,,,-0.329,TERMINAL,HIGH,EBCI
88601,Otrokovice_NDB_CZ,GT,Otrokovice,NDB,574,49.19309997558594,17.517799377441406,,CZ,,,,,,,3.086,TERMINAL,LOW,
88602,Hamburg_North_NDB_DE,GT,Hamburg North,NDB,323,53.71419906616211,9.924300193786621,,DE,,,,,,,1.039,TERMINAL,LOW,EDDH
88612,Great_Falls_VORTAC_US,GTF,Great Falls,VORTAC,115100,47.45000076293945,-111.41200256347656,3673,US,115100,098X,,,,16.001,14.038,BOTH,HIGH,KGTF
88622,Grostenquin_VOR-DME_FR,GTQ,Grostenquin,VOR-DME,111250,48.98640060424805,6.716219902038574,1024,FR,111250,049Y,,,,-1.007,0.164,BOTH,HIGH,
88623,Guipavas_NDB_FR,GU,Guipavas,NDB,338,48.477699279785156,-4.2855000495910645,,FR,,,,,,,-3.213,LO,LOW,LFRB
88628,Guidonia_NDB_IT,GUI,Guidonia,NDB,388,41.999698638916016,12.738900184631348,,IT,,,,,,,1.492,TERMINAL,LOW,LIRG
88630,Gull_NDB_NL,GUL,Gull,NDB,384,50.80730056762695,5.89546012878418,492,NL,,,,,,,-0.062,TERMINAL,LOW,
88633,Guernsey_VOR-DME_GG,GUR,Guernsey,VOR-DME,109400,49.43709945678711,-2.602060079574585,355,GG,109400,031X,,,,-4.001,-2.529,LO,HIGH,EGJB
88636,Guernsey_NDB_GG,GUY,Guernsey,NDB,361,49.436500549316406,-2.6017799377441406,,GG,,,,,,,-2.529,LO,LOW,EGJB
88645,Geneva_Cointrin_VOR-DME_CH,GVA,Geneva Cointrin,VOR-DME,115750,46.25389862060547,6.1322197914123535,1377,CH,115750,104Y,,,,,0.151,BOTH,HIGH,LSGG
88648,Gaviota_VORTAC_US,GVO,Gaviota,VORTAC,113800,34.53129959106445,-120.09100341796875,2620,US,113800,085X,,,,16.001,13.335,LO,MEDIUM,KSBA
88654,Goodwood_VOR-DME_GB,GWC,Goodwood,VOR-DME,114750,50.85530090332031,-0.7566670179367065,113,GB,114750,094Y,,,,-3.807,-2.25,RNAV,HIGH,EGHR
88655,Gen_William_J_Fox_NDB_US,GWF,Gen William J Fox,NDB,282,34.73870086669922,-118.21700286865234,2347,US,,,,,,,13.154,LO,LOW,
88664,Gatwick_NDB_GB,GY,Gatwick,NDB,365,51.130699157714844,-0.3159559965133667,,GB,,,,,,,-2.177,TERMINAL,LOW,EGKK
88674,Gyor_VOR-DME_HU,GYR,Gyor,VOR-DME,115100,47.65909957885742,17.72439956665039,515,HU,115100,098X,47.659,17.7243,515,2.007,3.05,RNAV,HIGH,LHPR
88675,Gyor_NDB_HU,GYR,Gyor,NDB,354,47.65999984741211,17.717899322509766,,HU,,,,,,,3.05,BOTH,HIGH,LHPR
88683,Gozo_VOR-DME_MT,GZO,Gozo,VOR-DME,115700,36.037200927734375,14.205300331115723,532,MT,115700,104X,,,,0.007,1.501,RNAV,HIGH,
88684,Gozo_NDB_MT,GZO,Gozo,NDB,320,36.038299560546875,14.208600044250488,,MT,,,,,,,1.502,BOTH,MEDIUM,
88685,Gilze_Rijen_TACAN_NL,GZR,Gilze Rijen,TACAN,116400,51.56610107421875,4.933609962463379,46,NL,116400,111X,,,,,-0.292,BOTH,HIGH,EHGR
88689,Wroclaw_NDB_PL,H,Wroclaw,NDB,255,51.09519958496094,16.91029930114746,,PL,,,,,,,3.072,TERMINAL,LOW,EPWR
88692,Hannover_NDB_DE,HA,Hannover,NDB,320,52.4640998840332,9.80508041381836,,DE,,,,,,,1.039,TERMINAL,LOW,EDDV
88693,Budapest_NDB_HU,HA,Budapest,NDB,329,47.49079895019531,19.14940071105957,,HU,,,,,,,3.228,TERMINAL,LOW,
88704,Hammelburg_NDB_DE,HAB,Hammelburg,NDB,403,50.093101501464844,9.781539916992188,,DE,,,,,,,1.076,BOTH,LOW,
88706,Hannover_DME_DE,HAD,Hannover,DME,113950,52.46879959106445,9.694809913635254,184,DE,113950,086Y,,,,,1.018,TERMINAL,LOW,EDDV
88707,Hannover_NDB_DE,HAE,Hannover,NDB,332,52.45759963989258,9.567319869995117,,DE,,,,,,,0.593,TERMINAL,LOW,EDDV
88714,Hamburg_VORTAC_DE,HAM,Hamburg,VORTAC,113100,53.68560028076172,10.204999923706055,187,DE,113100,078X,,,,1.01,1.096,BOTH,HIGH,EDDH
88717,Hahn_NDB_DE,HAN,Hahn,NDB,376,49.964900970458984,7.280879974365234,1649,DE,,,,,,,0.232,LO,LOW,EDFH
88720,Harry_VOR_SE,HAR,Harry,VOR,117500,57.82500076293945,12.693599700927734,,SE,,,,,,1.001,2.019,LO,MEDIUM,
88724,Hauser_NDB_US,HAU,Hauser,NDB,386,46.56890106201172,-111.75800323486328,,US,,,,,,,14.012,TERMINAL,LOW,KHLN
88725,Haverfordwest_NDB_GB,HAV,Haverfordwest,NDB,328,51.83190155029297,-4.968090057373047,,GB,,,,,,,-4.135,TERMINAL,LOW,EGFE
88737,Hannover_DME_DE,HBD,Hannover,DME,116900,52.455299377441406,9.659370422363281,171,DE,116900,116X,,,,,1.037,TERMINAL,LOW,EDDV
88746,Heringsdorf_NDB_DE,HC,Heringsdorf,NDB,330,53.87409973144531,14.182100296020508,93,DE,,,,,,,2.278,TERMINAL,LOW,EDAH
88765,Homeland_VOR_US,HDF,Homeland,VOR,113400,33.77629852294922,-117.18499755859375,1414,US,,,,,,14.001,12.508,LO,MEDIUM,KRIV
88766,Steelhead_NDB_US,HDG,Steelhead,NDB,211,42.91619873046875,-114.67400360107422,3622,US,,,,,,,14.166,TERMINAL,LOW,
88769,Heidelberg_NDB_DE,HDL,Heidelberg,NDB,417,49.38600158691406,8.596759796142578,345,DE,,,,,,,0.484,LO,LOW,
88771,Coleman_VOR_DE,HDM,Coleman,VOR,109000,49.56560134887695,8.463809967041016,327,DE,,,,,,-2.009,0.456,BOTH,LOW,ETOR
88772,Coleman_NDB_DE,HDM,Coleman,NDB,334,49.53450012207031,8.39050006866455,320,DE,,,,,,,0.444,BOTH,LOW,ETOR
88773,Hermsdorf_VOR-DME_DE,HDO,Hermsdorf,VOR-DME,115000,50.928199768066406,14.368800163269043,1439,DE,115000,097X,,,,2.009,2.254,RNAV,HIGH,
88775,Den_Helder_VOR-DME_NL,HDR,Den Helder,VOR-DME,115550,52.906898498535156,4.765830039978027,29,NL,115550,102Y,,,,,-0.404,LO,HIGH,EHKD
88776,Haverfordwest_DME_GB,HDW,Haverfordwest,DME,116750,51.832000732421875,-4.970119953155518,201,GB,116750,114Y,,,,,-4.135,TERMINAL,LOW,EGFE
88779,Heddal_NDB_NO,HE,Heddal,NDB,324,59.60879898071289,9.004130363464355,,NO,,,,,,,0.281,TERMINAL,LOW,
88782,Hector_VORTAC_US,HEC,Hector,VORTAC,112700,34.797000885009766,-116.46299743652344,1850,US,112700,074X,,,,15.001,12.55,BOTH,HIGH,
88790,Henton_NDB_GB,HEN,Henton,NDB,434,51.759700775146484,-0.7902780175209045,,GB,,,,,,,-2.342,LO,LOW,
88806,Hohenfels_NDB_DE,HFX,Hohenfels,NDB,286,49.218299865722656,11.859399795532227,1579,DE,,,,,,,1.429,TERMINAL,LOW,ETIH
88812,Wroclaw_NDB_PL,HG,Wroclaw,NDB,525,51.08250045776367,16.95159912109375,,PL,,,,,,,3.078,TERMINAL,LOW,EPWR
88820,Hunter_Liggett_NDB_US,HGT,Hunter Liggett,NDB,209,35.96110153198242,-121.18900299072266,961,US,,,,,,,14.055,TERMINAL,LOW,HGT
88837,Whitehall_VORTAC_US,HIA,Whitehall,VORTAC,113700,45.86180114746094,-112.16999816894531,5530,US,113700,084X,,,,18.001,14.018,BOTH,HIGH,KBTM
88843,Hill_TACAN_US,HIF,Hill,TACAN,111200,41.12049865722656,-111.96399688720703,4806,US,111200,049X,,,,14.001,12.557,BOTH,MEDIUM,KHIF
88844,San_Sebastian_NDB-DME_ES,HIG,San Sebastian,NDB-DME,328,43.38629913330078,-1.795889973640442,433,ES,113200,079X,43.3863,-1.79577,433,,-1.531,RNAV,MEDIUM,LESO
88845,Hinojosa_VOR-DME_ES,HIJ,Hinojosa,VOR-DME,114700,38.50809860229492,-5.099679946899414,1841,ES,114700,094X,38.5082,-5.09971,1841,-4.007,-2.363,BOTH,HIGH,
88883,Hailey_NDB-DME_US,HLE,Hailey,NDB-DME,220,43.3291015625,-114.24299621582031,4950,US,108800,025X,,,,,14.137,LO,LOW,
88890,Helena_VORTAC_US,HLN,Helena,VORTAC,117700,46.6068000793457,-111.9530029296875,3823,US,117700,124X,,,,16.001,14.067,BOTH,HIGH,KHLN
88896,Holesov_NDB_CZ,HLV,Holesov,NDB,448,49.322898864746094,17.528400421142578,,CZ,,,,,,,3.093,BOTH,HIGH,CZ-0268
88898,Hehlingen_VOR-DME_DE,HLZ,Hehlingen,VOR-DME,117300,52.363399505615234,10.79520034790039,413,DE,117300,120X,,,,1.009,1.256,BOTH,HIGH,
88902,Budapest_NDB_HU,HM,Budapest,NDB,420,47.405399322509766,19.290599822998047,,HU,,,,,,,3.241,TERMINAL,LOW,
88905,Hammam_Bou_Hadjar_NDB_DZ,HMB,Hammam Bou Hadjar,NDB,432,35.36309814453125,-0.9688889980316162,,DZ,,,,,,,-1.174,HI,LOW,
88913,Hamm_VOR-DME_DE,HMM,Hamm,VOR-DME,115650,51.85689926147461,7.708290100097656,237,DE,115650,103Y,,,,0.009,0.249,BOTH,HIGH,
88924,Hohn_NDB_DE,HN,Hohn,NDB,344,54.32630157470703,9.670330047607422,105,DE,,,,,,,0.574,TERMINAL,LOW,ETNH
88932,Hahn_DME_DE,HND,Hahn,DME,116950,49.94559860229492,7.267670154571533,1716,DE,116950,116Y,,,,,0.231,TERMINAL,LOW,EDFH
88939,Hinojosa_NDB_ES,HNS,Hinojosa,NDB,346,38.51029968261719,-5.11106014251709,,ES,,,,,,,-2.365,LO,MEDIUM,
88941,Hohn_TACAN_DE,HNT,Hohn,TACAN,115300,54.31079864501953,9.53866958618164,78,DE,115300,100X,,,,,0.547,BOTH,HIGH,ETNH
88942,Hanau_NDB_DE,HNU,Hanau,NDB,432,50.162498474121094,9.154170036315918,397,DE,,,,,,,0.564,LO,LOW,DE-0881
88943,Hangtown_VOR-DME_US,HNW,Hangtown,VOR-DME,115500,38.724700927734375,-120.7490005493164,2583,US,115500,102X,,,,17.001,14.419,LO,MEDIUM,
88950,Hochwald_VOR-DME_CH,HOC,Hochwald,VOR-DME,113200,47.46659851074219,7.665440082550049,2425,CH,113200,079X,,,,0.007,0.37,BOTH,HIGH,
88952,Hof_DME_DE,HOD,Hof,DME,110700,50.289798736572266,11.855199813842773,1946,DE,110700,044X,,,,,1.429,TERMINAL,LOW,EDQM
88954,Hof_NDB_DE,HOF,Hof,NDB,484,50.28459930419922,11.76140022277832,,DE,,,,,,,1.414,LO,LOW,EDQM
88956,Villacoublay_NDB_FR,HOL,Villacoublay,NDB,315,48.73059844970703,1.8205000162124634,,FR,,,,,,,-1.145,LO,LOW,LFPV
88959,Honiley_VOR-DME_GB,HON,Honiley,VOR-DME,113650,52.3567008972168,-1.6636099815368652,435,GB,113650,083Y,,,,-4.001,-3.004,RNAV,HIGH,
88964,Hamburg_NDB_DE,HOS,Hamburg,NDB,339,53.676998138427734,10.083200454711914,,DE,,,,,,,1.072,BOTH,LOW,EDDH
88967,Holzdorf_TACAN_DE,HOZ,Holzdorf,TACAN,117250,51.766700744628906,13.199000358581543,261,DE,117250,119Y,,,,2.006,2.067,BOTH,HIGH,ETSH
88968,Holzdorf_NDB_DE,HOZ,Holzdorf,NDB,406,51.769798278808594,13.09749984741211,316,DE,,,,,,,2.049,BOTH,LOW,ETSH
88969,Esbjerg_NDB_DK,HP,Esbjerg,NDB,376,55.51139831542969,8.4127197265625,,DK,,,,,,,0.268,TERMINAL,LOW,EKEB
88979,Abern_NDB_US,HQ,Abern,NDB,236,46.987701416015625,-123.7979965209961,,US,,,,,,,17.439,TERMINAL,LOW,KHQM
88981,Hoquiam_VORTAC_US,HQM,Hoquiam,VORTAC,117700,46.946998596191406,-124.14900207519531,10,US,117700,124X,,,,19.001,17.465,BOTH,HIGH,KHQM
88984,Hericourt_NDB_FR,HR,Hericourt,NDB,289,47.56169891357422,6.732250213623047,,FR,,,,,,,0.213,LO,LOW,LFSM
89010,Haamstede_VOR_NL,HSD,Haamstede,VOR,114150,51.72269821166992,3.858180046081543,4,NL,,,,,,,-0.523,HI,HIGH,
89035,Lanee_NDB_US,HU,Lanee,NDB,400,38.617000579833984,-121.60299682617188,15,US,,,,,,,14.511,TERMINAL,LOW,KSMF
89042,Whatcom_VORTAC_US,HUH,Whatcom,VORTAC,113000,48.9453010559082,-122.5790023803711,84,US,113000,077X,,,,20.001,18.115,BOTH,HIGH,KBLI
89043,Huldenberg_VOR-DME_BE,HUL,Huldenberg,VOR-DME,117550,50.7494010925293,4.641670227050781,335,BE,117550,122Y,,,,-1.007,-0.306,BOTH,HIGH,EBBE
89046,Hum_NDB_HR,HUM,Hum,NDB,412,43.287200927734375,16.67840003967285,,HR,,,,,,,2.366,BOTH,MEDIUM,
89059,Hanksville_VORTAC_US,HVE,Hanksville,VORTAC,115900,38.41680145263672,-110.69999694824219,4430,US,115900,106X,,,,15.001,11.57,BOTH,HIGH,
89065,Hannover_NDB_DE,HW,Hannover,NDB,358,52.46849822998047,9.546440124511719,,DE,,,,,,,0.589,TERMINAL,LOW,EDDV
89083,Hyeres_TACAN_FR,HYE,Hyeres,TACAN,109000,43.100799560546875,6.147500038146973,7,FR,109000,027X,,,,,0.225,BOTH,HIGH,LFTH
89087,El_Nido_VOR-DME_US,HYP,El Nido,VOR-DME,114200,37.219398498535156,-120.4000015258789,182,US,114200,089X,,,,15.001,14.168,LO,MEDIUM,
89097,Hazen_VORTAC_US,HZN,Hazen,VORTAC,114100,39.51639938354492,-118.99800109863281,4080,US,114100,088X,,,,17.001,14.355,LO,MEDIUM,KNFL
89125,Ibiza_VOR-DME_ES,IBA,Ibiza,VOR-DME,117800,38.86830139160156,1.3659100532531738,30,ES,117800,125X,38.8684,1.36596,30,,-0.432,LO,LOW,LEIB
89149,Uconn_NDB_US,ID,Uconn,NDB,324,43.597801208496094,-111.98100280761719,4794,US,,,,,,,13.269,TERMINAL,MEDIUM,KIDA
89152,Dublin_DME_IE,ID,Dublin,DME,108900,53.420101165771484,-6.270520210266113,200,IE,108900,026X,,,,,-5.043,BOTH,HIGH,EIDW
89153,Idaho_Falls_VOR-DME_US,IDA,Idaho Falls,VOR-DME,113850,43.51900100708008,-112.06400299072266,4724,US,113850,085Y,,,,15.001,13.279,LO,MEDIUM,KIDA
89178,Ingolstadt_TACAN_DE,IGL,Ingolstadt,TACAN,111400,48.71780014038086,11.56980037689209,1233,DE,111400,051X,,,,0.007,1.383,BOTH,HIGH,ETSI
89179,Ingolstadt_NDB_DE,IGL,Ingolstadt,NDB,345,48.73780059814453,11.644700050354004,,DE,,,,,,,1.396,BOTH,LOW,ETSI
89180,Kingman_VOR-DME_US,IGM,Kingman,VOR-DME,108800,35.260501861572266,-113.93399810791016,3410,US,108800,025X,,,,15.001,12.232,BOTH,MEDIUM,
89226,Williams_VORTAC_US,ILA,Williams,VORTAC,114400,39.07109832763672,-122.0270004272461,50,US,114400,091X,,,,18.001,15.026,LO,MEDIUM,
89227,Bistrica_VOR-DME_SI,ILB,Bistrica,VOR-DME,114800,45.56560134887695,14.170900344848633,1962,SI,114800,095X,,,,0.007,2.126,BOTH,HIGH,
89228,Bistrica_NDB_SI,ILB,Bistrica,NDB,414,45.56449890136719,14.17199993133545,1880,SI,,,,,,,2.126,BOTH,MEDIUM,
89229,Wilson_Creek_VORTAC_US,ILC,Wilson Creek,VORTAC,116300,38.25019836425781,-114.39399719238281,9318,US,116300,110X,,,,16.001,13.078,BOTH,HIGH,
89236,Illesheim_NDB_DE,ILM,Illesheim,NDB,488,49.471900939941406,10.387900352478027,1112,DE,,,,,,,1.187,LO,LOW,ETIK
89239,Wildhorse_VOR-DME_US,ILR,Wildhorse,VOR-DME,113800,43.593101501464844,-118.95500183105469,4140,US,113800,085X,,,,18.001,15.407,LO,MEDIUM,
89247,Kimberly_VORTAC_US,IMB,Kimberly,VORTAC,115600,44.648399353027344,-119.71199798583984,5220,US,115600,103X,,,,20.001,16.098,BOTH,HIGH,
89266,Winnemucca_VOR-DME_US,INA,Winnemucca,VOR-DME,108200,40.89929962158203,-117.81199645996094,4302,US,108200,019X,,,,16.001,14.404,LO,LOW,
89268,Konna_NDB_US,INE,Konna,NDB,521,47.094398498535156,-114.39700317382812,3720,US,,,,,,,15.144,LO,MEDIUM,KMSO
89270,Saint-Inglevert_NDB_FR,ING,Saint-Inglevert,NDB,387,50.883201599121094,1.7418099641799927,475,FR,,,,,,,-1.31,,,
89274,Innsbruck_NDB_AT,INN,Innsbruck,NDB,420,47.22999954223633,11.401900291442871,2969,AT,,,,,,,1.358,BOTH,LOW,LOWI
89277,Indian_Springs_TACAN_US,INS,Indian Springs,TACAN,134000,36.584999084472656,-115.66999816894531,3101,US,134000,067X,,,,15.001,13.072,BOTH,LOW,
89278,Inverness_VOR-DME_GB,INS,Inverness,VOR-DME,109200,57.542598724365234,-4.041540145874023,58,GB,109200,029X,,,,-7.001,-5.071,LO,MEDIUM,EGPE
89280,Winslow_VORTAC_US,INW,Winslow,VORTAC,112600,35.06159973144531,-110.79499816894531,4910,US,112600,073X,,,,14.001,11.242,BOTH,HIGH,
89285,Flotta_NDB_GB,IOF,Flotta,NDB,357,58.829898834228516,-3.1450600624084473,,GB,,,,,,,-5.006,BOTH,HIGH,
89287,Isle_Of_Man_VOR-DME_IM,IOM,Isle Of Man,VOR-DME,112200,54.066898345947266,-4.76347017288208,573,IM,112200,059X,,,,-6.001,-4.371,BOTH,HIGH,EGNS
89288,Mc_Call_NDB_US,IOM,Mc Call,NDB,363,44.80569839477539,-116.10199737548828,4912,US,,,,,,,15.13,TERMINAL,LOW,
89302,Imperial_VORTAC_US,IPL,Imperial,VORTAC,115900,32.7489013671875,-115.50900268554688,-20,US,115900,106X,,,,14.001,12.162,BOTH,HIGH,KNJK
89334,Ajaccio_Campo_Dell_Oro_NDB_FR,IS,Ajaccio/Campo Dell Oro,NDB,341,41.898799896240234,8.612079620361328,,FR,,,,,,,0.581,LO,MEDIUM,LFKJ
89339,Istrana_TACAN_IT,ISA,Istrana,TACAN,111700,45.6875,12.116900444030762,189,IT,111700,054X,,,,,1.455,BOTH,HIGH,LIPS
89340,Istrana_NDB_IT,ISA,Istrana,NDB,340,45.69860076904297,12.228300094604492,,IT,,,,,,,1.471,BOTH,LOW,LIPS
89353,Stornoway_DME_GB,ISV,Stornoway,DME,110900,58.21440124511719,-6.3260498046875,28,GB,110900,046X,,,,,-6.228,TERMINAL,LOW,
89355,Islay_DME_GB,ISY,Islay,DME,109950,55.68299865722656,-6.249410152435303,70,GB,109950,036Y,,,,,-5.396,LO,LOW,EGPI
89362,Latina_NDB_IT,ITA,Latina,NDB,393,41.54119873046875,12.919599533081055,61,IT,,,,,,,1.514,TERMINAL,MEDIUM,LIRL
89368,Istres_TACAN_FR,ITR,Istres,TACAN,115700,43.526100158691406,4.926919937133789,82,FR,115700,104X,,,,-1.007,0.03,BOTH,HIGH,LFMI
89369,Istres_NDB_FR,ITR,Istres,NDB,391,43.52619934082031,4.929940223693848,82,FR,,,,,,,0.031,LO,LOW,LFMI
89372,Truly_NDB_US,ITU,Truly,NDB,371,47.36589813232422,-111.37300109863281,4201,US,,,,,,,14.015,TERMINAL,MEDIUM,KGTF
89383,Inverness_NDB_GB,IVR,Inverness,NDB,328,57.541500091552734,-4.0459699630737305,,GB,,,,,,,-5.072,BOTH,MEDIUM,EGPE
89387,Bembridge_NDB_GB,IW,Bembridge,NDB,426,50.68080139160156,-1.106029987335205,,GB,,,,,,,-2.312,LO,MEDIUM,EGHJ
89388,Willie_VORTAC_US,IWA,Willie,VORTAC,113300,33.303199768066406,-111.6510009765625,1370,US,113300,080X,,,,13.001,11.206,LO,MEDIUM,KIWA
89403,Ibiza_NDB_ES,IZA,Ibiza,NDB,394,38.91550064086914,1.4704099893569946,,ES,,,,,,,-0.417,BOTH,MEDIUM,LEIB
89404,Iza_DME_HR,IZA,Iza,DME,109500,45.734901428222656,16.05340003967285,372,HR,109500,032X,,,,,2.369,TERMINAL,LOW,LDZA
89425,Jablonka_VOR-DME_PL,JAB,Jablonka,VOR-DME,116400,49.4828987121582,19.678600311279297,2264,PL,116400,111X,,,,3.007,3.406,BOTH,HIGH,
89426,Jablonka_NDB_PL,JAB,Jablonka,NDB,387,49.476600646972656,19.694000244140625,,PL,,,,,,,3.409,BOTH,MEDIUM,
89428,Jackson_VOR-DME_US,JAC,Jackson,VOR-DME,115400,43.62099838256836,-110.73200225830078,6452,US,115400,101X,43.6214,-110.733,6452,13.006,12.559,LO,MEDIUM,KJAC
89434,Janovce_VOR-DME_SK,JAN,Janovce,VOR-DME,110800,48.1786003112793,17.544700622558594,423,SK,110800,045X,,,,1.007,3.048,BOTH,HIGH,LZIB
89452,Jaszbereny_NDB_HU,JBR,Jaszbereny,NDB,517,47.49380111694336,19.89459991455078,,HU,,,,,,,3.322,BOTH,HIGH,
89471,Jerez_NDB_ES,JER,Jerez,NDB,433,36.83449935913086,-6.0162200927734375,,ES,,,,,,,-2.498,LO,MEDIUM,LEJR
89493,Jijel_VOR-DME_DZ,JIL,Jijel,VOR-DME,117900,36.77669906616211,5.877220153808594,49,DZ,117900,126X,,,,,0.218,BOTH,HIGH,DAAV
89509,Julian_VORTAC_US,JLI,Julian,VORTAC,114000,33.140499114990234,-116.58599853515625,5560,US,114000,087X,,,,15.001,12.349,BOTH,MEDIUM,
89526,Palma_De_Mallorca_VOR-DME_ES,JOA,Palma De Mallorca,VOR-DME,117700,39.564701080322266,2.7466299533843994,26,ES,117700,124X,39.5647,2.74658,26,,-0.228,LO,LOW,
89532,Jonkoping_VOR-DME_SE,JON,Jonkoping,VOR-DME,115800,57.760398864746094,14.065400123596191,772,SE,115800,105X,,,,2.001,2.338,BOTH,HIGH,ESGJ
89552,Jerez_VOR-DME_ES,JRZ,Jerez,VOR-DME,113000,36.81520080566406,-6.0265398025512695,285,ES,113000,077X,36.8153,-6.02629,312,,-2.467,TERMINAL,LOW,LEJR
89563,Jersey_VOR-DME_JE,JSY,Jersey,VOR-DME,112200,49.221099853515625,-2.046109914779663,276,JE,112200,059X,,,,-4.001,-2.387,BOTH,HIGH,EGJJ
89591,Vaxjo_NDB_SE,JX,Vaxjo,NDB,349,56.99610137939453,14.757399559020996,,SE,,,,,,,2.474,BOTH,LOW,ESMX
89609,Tazar_NDB_HU,K,Tazar,NDB,459,46.41299819946289,17.911399841308594,,HU,,,,,,,3.023,LO,MEDIUM,
89611,Oksywie_NDB_PL,K,Oksywie,NDB,290,54.56399917602539,18.542999267578125,,PL,,,,,,,3.532,TERMINAL,LOW,EPOK
89614,Ediz_Hook_NDB_US,K,Ediz Hook,NDB,317,48.13990020751953,-123.4020004272461,85,US,,,,,,,18.037,TERMINAL,LOW,
89623,Karup_NDB_DK,KA,Karup,NDB,369,56.298500061035156,9.236960411071777,,DK,,,,,,,0.431,TERMINAL,LOW,EKKA
89645,Kalmar_VOR-DME_SE,KAL,Kalmar,VOR-DME,111600,56.68539810180664,16.28420066833496,26,SE,111600,053X,,,,2.001,3.194,RNAV,HIGH,ESMQ
89652,Dolsko_NDB_SI,KAM,Dolsko,NDB,328,46.10499954223633,14.67549991607666,1004,SI,,,,,,,2.202,BOTH,LOW,LJLJ
89656,Karup_TACAN_DK,KAR,Karup,TACAN,110000,56.29669952392578,9.008600234985352,173,DK,110000,037X,,,,-1.001,0.379,BOTH,HIGH,EKKA
89659,Kastrup_VOR-DME_DK,KAS,Kastrup,VOR-DME,112500,55.59049987792969,12.61359977722168,29,DK,112500,072X,,,,2.008,1.584,BOTH,HIGH,EKCH
89666,Kavran_NDB_HR,KAV,Kavran,NDB,265,44.89540100097656,14.008199691772461,56,HR,,,,,,,2.093,BOTH,MEDIUM,LDPL
89680,Karlsruhe_Baden_Baden_NDB_DE,KBA,Karlsruhe Baden Baden,NDB,431,48.79800033569336,8.097550392150879,408,DE,,,,,,,0.411,LO,MEDIUM,EDSB
89681,Karlsruhe_Baden_Baden_DME_DE,KBD,Karlsruhe Baden Baden,DME,115800,48.78020095825195,8.088489532470703,495,DE,115800,105X,,,,,0.41,TERMINAL,LOW,EDSB
89683,Karlsborg_NDB_SE,KBG,Karlsborg,NDB,312,58.483299255371094,14.380599975585938,308,SE,,,,,,,2.431,TERMINAL,LOW,ESIA
89686,Koln_Bonn_VOR-DME_DE,KBO,Koln/Bonn,VOR-DME,112150,50.861698150634766,7.145520210266113,311,DE,112150,058Y,,,,0.009,0.176,BOTH,MEDIUM,EDDK
89701,Kbely_NDB_CZ,KD,Kbely,NDB,300,50.1525993347168,14.63659954071045,,CZ,,,,,,,2.282,BOTH,HIGH,LKKB
89711,Tunis_NDB_TN,KDN,Tunis,NDB,386,36.82490158081055,10.309599876403809,,TN,,,,,,,1.136,TERMINAL,MEDIUM,DTTA
89721,Sarajevo_VOR-DME_BA,KEB,Sarajevo,VOR-DME,116700,43.93389892578125,18.449800491333008,5025,BA,116700,114X,,,,1.007,2.581,BOTH,HIGH,LQSA
89725,Kerkira_NDB_GR,KEK,Kerkira,NDB,403,39.587799072265625,19.911699295043945,,GR,,,,,,,2.539,TERMINAL,LOW,LGKR
89730,Kerry_NDB_IE,KER,Kerry,NDB,334,52.18220138549805,-9.524490356445312,,IE,,,,,,,-6.126,BOTH,LOW,EIKY
89745,Klagenfurt_VOR-DME_AT,KFT,Klagenfurt,VOR-DME,113100,46.597599029541016,14.562299728393555,2279,AT,113100,078X,46.5977,14.5624,2279,1.007,2.197,BOTH,HIGH,LOWK
89746,Klagenfurt_NDB_AT,KFT,Klagenfurt,NDB,374,46.625099182128906,14.534199714660645,1509,AT,,,,,,,2.194,BOTH,LOW,LOWK
89749,Kobiljaca_NDB_BA,KG,Kobiljaca,NDB,358,43.88140106201172,18.177000045776367,1707,BA,,,,,,,2.551,LO,LOW,LQSA
89768,Kiel_Holtenau_DME_DE,KHD,Kiel Holtenau,DME,109500,54.37879943847656,10.145400047302246,119,DE,109500,032X,,,,,1.072,LO,LOW,EDHK
89797,Kiel_Holtenau_NDB_DE,KIL,Kiel Holtenau,NDB,353,54.377601623535156,10.119999885559082,,DE,,,,,,,1.067,TERMINAL,LOW,EDHK
89802,Kirn_VORTAC_DE,KIR,Kirn,VORTAC,117500,49.85020065307617,7.369579792022705,1453,DE,117500,122X,,,,0.009,0.252,LO,HIGH,
89845,Klasdorf_VOR-DME_DE,KLF,Klasdorf,VOR-DME,115150,52.01940155029297,13.563400268554688,233,DE,115150,098Y,,,,2.01,2.162,BOTH,HIGH,EDAZ
89850,Kloten_VOR-DME_CH,KLO,Kloten,VOR-DME,114850,47.45709991455078,8.54557991027832,1410,CH,114850,095Y,,,,,0.514,BOTH,MEDIUM,LSZH
89851,Kolocep_NDB_HR,KLP,Kolocep,NDB,318,42.6693000793457,18.02090072631836,76,HR,,,,,,,2.487,LO,MEDIUM,LDDU
89852,Killiney_NDB_IE,KLY,Killiney,NDB,378,53.26959991455078,-6.10644006729126,,IE,,,,,,,-5.005,BOTH,LOW,EIDW
300049,Kemble_NDB_GB,KMB,Kemble,NDB,349,51.669166667,-2.068888889,,GB,,,,,,,,,,
89872,Kmiecin_VOR_PL,KMI,Kmiecin,VOR,116800,54.20130157470703,19.145099639892578,,PL,,,,,,3.207,4.019,BOTH,HIGH,
89886,Oksywie_NDB_PL,KN,Oksywie,NDB,494,54.54859924316406,18.566999435424805,,PL,,,,,,,3.535,TERMINAL,LOW,EPOK
89895,Kunovice_NDB_CZ,KNE,Kunovice,NDB,434,49.04650115966797,17.452199935913086,,CZ,,,,,,,3.071,TERMINAL,LOW,LKKU
89898,Konig_NDB_DE,KNG,Konig,NDB,355,49.76219940185547,9.091670036315918,,DE,,,,,,,0.562,LO,LOW,
89900,Connaught_NDB_IE,KNK,Connaught,NDB,364,53.89649963378906,-8.937000274658203,,IE,,,,,,,-6.237,BOTH,HIGH,EIKN
89907,Kozala_NDB_HR,KO,Kozala,NDB,438,45.334598541259766,14.446800231933594,,HR,,,,,,,2.157,TERMINAL,LOW,LDRI
89916,Koksy_VORTAC_BE,KOK,Koksy,VORTAC,114500,51.09469985961914,2.651669979095459,30,BE,114500,092X,51.0992,2.65472,20,-2.007,-1.134,BOTH,HIGH,EBFN
89918,Korsa_VOR-DME_DK,KOR,Korsa,VOR-DME,112800,55.43939971923828,11.631500244140625,136,DK,112800,075X,,,,1.008,1.375,RNAV,HIGH,
89941,Kempten_VOR-DME_DE,KPT,Kempten,VOR-DME,109600,47.74580001831055,10.349699974060059,2529,DE,109600,033X,,,,0.007,1.196,BOTH,HIGH,
89965,Karlsruhe_VOR-DME_DE,KRH,Karlsruhe,VOR-DME,115950,48.99290084838867,8.584239959716797,908,DE,115950,106Y,,,,0.01,0.49,BOTH,HIGH,
89969,Karmoy_VOR-DME_NO,KRM,Karmoy,VOR-DME,115150,59.346500396728516,5.201690196990967,102,NO,115150,098Y,,,,-3.001,-1.125,BOTH,HIGH,ENHD
89980,Kartuzy_VOR-DME_PL,KRT,Kartuzy,VOR-DME,113200,54.29970169067383,18.20800018310547,689,PL,113200,079X,,,,2.007,3.453,BOTH,HIGH,EPGD
89983,Krakow_NDB_PL,KRW,Krakow,NDB,353,50.09560012817383,19.912799835205078,,PL,,,,,,,3.478,BOTH,HIGH,EPKK
89996,Kinloss_NDB_GB,KS,Kinloss,NDB,370,57.65039825439453,-3.5870399475097656,,GB,,,,,,,-4.56,BOTH,HIGH,GB-1218
90001,Karlstad_VOR-DME_SE,KSD,Karlstad,VOR-DME,117800,59.44240188598633,13.331600189208984,348,SE,117800,125X,,,,1.001,2.197,BOTH,HIGH,ESOK
90005,Kassel_NDB_DE,KSL,Kassel,NDB,349,51.46480178833008,9.45740032196045,886,DE,,,,,,,0.593,BOTH,LOW,EDVK
90011,Kinloss_TACAN_GB,KSS,Kinloss,TACAN,109800,57.6593017578125,-3.5351099967956543,75,GB,109800,035X,,,,-6.012,-4.546,BOTH,HIGH,EGQS
90028,Kitzingen_VOR_DE,KTG,Kitzingen,VOR,111400,49.74589920043945,10.213600158691406,697,DE,,,,,,-1.009,1.155,LO,LOW,ETIN
90031,Kuhtai_NDB_AT,KTI,Kuhtai,NDB,413,47.21549987792969,11.027799606323242,6726,AT,,,,,,,1.3,LO,LOW,LOWI
90058,Kunovice_NDB_CZ,KUN,Kunovice,NDB,416,49.11389923095703,17.501399993896484,,CZ,,,,,,,3.08,TERMINAL,LOW,LKKU
90072,Karlovy_Vary_VOR-DME_CZ,KVY,Karlovy Vary,VOR-DME,111550,50.20119857788086,12.92590045928955,2167,CZ,111550,052Y,,,,,2.015,TERMINAL,LOW,LKKV
90073,Klagenfurt_NDB_AT,KW,Klagenfurt,NDB,405,46.66749954223633,14.218299865722656,,AT,,,,,,,2.153,LO,LOW,LOWK
90080,Kirkwall_NDB_GB,KW,Kirkwall,NDB,395,58.959598541259766,-2.9115800857543945,,GB,,,,,,,-4.557,TERMINAL,LOW,EGPA
90088,Kirkwall_VOR-DME_GB,KWL,Kirkwall,VOR-DME,108600,58.95970153808594,-2.8939499855041504,65,GB,108600,023X,,,,-6.812,-4.552,BOTH,LOW,EGPA
90115,Liboc_NDB_CZ,L,Liboc,NDB,372,50.11989974975586,14.286600112915039,,CZ,,,,,,,2.226,TERMINAL,LOW,
90116,Budapest_NDB_HU,L,Budapest,NDB,357,47.45180130004883,19.247299194335938,,HU,,,,,,,3.238,TERMINAL,LOW,
90120,Krakow_NDB_PL,L,Krakow,NDB,379,50.08190155029297,19.814599990844727,,PL,,,,,,,3.463,TERMINAL,MEDIUM,
90121,Getafe_NDB_ES,L,Getafe,NDB,335,40.27989959716797,-3.7423698902130127,,ES,,,,,,,-2.162,TERMINAL,LOW,
90126,Namest_NDB_CZ,LA,Namest,NDB,563,49.13650131225586,16.17959976196289,,CZ,,,,,,,2.49,TERMINAL,HIGH,LKNA
90136,Arlanda_NDB_SE,LA,Arlanda,NDB,404,59.72949981689453,17.946699142456055,,SE,,,,,,,4.152,BOTH,MEDIUM,ESSA
90137,Lyneham_NDB_GB,LA,Lyneham,NDB,282,51.50830078125,-2.0058701038360596,513,GB,,,,,,,-2.596,TERMINAL,LOW,GB-1213
90143,Landsberg_TACAN_DE,LAB,Landsberg,TACAN,112150,48.06529998779297,10.880800247192383,2102,DE,112150,058Y,,,,,1.277,BOTH,HIGH,DE-0883
90146,Lacomas_NDB_US,LAC,Lacomas,NDB,328,47.007999420166016,-122.55599975585938,101,US,,,,,,,17.311,LO,LOW,KGRF
90148,Laage_TACAN_DE,LAG,Laage,TACAN,108250,53.9197998046875,12.286299705505371,190,DE,108250,019Y,,,,0.007,1.51,BOTH,HIGH,ETNL
90153,Banja_Luka_VOR-DME_BA,LAK,Banja Luka,VOR-DME,115900,44.94169998168945,17.295799255371094,400,BA,115900,106X,,,,,2.492,BOTH,LOW,LQBK
90156,Lambourne_VOR-DME_GB,LAM,Lambourne,VOR-DME,115600,51.64609909057617,0.15166699886322021,200,GB,115600,103X,,,,-3.001,-2.119,BOTH,HIGH,
90165,La_Praz_DME_CH,LAP,La Praz,DME,110650,46.67610168457031,6.413330078125,4244,CH,110650,043Y,,,,,0.184,BOTH,HIGH,
90173,Arruda_NDB_PT,LAR,Arruda,NDB,382,38.994300842285156,-9.040390014648438,,PT,,,,,,,-3.58,TERMINAL,LOW,LPPT
90174,Las_Vegas_VORTAC_US,LAS,Las Vegas,VORTAC,116900,36.0797004699707,-115.16000366210938,2141,US,116900,116X,,,,15.001,12.529,BOTH,HIGH,KLAS
90176,Latina_VOR-DME_IT,LAT,Latina,VOR-DME,111200,41.541099548339844,12.918100357055664,93,IT,111200,049X,,,,,1.514,BOTH,HIGH,LIRL
90177,Latina_NDB_IT,LAT,Latina,NDB,379,41.52439880371094,12.943599700927734,,IT,,,,,,,1.507,TERMINAL,LOW,LIRL
90178,Lichtenau_NDB_DE,LAU,Lichtenau,NDB,341,51.20429992675781,9.690990447998047,,DE,,,,,,,1.041,BOTH,HIGH,
90181,Landvetter_VOR-DME_SE,LAV,Landvetter,VOR-DME,114600,57.65610122680664,12.289899826049805,574,SE,114600,093X,,,,1.001,1.523,BOTH,HIGH,ESGG
90182,Poznan_VOR-DME_PL,LAW,Poznan,VOR-DME,115800,52.422401428222656,16.8302001953125,308,PL,115800,105X,,,,,3.113,BOTH,MEDIUM,
90184,Los_Angeles_VORTAC_US,LAX,Los Angeles,VORTAC,113600,33.933101654052734,-118.43199920654297,182,US,113600,083X,33.9334,-118.432,180,15.001,13.076,BOTH,HIGH,KLAX
90187,Islay_NDB_GB,LAY,Islay,NDB,395,55.682899475097656,-6.2494797706604,58,GB,,,,,,,-5.396,BOTH,LOW,EGPI
90203,Leeds_Bradford_NDB_GB,LBA,Leeds Bradford,NDB,403,53.8650016784668,-1.6528899669647217,,GB,,,,,,,-3.165,LO,HIGH,EGNM
90205,Elbe_VOR-DME_DE,LBE,Elbe,VOR-DME,115100,53.65420150756836,9.595060348510742,50,DE,115100,098X,,,,1.01,0.573,BOTH,HIGH,
90208,Laker_NDB_US,LBH,Laker,NDB,332,45.541099548339844,-122.46199798583984,125,US,,,,,,,17.013,LO,LOW,
90216,Luburg_VOR-DME_DE,LBU,Luburg,VOR-DME,109200,48.91299819946289,9.340229988098145,1064,DE,109200,029X,,,,0.003,1.019,LO,MEDIUM,EDDS
90226,La_Chatre_VOR_FR,LCA,La Chatre,VOR,112100,46.69139862060547,2.1495800018310547,882,FR,,,,,,-3.007,-0.563,BOTH,HIGH,
90229,Lecce_VORTAC_IT,LCC,Lecce,VORTAC,112800,40.2484016418457,18.130699157714844,217,IT,112800,075X,,,,,2.405,BOTH,HIGH,LIBN
90234,Lechfeld_TACAN_DE,LCH,Lechfeld,TACAN,108800,48.19049835205078,10.859000205993652,1838,DE,108800,025X,,,,0.007,1.273,BOTH,HIGH,ETSL
90238,Lucin_VORTAC_US,LCU,Lucin,VORTAC,113600,41.362998962402344,-113.84100341796875,4400,US,113600,083X,,,,17.001,13.384,BOTH,HIGH,02UT
90239,City_NDB_GB,LCY,City,NDB,322,51.50429916381836,0.06750299781560898,,GB,,,,,,,-2.125,TERMINAL,LOW,EGLC
90241,Murcia_San_Javier_NDB_ES,LCZ,Murcia/San Javier,NDB,381,37.676300048828125,-0.9392780065536499,,ES,,,,,,,-1.19,LO,MEDIUM,LELC
90254,Landivisiau_TACAN_FR,LDV,Landivisiau,TACAN,115150,48.52830123901367,-4.156310081481934,364,FR,115150,098Y,,,,-6.007,-3.189,BOTH,HIGH,LFRJ
90255,Lydd_DME_GB,LDY,Lydd,DME,108150,50.95920181274414,0.9374769926071167,28,GB,108150,018Y,,,,,-1.488,TERMINAL,LOW,
90256,Lodz_VOR-DME_PL,LDZ,Lodz,VOR-DME,112400,51.80009841918945,19.656099319458008,787,PL,112400,071X,,,,2.007,3.547,BOTH,HIGH,EPLL
90260,Leicester_NDB_GB,LE,Leicester,NDB,384,52.60639953613281,-1.034999966621399,,GB,,,,,,,-2.482,TERMINAL,LOW,EGBG
90270,Leipzig_South_DME_DE,LED,Leipzig South,DME,112150,51.41130065917969,12.223799705505371,502,DE,112150,058Y,,,,,1.493,TERMINAL,LOW,EDDP
90271,Leeming_TACAN_GB,LEE,Leeming,TACAN,112600,54.29710006713867,-1.536870002746582,92,GB,112600,073X,,,,,-3.185,HI,LOW,EGXE
90273,Leipzig_VOR-DME_DE,LEG,Leipzig,VOR-DME,115850,51.43600082397461,12.473199844360352,486,DE,115850,105Y,,,,1.001,1.537,BOTH,HIGH,EDDP
90279,Leon_NDB_ES,LEN,Leon,NDB,330,42.58660125732422,-5.648059844970703,,ES,,,,,,,-3.051,BOTH,MEDIUM,LELN
90281,Lesquin_VOR-DME_FR,LEQ,Lesquin,VOR-DME,109000,50.561798095703125,3.089169979095459,157,FR,109000,027X,,,,,-1.008,BOTH,HIGH,LFQQ
90285,Levaldigi_NDB_IT,LEV,Levaldigi,NDB,371,44.5442008972168,7.615389823913574,,IT,,,,,,,0.42,BOTH,LOW,LIMZ
90286,Nice_NDB_FR,LEZ,Nice,NDB,399,43.725399017333984,7.3266401290893555,,FR,,,,,,,0.389,LO,LOW,LFMN
90289,Ronneby_NDB_SE,LF,Ronneby,NDB,380,56.195098876953125,15.247200012207031,,SE,,,,,,,2.554,TERMINAL,LOW,ESDF
90293,Merrill_NDB_US,LFA,Merrill,NDB,347,41.985198974609375,-121.64299774169922,4090,US,,,,,,,15.474,LO,LOW,KLMT
90301,Liege_NDB_BE,LG,Liege,NDB,349,50.65010070800781,5.466770172119141,550,BE,,,,,,,-0.138,TERMINAL,LOW,EBLG
90303,Becca_NDB_US,LG,Becca,NDB,233,33.75669860839844,-118.0770034790039,12,US,,,,,,,13.012,LO,LOW,KSLI
90307,La_Grande_NDB_US,LGD,La Grande,NDB,296,45.342498779296875,-117.96299743652344,2702,US,,,,,,,15.552,TERMINAL,LOW,
90308,Liege_VOR-DME_BE,LGE,Liege,VOR-DME,115450,50.653900146484375,5.470560073852539,698,BE,115450,101Y,,,,,-0.138,TERMINAL,LOW,EBLG
90311,L'Aigle_VOR_FR,LGL,L'Aigle,VOR,115000,48.79059982299805,0.5302780270576477,971,FR,,,,,,-3.007,-1.409,BOTH,HIGH,
90313,Logan_VOR-DME_US,LGU,Logan,VOR-DME,109800,41.84410095214844,-111.86499786376953,4466,US,109800,035X,,,,16.001,13.023,TERMINAL,LOW,
90323,Brigham_City_VOR-DME_US,LHO,Brigham City,VOR-DME,112900,41.79290008544922,-112.01000213623047,5358,US,112900,076X,,,,14.009,13.049,LO,MEDIUM,
90325,Lahr_NDB_DE,LHR,Lahr,NDB,337,48.34870147705078,7.811160087585449,,DE,,,,,,,0.374,BOTH,LOW,EDTL
90327,Lake_Hughes_VORTAC_US,LHS,Lake Hughes,VORTAC,108400,34.68299865722656,-118.5770034790039,5790,US,108400,021X,,,,15.001,13.195,LO,MEDIUM,
90331,Dusseldorf_NDB_DE,LI,Dusseldorf,NDB,417,51.34700012207031,6.891280174255371,,DE,,,,,,,0.144,TERMINAL,LOW,
90335,Liberator_VOR_US,LIA,Liberator,VOR,114900,42.98270034790039,-115.77400207519531,2990,US,,,,,,18.001,14.386,LO,MEDIUM,KMUO
90340,Lichfield_NDB_GB,LIC,Lichfield,NDB,545,52.746700286865234,-1.71943998336792,,GB,,,,,,,-3.058,LO,MEDIUM,
90346,Linden_VORTAC_US,LIN,Linden,VORTAC,114800,38.07460021972656,-121.00399780273438,260,US,114800,095X,,,,17.001,14.364,BOTH,HIGH,KRIU
90347,Linate_VOR-DME_IT,LIN,Linate,VOR-DME,112250,45.4612007141,9.2753200531,386,IT,116000,107X,,,,,1.054,BOTH,HIGH,LIML
90349,Linate_NDB_IT,LIN,Linate,NDB,386,45.34429931640625,9.288579940795898,,IT,,,,,,,1.057,BOTH,LOW,LIML
90355,Lisboa_VOR-DME_PT,LIS,Lisboa,VOR-DME,114800,38.889400482177734,-9.162779808044434,1142,PT,114800,095X,,,,-5.007,-4.002,BOTH,HIGH,LPPT
90363,Koln_Bonn_NDB_DE,LJ,Koln/Bonn,NDB,365,50.927101135253906,7.062290191650391,,DE,,,,,,,0.158,TERMINAL,LOW,EDDK
90370,Ljungbyhed_VOR-DME_SE,LJU,Ljungbyhed,VOR-DME,113400,56.083099365234375,13.20110034942627,154,SE,113400,081X,,,,,2.115,TERMINAL,LOW,ESTL
90382,Lakenheath_TACAN_GB,LKH,Lakenheath,TACAN,110200,52.40639877319336,0.5479639768600464,91,GB,110200,039X,,,,-2.002,-2.098,BOTH,LOW,EGUL
90386,Salmon_VOR-DME_US,LKT,Salmon,VOR-DME,113500,45.02130126953125,-114.08399963378906,9258,US,113500,082X,,,,18.001,14.349,BOTH,HIGH,
90388,Lakeview_VORTAC_US,LKV,Lakeview,VORTAC,112000,42.492801666259766,-120.50700378417969,7460,US,112000,057X,,,,19.001,15.427,BOTH,HIGH,
90395,Lovelock_VORTAC_US,LLC,Lovelock,VORTAC,116500,40.124900817871094,-118.5780029296875,4784,US,116500,112X,,,,16.001,14.393,BOTH,MEDIUM,
90410,Le_Mans_NDB_FR,LM,Le Mans,NDB,326,47.89360046386719,0.17138899862766266,,FR,,,,,,,-1.418,BOTH,MEDIUM,LFRM
90415,Malta_DME_MT,LM,Malta,DME,110500,35.837100982666016,14.502799987792969,300,MT,110500,042X,,,,,1.522,TERMINAL,MEDIUM,LMML
90416,Lima_NDB_DE,LMA,Lima,NDB,311,51.37080001831055,6.394999980926514,,DE,,,,,,,0.011,BOTH,LOW,
90418,Limoges_VOR-DME_FR,LMG,Limoges,VOR-DME,114500,45.81589889526367,1.0255800485610962,1375,FR,114500,092X,,,,-3.007,-1.127,BOTH,HIGH,LFBL
90427,Klamath_Falls_VORTAC_US,LMT,Klamath Falls,VORTAC,115900,42.153099060058594,-121.72799682617188,4087,US,115900,106X,,,,17.001,15.512,BOTH,HIGH,KLMT
90428,Lamezia_Terme_VOR-DME_IT,LMT,Lamezia Terme,VOR-DME,112500,38.902801513671875,16.264999389648438,45,IT,112500,072X,,,,,2.182,LO,MEDIUM,LICA
90438,Lena_NDB_SE,LNA,Lena,NDB,330,59.53900146484375,17.358299255371094,,SE,,,,,,,3.596,TERMINAL,LOW,
90441,Lands_End_VOR-DME_GB,LND,Lands End,VOR-DME,114200,50.13629913330078,-5.636990070343018,800,GB,114200,089X,,,,-5.001,-4.096,BOTH,HIGH,EGHQ
90442,Leipzig_North_DME_DE,LND,Leipzig North,DME,113500,51.43429946899414,12.225700378417969,415,DE,113500,082X,,,,,1.494,TERMINAL,LOW,EDDP
90448,Olno_VOR-DME_BE,LNO,Olno,VOR-DME,112800,50.58580017089844,5.710279941558838,811,BE,112800,075X,,,,-1.007,-0.088,BOTH,HIGH,
90449,Tour_Du_Pin_VOR_FR,LNP,Tour Du Pin,VOR,113450,45.48979949951172,5.440000057220459,,FR,,,,,,,0.06,BOTH,HIGH,
90452,Longside_NDB_GB,LNS,Longside,NDB,339,57.51649856567383,-1.8683099746704102,,GB,,,,,,,-4.066,LO,LOW,
90455,Linz_VOR-DME_AT,LNZ,Linz,VOR-DME,116600,48.229698181152344,14.10319995880127,1145,AT,116600,113X,48.2297,14.1033,1145,0.007,2.164,BOTH,HIGH,
90456,Linz_NDB_AT,LNZ,Linz,NDB,327,48.237098693847656,14.321800231933594,,AT,,,,,,,2.196,BOTH,MEDIUM,
90459,Billund_NDB_DK,LO,Billund,NDB,341,55.74449920654297,9.279669761657715,,DK,,,,,,,0.455,TERMINAL,LOW,EKBI
90462,Lisboa_Lom_NDB_PT,LO,Lisboa Lom,NDB,401,38.85309982299805,-9.09749984741211,,PT,,,,,,,-3.587,TERMINAL,HIGH,
90467,Targy_NDB_US,LO,Targy,NDB,415,44.575401306152344,-111.197998046875,7000,US,,,,,,,13.197,TERMINAL,MEDIUM,KWYS
90474,London_VOR-DME_GB,LON,London,VOR-DME,113600,51.48720169067383,-0.4666669964790344,110,GB,113600,083X,,,,-3.001,-2.243,BOTH,HIGH,EGLL
90476,Linton_On_Ouse_TACAN_GB,LOO,Linton On Ouse,TACAN,109000,54.050498962402344,-1.2490400075912476,53,GB,109000,027X,,,,,-3.087,BOTH,HIGH,GB-1226
90477,Lampson_NDB_US,LOP,Lampson,NDB,217,38.995201110839844,-122.88400268554688,1355,US,,,,,,,15.092,LO,LOW,
90478,Lorient_TACAN_FR,LOR,Lorient,TACAN,115800,47.76150131225586,-3.4411699771881104,141,FR,115800,105X,,,,,-2.562,BOTH,HIGH,LFRH
90479,Lorient_NDB_FR,LOR,Lorient,NDB,359,47.76319885253906,-3.440690040588379,161,FR,,,,,,,-2.563,LO,LOW,LFRH
90483,Losinj_NDB_HR,LOS,Losinj,NDB,429,44.527099609375,14.472800254821777,239,HR,,,,,,,2.144,BOTH,LOW,LDLO
90492,Ronneby_NDB_SE,LP,Ronneby,NDB,318,56.33980178833008,15.28600025177002,,SE,,,,,,,2.568,TERMINAL,LOW,ESDF
90494,Logrono_VOR-DME_ES,LPA,Logrono,VOR-DME,115450,42.46049880981445,-2.3269100189208984,1348,ES,115450,101Y,42.4604,-2.32698,1182,,-1.586,BOTH,MEDIUM,
90497,Lampedusa_VOR-DME_IT,LPD,Lampedusa,VOR-DME,108600,35.499698638916016,12.630999565124512,59,IT,108600,023X,35.5003,12.6314,59,0.007,1.338,RNAV,HIGH,LICD
90499,Lampedusa_NDB_IT,LPD,Lampedusa,NDB,373,35.50040054321289,12.615900039672852,,IT,,,,,,,1.337,LO,MEDIUM,LICD
90505,Landsberg_NDB_DE,LQ,Landsberg,NDB,448,48.09479904174805,11.018799781799316,2062,DE,,,,,,,1.299,LO,LOW,DE-0883
90508,Luqa_DME_MT,LQ,Luqa,DME,109700,35.854400634765625,14.481100082397461,300,MT,109700,034X,,,,,1.521,TERMINAL,LOW,LMML
90509,Luqa_NDB_MT,LQA,Luqa,NDB,416,35.8916015625,14.538200378417969,,MT,,,,,,,1.527,LO,MEDIUM,LMML
90521,La_Coruna_VOR-DME_ES,LRA,La Coruna,VOR-DME,115100,43.39619827270508,-8.306819915771484,415,ES,115100,098X,43.3961,-8.30679,423,,-4.07,BOTH,HIGH,LECO
90524,Lerida_NDB_ES,LRD,Lerida,NDB,404,41.55289840698242,0.6480219960212708,,ES,,,,,,,-1.013,BOTH,MEDIUM,
90525,Lahr_DME_DE,LRD,Lahr,DME,108050,48.36410140991211,7.82751989364624,556,DE,108050,017Y,,,,,0.376,TERMINAL,LOW,EDTL
90547,Lyon_Saint_Exupery_VOR-DME_FR,LSE,Lyon/Saint Exupery,VOR-DME,114750,45.74549865722656,5.090579986572266,821,FR,114750,094Y,,,,-1.007,-0.006,BOTH,HIGH,LFLL
90550,Lashenden_NDB-DME_GB,LSH,Lashenden,NDB-DME,340,51.154701232910156,0.6480559706687927,72,GB,115950,106Y,,,,,-1.567,TERMINAL,LOW,EGKH
90553,Kelso_NDB_US,LSO,Kelso,NDB,256,46.15549850463867,-122.91300201416016,25,US,,,,,,,17.181,LO,LOW,
90554,Lista_TACAN_NO,LST,Lista,TACAN,109300,58.10150146484375,6.625810146331787,48,NO,109300,030X,,,,-2.001,-0.274,BOTH,HIGH,ENLI
90557,Lista_NDB_NO,LST,Lista,NDB,383,58.07160186767578,6.686820030212402,25,NO,,,,,,,-0.257,HI,MEDIUM,ENLI
90558,Nellis_TACAN_US,LSV,Nellis,TACAN,135500,36.24470138549805,-115.0250015258789,1864,US,135500,012X,,,,15.001,12.529,BOTH,MEDIUM,KLSV
90566,Klickitat_VOR-DME_US,LTJ,Klickitat,VOR-DME,112300,45.713600158691406,-121.10099792480469,3220,US,112300,070X,,,,21.001,16.481,BOTH,HIGH,
90572,La_Tour_Du_Pin_VOR-DME_FR,LTP,La Tour Du Pin,VOR-DME,115550,45.48899841308594,5.439060211181641,2165,FR,115550,102Y,,,,-1.007,0.059,BOTH,HIGH,
90578,Chester_NDB_US,LTY,Chester,NDB,323,48.50809860229492,-110.98100280761719,3165,US,,,,,,,14.051,LO,LOW,
90580,Banja_Luka_NDB_BA,LU,Banja Luka,NDB,397,44.96080017089844,17.295799255371094,400,BA,,,,,,,2.493,BOTH,LOW,
90582,Le_Luc_NDB_FR,LU,Le Luc,NDB,378,43.38690185546875,6.525169849395752,,FR,,,,,,,0.277,LO,LOW,LFMC
90591,Lubeck_VOR_DE,LUB,Lubeck,VOR,110600,53.94070053100586,10.667799949645996,264,DE,,,,,,1.009,1.186,BOTH,HIGH,EDHL
90593,Lubin_NDB_PL,LUB,Lubin,NDB,351,51.41510009765625,16.21109962463379,,PL,,,,,,,2.571,LO,LOW,EPLU
90594,Le_Luc_VOR-DME_FR,LUC,Le Luc,VOR-DME,113000,43.3828010559082,6.255919933319092,266,FR,113000,077X,,,,0.007,0.237,BOTH,HIGH,LFMC
90595,Lubeck_Blankensee_DME_DE,LUD,Lubeck Blankensee,DME,115650,53.806400299072266,10.718600273132324,70,DE,115650,103Y,,,,,1.198,TERMINAL,LOW,EDHL
90597,Luke_TACAN_US,LUF,Luke,TACAN,113000,33.53770065307617,-112.37999725341797,1076,US,113000,077X,,,,13.01,11.377,BOTH,MEDIUM,KLUF
90599,Leuchars_TACAN_GB,LUK,Leuchars,TACAN,110500,56.372798919677734,-2.8636701107025146,72,GB,110500,042X,,,,-7.007,-4.184,BOTH,HIGH,EGQL
90601,Luxeuil_VOR_FR,LUL,Luxeuil,VOR,117100,47.68830108642578,6.29557991027832,,FR,,,,,,-1.007,0.134,BOTH,HIGH,LFSX
90603,Laupheim_NDB_DE,LUP,Laupheim,NDB,407,48.21799850463867,9.910869598388672,1846,DE,,,,,,,1.122,LO,LOW,ETHL
90606,Luxembourg_VOR-DME_LU,LUX,Luxembourg,VOR-DME,112250,49.639400482177734,6.247220039367676,1234,LU,112250,059Y,,,,,0.054,TERMINAL,LOW,ELLX
90612,Koln_Bonn_NDB_DE,LV,Koln/Bonn,NDB,327,50.80419921875,7.240220069885254,,DE,,,,,,,0.196,TERMINAL,LOW,EDDK
90615,Reiga_NDB_US,LV,Reiga,NDB,374,37.69219970703125,-121.68399810791016,683,US,,,,,,,14.371,LO,LOW,
90624,Livingston_VORTAC_US,LVM,Livingston,VORTAC,116100,45.70249938964844,-110.44200134277344,4650,US,116100,108X,,,,15.001,13.135,LO,MEDIUM,KLVM
90630,Koln_Bonn_NDB_DE,LW,Koln/Bonn,NDB,301,50.89830017089844,7.25285005569458,,DE,,,,,,,0.195,TERMINAL,LOW,EDDK
90638,Lowenberg_VOR-DME_DE,LWB,Lowenberg,VOR-DME,114550,52.910301208496094,13.134599685668945,234,DE,114550,092Y,,,,1.01,2.067,BOTH,HIGH,
90640,Leeuwarden_TACAN_NL,LWD,Leeuwarden,TACAN,114700,53.22359848022461,5.75193977355957,22,NL,114700,094X,,,,-3.007,-0.212,BOTH,HIGH,EHLW
90641,Lewisburg_NDB_US,LWG,Lewisburg,NDB,225,44.61360168457031,-123.27100372314453,330,US,,,,,,,16.521,LO,LOW,KCVO
90642,Wells_VOR_US,LWL,Wells,VOR,114200,41.144798278808594,-114.97799682617188,5905,US,,,,,,17.001,13.571,LO,MEDIUM,
90650,Luxeuil_TACAN_FR,LXI,Luxeuil,TACAN,108200,47.783199310302734,6.357110023498535,913,FR,108200,019X,,,,-1.007,0.142,BOTH,HIGH,LFSX
90652,Luxeuil_NDB_FR,LXI,Luxeuil,NDB,364,47.796600341796875,6.375189781188965,913,FR,,,,,,,0.145,BOTH,HIGH,LFSX
90661,Lydd_VOR-DME_GB,LYD,Lydd,VOR-DME,114050,50.999698638916016,0.8786110281944275,30,GB,114050,087Y,,,,-3.007,-1.504,BOTH,HIGH,EGMD
90663,Lyneham_TACAN_GB,LYE,Lyneham,TACAN,109800,51.510101318359375,-1.9922399520874023,463,GB,109800,035X,,,,,-2.593,BOTH,LOW,GB-1213
90664,Lubeck_Blankensee_NDB_DE,LYE,Lubeck Blankensee,NDB,394,53.80080032348633,10.695899963378906,53,DE,,,,,,,1.194,TERMINAL,LOW,EDHL
90666,Libby_NDB_US,LYI,Libby,NDB,414,48.30440139770508,-115.49500274658203,2500,US,,,,,,,15.585,LO,LOW,
90671,Lydd_NDB_GB,LYX,Lydd,NDB,397,50.972198486328125,0.9552860260009766,,GB,,,,,,,-1.485,TERMINAL,LOW,EGMD
90681,Budapest_NDB_HU,M,Budapest,NDB,403,47.42399978637695,19.260700225830078,,HU,,,,,,,3.239,TERMINAL,LOW,
90698,Leipzig_NDB_DE,MA,Leipzig,NDB,357,51.39509963989258,12.343199729919434,,DE,,,,,,,1.515,TERMINAL,LOW,EDDP
90707,Madrid_NDB_ES,MA,Madrid,NDB,390,40.40079879760742,-3.4906399250030518,,ES,,,,,,,-2.119,TERMINAL,LOW,
90712,Machrihanish_VOR-DME_GB,MAC,Machrihanish,VOR-DME,116000,55.43000030517578,-5.650279998779297,95,GB,116000,107X,,,,-7.001,-5.196,BOTH,HIGH,EGEC
90720,Magdeburg_VOR-DME_DE,MAG,Magdeburg,VOR-DME,110450,51.994998931884766,11.794300079345703,209,DE,110450,041Y,,,,1.011,1.417,BOTH,HIGH,EDOV
90722,Maisach_VOR-DME_DE,MAH,Maisach,VOR-DME,115200,48.263401031499995,11.311900138899999,1759,DE,108400,021X,,,,1,1.4,BOTH,HIGH,
90729,Mackel_NDB_BE,MAK,Mackel,NDB,361,50.964698791503906,3.496109962463379,33,BE,,,,,,,-0.55,LO,LOW,
90731,Malpensa_VOR-DME_IT,MAL,Malpensa,VOR-DME,111200,45.6427001953125,8.734560012817383,768,IT,111200,049X,,,,,0.572,BOTH,HIGH,LIMC
90732,Malpensa_NDB_IT,MAL,Malpensa,NDB,364,45.545799255371094,8.75625991821289,,IT,,,,,,,0.577,BOTH,LOW,LIMC
90733,Marham_TACAN_GB,MAM,Marham,TACAN,108700,52.647300720214844,0.5532640218734741,75,GB,108700,024X,,,,,-2.118,HI,LOW,EGYM
90741,Martin_VOR-DME_ES,MAR,Martin,VOR-DME,112600,37.055301666259766,-4.939889907836914,2267,ES,112600,073X,37.0554,-4.93983,2267,-3.007,-2.296,BOTH,HIGH,LEMG
90742,Houari_Boumediene_NDB_DZ,MAR,Houari Boumediene,NDB,416,36.68519973754883,2.7824299335479736,,DZ,,,,,,,-0.201,BOTH,HIGH,DAAG
90744,Marseille_Provence_NDB_FR,MAR,Marseille/Provence,NDB,383,43.48979949951172,5.137249946594238,,FR,,,,,,,0.064,LO,LOW,
90747,Maastricht_VOR-DME_NL,MAS,Maastricht,VOR-DME,108600,50.971900939941406,5.960430145263672,283,NL,108600,023X,,,,-1.007,-0.057,BOTH,HIGH,EHBK
90753,Mayfield_VOR-DME_GB,MAY,Mayfield,VOR-DME,117900,51.0172004699707,0.11611100286245346,360,GB,117900,126X,,,,-3.001,-2.072,BOTH,HIGH,
90756,Mill_Bay_NDB_CA,MB,Mill Bay,NDB,293,48.67169952392578,-123.53500366210938,,CA,,,,,,,18.164,LO,LOW,CYYJ
90766,Moosburg_VOR-DME_DE,MBG,Moosburg,VOR-DME,117150,48.57339859008789,12.26099967956543,1658,DE,117150,118Y,,,,1.009,1.491,BOTH,HIGH,
90775,Moulins_Montbeugny_VOR_FR,MBY,Moulins/Montbeugny,VOR,109600,46.54130172729492,3.4995601177215576,,FR,,,,,,,-0.31,LO,MEDIUM,LFHY
90780,Montlucon_NDB_FR,MC,Montlucon,NDB,335,46.37260055541992,2.4926700592041016,1049,FR,,,,,,,-0.484,BOTH,MEDIUM,LFLT
90789,Mc_Clellan_VOR-DME_US,MCC,Mc Clellan,VOR-DME,109200,38.66740036010742,-121.40399932861328,72,US,109200,029X,,,,17.001,14.499,TERMINAL,LOW,KMCC
90794,Manchester_NDB_GB,MCH,Manchester,NDB,428,53.35329818725586,-2.2730300426483154,,GB,,,,,,,-3.259,BOTH,HIGH,EGCC
90810,Manchester_VOR-DME_GB,MCT,Manchester,VOR-DME,113550,53.35689926147461,-2.2622199058532715,282,GB,113550,082Y,,,,-5.007,-3.257,RNAV,HIGH,EGCC
90815,Mercury_NDB_US,MCY,Mercury,NDB,326,36.627498626708984,-116.02799987792969,3364,US,,,,,,,13.13,LO,MEDIUM,
90833,Milldorf_VOR-DME_DE,MDF,Milldorf,VOR-DME,117000,48.23469924926758,12.337400436401367,1526,DE,117000,117X,,,,1.009,1.528,BOTH,HIGH,
90838,Mont_De_Marsan_TACAN_FR,MDM,Mont De Marsan,TACAN,108700,43.9099006652832,-0.5043889880180359,256,FR,108700,024X,,,,,-1.314,BOTH,HIGH,LFBM
90863,Medford_NDB_US,MEF,Medford,NDB,356,42.3916015625,-122.87899780273438,1286,US,,,,,,,16.074,LO,LOW,KMFR
90864,Mengen_NDB_DE,MEG,Mengen,NDB,401,48.05440139770508,9.367549896240234,,DE,,,,,,,1.038,LO,LOW,EDTM
90868,Melilla_VOR-DME_ES,MEL,Melilla,VOR-DME,114250,35.280399322509766,-2.958169937133789,200,ES,114250,089Y,35.2803,-2.95828,200,,-1.51,LO,LOW,GEML
90869,Metlika_NDB_SI,MEL,Metlika,NDB,394,45.654598236083984,15.31820011138916,731,SI,,,,,,,2.274,RNAV,LOW,
90872,Mende_VOR-DME_FR,MEN,Mende,VOR-DME,115300,44.608299255371094,3.1624200344085693,4515,FR,115300,100X,,,,-2.007,-0.292,BOTH,HIGH,
90879,Metz_TACAN_FR,MET,Metz,TACAN,108000,49.066898345947266,6.129389762878418,663,FR,108000,017X,,,,-1.007,0.056,BOTH,HIGH,FR-1240
90892,Pumie_NDB_US,MF,Pumie,NDB,373,42.45090103149414,-122.91300201416016,,US,,,,,,,16.089,TERMINAL,LOW,KMFR
90906,Ljubljana_NDB_SI,MG,Ljubljana,NDB,296,46.17319869995117,14.555899620056152,1063,SI,,,,,,,2.188,TERMINAL,LOW,LJLJ
90913,Malaga_VOR-DME_ES,MGA,Malaga,VOR-DME,112000,36.814300537109375,-4.36952018737793,3396,ES,112000,057X,36.8144,-4.36946,3396,-3.807,-2.185,BOTH,HIGH,LEMG
90914,Monchengladbach_NDB_DE,MGB,Monchengladbach,NDB,377,51.227298736572266,6.505410194396973,125,DE,,,,,,,0.038,TERMINAL,LOW,EDLN
90917,Magdeburg_DME_DE,MGD,Magdeburg,DME,115450,52.07709884643555,11.630900382995605,302,DE,115450,101Y,,,,,1.387,TERMINAL,LOW,EDBM
90925,Mcgovern_NDB_BA,MGV,Mcgovern,NDB,376,44.85340118408203,18.750499725341797,,BA,,,,,,,3.056,LO,MEDIUM,
90937,Monchengladbach_DME_DE,MHD,Monchengladbach,DME,112500,51.234901428222656,6.491970062255859,159,DE,112500,072X,,,,,0.035,TERMINAL,LOW,EDLN
90944,Menorca_VOR-DME_ES,MHN,Menorca,VOR-DME,112600,39.86349868774414,4.217189788818359,325,ES,112600,073X,39.8635,4.217,325,-1.007,-0.013,BOTH,HIGH,LEMH
90949,Monchengladbach_VOR_DE,MHV,Monchengladbach,VOR,109800,51.237300872802734,6.490240097045898,156,DE,,,,,,-1.001,0.035,TERMINAL,HIGH,EDLN
90957,Maribor_NDB_SI,MI,Maribor,NDB,355,46.462799072265625,15.703100204467773,847,SI,,,,,,,2.345,LO,MEDIUM,
90964,Melilla_NDB_ES,MIA,Melilla,NDB,292,35.30780029296875,-2.955519914627075,381,ES,,,,,,,-1.51,BOTH,MEDIUM,
90966,Michaelsdorf_VOR_DE,MIC,Michaelsdorf,VOR,112200,54.30550003051758,11.005200386047363,119,DE,,,,,,0.007,1.251,BOTH,HIGH,
90968,Midhurst_VOR-DME_GB,MID,Midhurst,VOR-DME,114000,51.05390167236328,-0.625,200,GB,114000,087X,,,,-4.001,-2.239,BOTH,HIGH,
90971,Michael_TACAN_US,MIJ,Michael,TACAN,113200,40.19160079956055,-112.9219970703125,4372,US,113200,079X,,,,15.001,13.048,BOTH,LOW,KDPG
90975,Montijo_NDB_PT,MIO,Montijo,NDB,322,38.70970153808594,-9.043230056762695,46,PT,,,,,,,-3.57,TERMINAL,LOW,LPMT
90978,Mike_NDB_DE,MIQ,Mike,NDB,427,48.5702018737793,11.59749984741211,,DE,,,,,,,1.388,BOTH,LOW,
90987,Marseille_Provence_NDB_FR,MJ,Marseille/Provence,NDB,406,43.43920135498047,5.21750020980835,,FR,,,,,,,0.078,LO,LOW,
90996,Palma_De_Mallorca_VOR-DME_ES,MJV,Palma De Mallorca,VOR-DME,113300,39.43519973754883,2.7582900524139404,505,ES,113300,080X,39.4352,2.75812,505,-1.007,-0.225,BOTH,HIGH,
91040,Aarhus_NDB_DK,ML,Aarhus,NDB,324,56.318599700927734,10.45930004119873,,DK,,,,,,,1.109,TERMINAL,LOW,EKAH
91051,Marseille_Provence_DME_FR,ML,Marseille/Provence,DME,110300,43.44430160522461,5.202169895172119,,FR,110300,040X,,,,,0.075,TERMINAL,HIGH,
91052,Maella_VOR-DME_ES,MLA,Maella,VOR-DME,112100,41.129600524902344,0.165243998169899,1184,ES,112100,058X,41.1297,0.165444,1184,-2.007,-1.083,BOTH,HIGH,
91056,Mildenhall_TACAN_GB,MLD,Mildenhall,TACAN,115900,52.36330032348633,0.48826900124549866,63,GB,115900,106X,,,,-2.002,-2.107,BOTH,HIGH,EGUN
91058,Malad_City_VOR-DME_US,MLD,Malad City,VOR-DME,117400,42.19990158081055,-112.45099639892578,7330,US,117400,121X,,,,17.001,13.199,BOTH,HIGH,
91061,Milford_VORTAC_US,MLF,Milford,VORTAC,112100,38.36040115356445,-113.01300048828125,4980,US,112100,058X,,,,16.001,12.441,BOTH,HIGH,
91063,Malaga_VOR-DME_ES,MLG,Malaga,VOR-DME,113550,36.6786994934082,-4.506669998168945,75,ES,113550,082Y,36.6786,-4.50678,75,,-2.207,BOTH,HIGH,LEMG
91065,Melilla_DME_ES,MLL,Melilla,DME,117400,35.30739974975586,-2.9554200172424316,381,ES,117400,121X,,,,,-1.51,TERMINAL,LOW,GEML
91067,Melun_VOR-DME_FR,MLN,Melun,VOR-DME,113600,48.4557991027832,2.8132801055908203,335,FR,113600,083X,,,,-2.007,-0.534,BOTH,HIGH,LFPM
91071,Mullan_Pass_VOR-DME_US,MLP,Mullan Pass,VOR-DME,117800,47.45690155029297,-115.64600372314453,6100,US,117800,125X,,,,20.001,15.479,BOTH,HIGH,
91077,Malta_NDB_MT,MLT,Malta,NDB,395,35.81549835205078,14.52910041809082,,MT,,,,,,,1.524,RNAV,MEDIUM,LMML
91079,Morlaix_NDB_FR,MLX,Morlaix,NDB,371,48.64670181274414,-3.7626900672912598,,FR,,,,,,,-3.112,LO,LOW,LFRU
91085,Montceau-Les-Mines_NDB_FR,MM,Montceau-Les-Mines,NDB,317,46.60139846801758,4.331389904022217,,FR,,,,,,,-0.166,LO,LOW,
91087,Minne_NDB_US,MM,Minne,NDB,383,45.24610137939453,-123.02999877929688,159,US,,,,,,,17.017,TERMINAL,MEDIUM,KMMV
91089,Montmedy_VOR_FR,MMD,Montmedy,VOR,109400,49.391300201416016,5.124420166015625,1076,FR,,,,,,-1.007,-0.144,BOTH,HIGH,
91094,Mormon_Mesa_VORTAC_US,MMM,Mormon Mesa,VORTAC,114300,36.7692985534668,-114.2770004272461,2120,US,114300,090X,,,,16.001,12.474,BOTH,MEDIUM,
91110,Menorca_NDB_ES,MN,Menorca,NDB,344,39.83649826049805,4.213290214538574,297,ES,,,,,,,-0.013,LO,MEDIUM,LEMH
91113,Mason_Co_NDB_US,MNC,Mason Co,NDB,348,47.24810028076172,-123.08599853515625,210,US,,,,,,,17.419,LO,LOW,
91115,Mannheim_DME_DE,MND,Mannheim,DME,113550,49.47060012817383,8.515979766845703,351,DE,113550,082Y,,,,,0.468,TERMINAL,LOW,EDFM
91117,Munchen_NDB_DE,MNE,Munchen,NDB,369,48.35540008544922,11.675999641418457,,DE,,,,,,,1.401,TERMINAL,LOW,EDDM
91119,Moron_NDB_ES,MNF,Moron,NDB,428,37.29460144042969,-5.562139987945557,,ES,,,,,,,-2.42,LO,MEDIUM,LEMO
91125,Amendola_TACAN_IT,MNL,Amendola,TACAN,115250,41.537899017333984,15.710000038146973,185,IT,115250,099Y,,,,,2.209,BOTH,MEDIUM,LIBA
91130,Monor_VOR-DME_HU,MNR,Monor,VOR-DME,112500,47.33470153808594,19.405500411987305,453,HU,112500,072X,,,,3.007,3.252,BOTH,HIGH,LHBP
91131,Monor_NDB_HU,MNR,Monor,NDB,288,47.337799072265625,19.399799346923828,,HU,,,,,,,3.252,LO,HIGH,LHBP
91138,Munchen_NDB_DE,MNW,Munchen,NDB,338,48.374298095703125,11.91409969329834,,DE,,,,,,,1.437,TERMINAL,LOW,EDDM
91152,Wowar_NDB_US,MO,Wowar,NDB,367,37.57310104370117,-120.8550033569336,115,US,,,,,,,14.27,TERMINAL,LOW,KMOD
91155,Taszar_TACAN_HU,MOB,Taszar,TACAN,114200,46.39699935913086,17.91950035095215,526,HU,114200,089X,,,,2.001,3.023,BOTH,LOW,LHTA
91156,Modesto_VOR-DME_US,MOD,Modesto,VOR-DME,114600,37.62730026245117,-120.95800018310547,90,US,114600,093X,,,,17.001,14.289,BOTH,HIGH,KMOD
91157,Munster_DME_DE,MOD,Munster,DME,114050,52.13800048828125,7.687240123748779,207,DE,114050,087Y,,,,,0.235,TERMINAL,LOW,EDDG
91162,Montague_NDB_US,MOG,Montague,NDB,404,41.72719955444336,-122.48200225830078,2620,US,,,,,,,15.517,TERMINAL,LOW,
91164,Montijo_TACAN_PT,MOJ,Montijo,TACAN,110000,38.70880126953125,-9.033220291137695,66,PT,110000,037X,,,,,-3.567,BOTH,HIGH,LPMT
91165,Mojkovac_NDB_RS,MOJ,Mojkovac,NDB,308,42.94459915161133,19.57550048828125,,RS,,,,,,,3.058,BOTH,LOW,
91170,Monastir_VOR-DME_TN,MON,Monastir,VOR-DME,113100,35.75490188598633,10.748100280761719,32,TN,113100,078X,,,,-0.207,1.159,BOTH,HIGH,DTMB
91178,Mostaganem_VOR-DME_DZ,MOS,Mostaganem,VOR-DME,112200,35.89860153198242,0.13638900220394135,732,DZ,112200,059X,,,,,-0.58,BOTH,HIGH,DA14
91180,Mostaganem_NDB_DZ,MOS,Mostaganem,NDB,334,35.90919876098633,0.13722200691699982,,DZ,,,,,,,-0.598,BOTH,MEDIUM,DA14
91182,Montana_VOR-DME_CH,MOT,Montana,VOR-DME,115850,46.31340026855469,7.503330230712891,4456,CH,115850,105Y,,,,0.007,0.369,BOTH,MEDIUM,LSGS
91183,Moulins_VOR-DME_FR,MOU,Moulins,VOR-DME,116700,46.7067985534668,3.6316699981689453,699,FR,116700,114X,,,,-2.007,-0.294,BOTH,HIGH,
91184,Moulins_NDB_FR,MOU,Moulins,NDB,324,46.70589828491211,3.6308600902557373,,FR,,,,,,,-0.294,BOTH,MEDIUM,
91198,Meridian_NDB_US,MPA,Meridian,NDB,238,43.60340118408203,-116.53900146484375,2459,US,,,,,,,15.019,TERMINAL,LOW,
91213,Nez_Perce_VOR-DME_US,MQG,Nez Perce,VOR-DME,108200,46.38159942626953,-116.87000274658203,1720,US,108200,019X,,,,20.001,15.539,LO,MEDIUM,
91215,Morro_Bay_VORTAC_US,MQO,Morro Bay,VORTAC,112400,35.25230026245117,-120.76000213623047,1463,US,112400,071X,,,,16.001,13.507,BOTH,MEDIUM,KSMX
91225,Myra_NDB_NO,MR,Myra,NDB,389,59.2677001953125,9.573809623718262,,NO,,,,,,,0.439,TERMINAL,LOW,
91229,Maribor_NDB_SI,MR,Maribor,NDB,334,46.371498107910156,15.79319953918457,768,SI,,,,,,,2.354,LO,LOW,LJMB
91231,Munso_NDB_US,MR,Munso,NDB,385,36.62080001831055,-121.93900299072266,,US,,,,,,,14.226,LO,LOW,KMRY
91249,Marseille_Provence_VOR-DME_FR,MRM,Marseille/Provence,VOR-DME,108800,43.37730026245117,5.32643985748291,771,FR,108800,025X,,,,,0.096,BOTH,HIGH,LFML
91250,Moron_TACAN_ES,MRN,Moron,TACAN,115300,37.17319869995117,-5.619639873504639,285,ES,115300,100X,,,,-4.003,-2.428,BOTH,MEDIUM,LEMO
91252,Moron_VOR-DME_ES,MRN,Moron,VOR-DME,115500,37.17509841918945,-5.618919849395752,285,ES,115500,102X,,,,-4.003,-2.428,TERMINAL,HIGH,LEMO
91264,Marseille_Provence_NDB_FR,MS,Marseille/Provence,NDB,343,43.38859939575195,5.283470153808594,,FR,,,,,,,0.089,TERMINAL,LOW,
91282,Munchen_NDB_DE,MSE,Munchen,NDB,358,48.33340072631836,11.652899742126465,,DE,,,,,,,1.397,TERMINAL,LOW,EDDM
91288,Missoula_VOR-DME_US,MSO,Missoula,VOR-DME,112800,46.90800094604492,-114.08399963378906,3203,US,112800,075X,,,,17.001,15.042,LO,MEDIUM,KMSO
91292,Mostar_VOR-DME_BA,MSR,Mostar,VOR-DME,116900,43.26139831542969,17.85569953918457,164,BA,116900,116X,,,,2.007,2.501,BOTH,HIGH,LQMO
91297,Greven_NDB_DE,MST,Greven,NDB,305,52.11009979248047,7.571710109710693,,DE,,,,,,,0.213,LO,LOW,EDDG
91299,Munchen_NDB_DE,MSW,Munchen,NDB,400,48.35240173339844,11.903800010681152,,DE,,,,,,,1.436,TERMINAL,LOW,EDDM
91304,Saint_Nazaire_Montoir_NDB_FR,MT,Saint Nazaire/Montoir,NDB,398,47.33380126953125,-2.0445001125335693,67,FR,,,,,,,-2.231,BOTH,MEDIUM,LFRZ
91314,Montdidier_VOR_FR,MTD,Montdidier,VOR,113650,49.5526008605957,2.4894700050354004,,FR,,,,,,-3.007,-1.064,BOTH,HIGH,LFAR
91317,Martigues_VOR-DME_FR,MTG,Martigues,VOR-DME,117300,43.38629913330078,5.086830139160156,650,FR,117300,120X,,,,-1.007,0.058,BOTH,HIGH,
91324,Montelimar_VOR-DME_FR,MTL,Montelimar,VOR-DME,113650,44.554901123046875,4.779860019683838,656,FR,113650,083Y,,,,-2.007,-0.02,BOTH,HIGH,
91326,Monte_Real_NDB_PT,MTL,Monte Real,NDB,336,39.907798767089844,-8.883609771728516,,PT,,,,,,,-3.587,TERMINAL,HIGH,LPMR
91329,Salamanca_NDB_ES,MTN,Salamanca,NDB,399,40.988800048828125,-5.329929828643799,,ES,,,,,,,-2.503,BOTH,MEDIUM,LESA
91337,Metro_VOR_DE,MTR,Metro,VOR,110000,50.27629852294922,8.84862995147705,666,DE,,,,,,0.011,0.508,LO,HIGH,
91338,Monte_Real_TACAN_PT,MTR,Monte Real,TACAN,109600,39.83259963989258,-8.89013957977295,263,PT,109600,033X,,,,,-3.585,BOTH,HIGH,LPMR
91341,Myton_VORTAC_US,MTU,Myton,VORTAC,112700,40.149200439453125,-110.12799835205078,5396,US,112700,074X,,,,14.001,12.02,BOTH,HIGH,
91346,Magdeburg_NDB_DE,MU,Magdeburg,NDB,367,52.074100494384766,11.648300170898438,,DE,,,,,,,1.39,TERMINAL,LOW,EDBM
91353,Munchen_VOR-DME_DE,MUN,Munchen,VOR-DME,112300,48.180301666259766,11.815999984741211,1802,DE,112300,070X,,,,1.009,1.421,BOTH,HIGH,EDDM
91356,Mountain_Home_TACAN_US,MUO,Mountain Home,TACAN,114000,43.04050064086914,-115.875,3000,US,114000,087X,,,,18.001,14.413,BOTH,MEDIUM,KMUO
91357,Muri_NDB_CH,MUR,Muri,NDB,312,46.94609832763672,7.466869831085205,1837,CH,,,,,,,0.35,BOTH,LOW,LSZB
91359,Nice_Cote_D_Azur_NDB_FR,MUS,Nice Cote D Azur,NDB,428,43.38460159301758,6.606359958648682,1500,FR,,,,,,,0.288,LO,LOW,
91366,Mina_VORTAC_US,MVA,Mina,VORTAC,115100,38.56529998779297,-118.03299713134766,7860,US,115100,098X,,,,17.001,14.083,BOTH,HIGH,
91378,Pelly_NDB_US,MW,Pelly,NDB,408,47.115501403808594,-119.2750015258789,1200,US,,,,,,,16.488,TERMINAL,LOW,
91384,Moses_Lake_VOR-DME_US,MWH,Moses Lake,VOR-DME,115000,47.210899353027344,-119.31700134277344,1177,US,115000,097X,,,,18.001,16.513,BOTH,HIGH,
91392,Mexicali_VOR-DME_MX,MXL,Mexicali,VOR-DME,115000,32.631099700927734,-115.23799896240234,74,MX,115000,097X,,,,13.002,12.111,BOTH,HIGH,MMML
91399,Maxwell_VORTAC_US,MXW,Maxwell,VORTAC,110000,39.31760025024414,-122.22200012207031,110,US,110000,037X,,,,18.001,15.085,LO,MEDIUM,
91404,Halow_NDB_US,MY,Halow,NDB,222,39.16939926147461,-121.61000061035156,64,US,,,,,,,15.001,LO,LOW,KMYV
91405,Deoro_NDB_US,MY,Deoro,NDB,210,32.77989959716797,-117.04499816894531,537,US,,,,,,,12.361,LO,MEDIUM,
91408,Munster_NDB_DE,MYN,Munster,NDB,371,52.1593017578125,7.799990177154541,,DE,,,,,,,0.256,TERMINAL,LOW,EDDG
91410,Marysville_VOR-DME_US,MYV,Marysville,VOR-DME,110800,39.09859848022461,-121.572998046875,60,US,110800,045X,,,,16.001,14.586,TERMINAL,LOW,KMYV
91417,Mission_Bay_VORTAC_US,MZB,Mission Bay,VORTAC,117800,32.78219985961914,-117.2249984741211,12,US,117800,125X,,,,15.001,12.383,BOTH,HIGH,
91434,Titan_NDB_HU,N,Titan,NDB,440,46.92890167236328,19.72570037841797,376,HU,,,,,,,3.271,LO,LOW,LHKE
91435,Oksywie_NDB_PL,N,Oksywie,NDB,290,54.59519958496094,18.491600036621094,,PL,,,,,,,3.524,TERMINAL,LOW,EPOK
91444,Banja_Luka_NDB_BA,NA,Banja Luka,NDB,383,44.920799255371094,17.30579948425293,400,BA,,,,,,,2.493,BOTH,LOW,
91455,Maagg_NDB_US,NA,Maagg,NDB,337,33.68880081176758,-117.86000061035156,53,US,,,,,,,12.578,TERMINAL,LOW,KSNA
91458,Nacka_NDB_SE,NAK,Nacka,NDB,335,59.294700622558594,18.178600311279297,,SE,,,,,,,4.176,BOTH,LOW,ESSB
91469,Nancy_TACAN_FR,NAY,Nancy,TACAN,116800,48.58359909057617,5.95182991027832,1115,FR,116800,115X,,,,,0.042,BOTH,HIGH,LFSO
91470,Bordeaux_NDB_FR,NB,Bordeaux,NDB,361,45.147499084472656,-0.5499169826507568,155,FR,,,,,,,-1.387,LO,LOW,LFBD
91473,Bromma_NDB_SE,NB,Bromma,NDB,394,59.400901794433594,17.813899993896484,,SE,,,,,,,4.096,BOTH,LOW,ESSB
91480,Nice_Cote_D'Azur_NDB_FR,NC,Nice/Cote D'Azur,NDB,338,43.5901985168457,7.129079818725586,,FR,,,,,,,0.362,LO,LOW,
91497,Nordlingen_NDB_DE,NDG,Nordlingen,NDB,375,48.82939910888672,10.418700218200684,,DE,,,,,,,1.199,BOTH,HIGH,
91501,Nordholz_TACAN_DE,NDO,Nordholz,TACAN,117100,53.76900100708008,8.653499603271484,120,DE,117100,118X,,,,0.002,0.376,BOTH,HIGH,ETMN
91503,Nordholz_NDB_DE,NDO,Nordholz,NDB,372,53.78519821166992,8.806170463562012,72,DE,,,,,,,0.408,BOTH,LOW,ETMN
91508,Tabanera_VOR-DME_ES,NEA,Tabanera,VOR-DME,116750,42.0275993347168,-4.109129905700684,3002,ES,116750,114Y,,,,,-2.311,BOTH,HIGH,
91509,Neubrandenburg_TACAN_DE,NEG,Neubrandenburg,TACAN,108050,53.604698181152344,13.308699607849121,270,DE,108050,017Y,,,,2.011,2.107,BOTH,HIGH,EDBN
91513,Neratovice_VOR-DME_CZ,NER,Neratovice,VOR-DME,108600,50.366600036621094,14.621399879455566,1000,CZ,108600,023X,,,,,2.284,TERMINAL,LOW,LKPR
91515,Neuburg_TACAN_DE,NEU,Neuburg,TACAN,108900,48.712501525878906,11.211000442504883,1296,DE,108900,026X,,,,,1.327,BOTH,HIGH,ETSN
91518,Nevers_VOR_FR,NEV,Nevers,VOR,113400,47.15299987792969,2.9293599128723145,593,FR,,,,,,-3.007,-0.443,BOTH,HIGH,
91519,Newcastle_VOR-DME_GB,NEW,Newcastle,VOR-DME,114250,55.03839874267578,-1.6983699798583984,274,GB,114250,089Y,,,,-5.001,-3.312,RNAV,HIGH,EGNT
91525,Camp_Pendleton_TACAN_US,NFG,Camp Pendleton,TACAN,111800,33.27439880371094,-117.38700103759766,560,US,111800,055X,,,,13.001,12.466,BOTH,LOW,KNFG
91526,Fallon_TACAN_US,NFL,Fallon,TACAN,113500,39.416900634765625,-118.70500183105469,3929,US,113500,082X,,,,16.001,14.302,BOTH,HIGH,KNFL
91530,Nimes_Garons_NDB_FR,NG,Nimes/Garons,NDB,354,43.857200622558594,4.406280040740967,,FR,,,,,,,-0.061,LO,LOW,LFTW
91537,Nurnberg_DME_DE,NGD,Nurnberg,DME,113100,49.50120162963867,11.080100059509277,1090,DE,113100,078X,,,,,1.302,TERMINAL,LOW,EDDN
91544,New_Galloway_NDB_GB,NGY,New Galloway,NDB,399,55.1775016784668,-4.168610095977783,,GB,,,,,,,-4.367,RNAV,MEDIUM,
91567,China_Lake_TACAN_US,NID,China Lake,TACAN,111600,35.68790054321289,-117.69000244140625,2272,US,111600,053X,,,,16.002,13.23,BOTH,MEDIUM,
91568,Niederrhein_DME_DE,NID,Niederrhein,DME,115500,51.599998474121094,6.141479969024658,152,DE,115500,102X,,,,,-0.05,TERMINAL,MEDIUM,EDLV
91569,Nienburg_VOR_DE,NIE,Nienburg,VOR,116500,52.62590026855469,9.371990203857422,190,DE,,,,,,0.009,0.552,RNAV,MEDIUM,
91571,Nicky_VOR-DME_BE,NIK,Nicky,VOR-DME,117400,51.165000915527344,4.183889865875244,119,BE,117400,121X,,,,-2.007,-0.421,BOTH,HIGH,EBAW
91572,Niksic_NDB_RS,NIK,Niksic,NDB,302,42.77640151977539,18.9242000579834,,RS,,,,,,,2.584,BOTH,LOW,
91573,Nimes_TACAN_FR,NIM,Nimes,TACAN,111600,43.74580001831055,4.419559955596924,309,FR,111600,053X,,,,,-0.056,BOTH,HIGH,LFTW
91581,Nitra_VOR-DME_SK,NIT,Nitra,VOR-DME,116500,48.290401458740234,18.050600051879883,810,SK,116500,112X,,,,,3.121,BOTH,HIGH,
91582,Nitra_NDB_SK,NIT,Nitra,NDB,398,48.29840087890625,18.052400588989258,,SK,,,,,,,3.122,BOTH,HIGH,
91583,Nice_VOR-DME_FR,NIZ,Nice,VOR-DME,112400,43.770599365234375,7.254389762878418,2822,FR,112400,071X,,,,,0.377,BOTH,HIGH,LFMN
91587,El_Centro_TACAN_US,NJK,El Centro,TACAN,111000,32.8317985534668,-115.68099975585938,-50,US,111000,047X,,,,13.001,12.195,BOTH,MEDIUM,KNJK
91593,Oksywie_NDB_PL,NK,Oksywie,NDB,494,54.61690139770508,18.4552001953125,,PL,,,,,,,3.518,TERMINAL,LOW,EPOK
91605,Neckar_NDB_DE,NKR,Neckar,NDB,292,49.336700439453125,8.73291015625,,DE,,,,,,,0.508,TERMINAL,LOW,
91609,Miramar_TACAN_US,NKX,Miramar,TACAN,109600,32.86970138549805,-117.15499877929688,430,US,109600,033X,,,,15.001,12.386,BOTH,MEDIUM,KNKX
91620,Norwich_NDB_GB,NL,Norwich,NDB,372,52.67639923095703,1.3847099542617798,,GB,,,,,,,-1.532,TERMINAL,LOW,
91622,Lemoore_TACAN_US,NLC,Lemoore,TACAN,113300,36.34410095214844,-119.96600341796875,231,US,113300,080X,,,,16.001,13.59,BOTH,HIGH,
91635,Mendig_NDB_DE,NMN,Mendig,NDB,331,50.367801666259766,7.3136701583862305,671,DE,,,,,,,0.225,LO,LOW,ETHM
91646,Northampton_NDB_GB,NN,Northampton,NDB,379,52.29909896850586,-0.7976030111312866,,GB,,,,,,,-2.396,TERMINAL,LOW,EGBK
91656,Pamplona_NDB_ES,NO,Pamplona,NDB,386,42.75,-1.6316699981689453,,ES,,,,,,,-1.468,TERMINAL,LOW,
91663,Nolvik_VOR_SE,NOL,Nolvik,VOR,113200,57.77330017089844,11.82289981842041,,SE,,,,,,0.501,1.413,BOTH,HIGH,
91667,Nottingham_NDB_GB,NOT,Nottingham,NDB,430,52.92169952392578,-1.0793299674987793,,GB,,,,,,,-2.525,BOTH,HIGH,EGBN
91668,Novara_NDB_IT,NOV,Novara,NDB,292,45.42409896850586,8.79386043548584,,IT,,,,,,,0.584,BOTH,LOW,
91677,Napoli_Capodochino_DME_IT,NPC,Napoli Capodochino,DME,110150,40.884300231933594,14.283599853515625,291,IT,110150,038Y,,,,,2.041,TERMINAL,LOW,
91697,Neubrandenburg_NDB_DE,NRG,Neubrandenburg,NDB,357,53.60279846191406,13.338299751281738,264,DE,,,,,,,2.113,TERMINAL,LOW,EDBN
91701,Imperial_Beach_TACAN_US,NRS,Imperial Beach,TACAN,109200,32.56420135498047,-117.11000061035156,20,US,109200,029X,,,,14.001,12.341,BOTH,MEDIUM,
91708,Sturup_NDB_SE,NS,Sturup,NDB,351,55.61149978637695,13.360699653625488,,SE,,,,,,,2.143,TERMINAL,LOW,ESMS
91712,Nisa_VORTAC_PT,NSA,Nisa,VORTAC,115500,39.564701080322266,-7.914720058441162,1341,PT,115500,102X,,,,,-3.368,BOTH,HIGH,
91715,Beaver_TACAN_US,NSD,Beaver,TACAN,113900,32.880001068115234,-118.44100189208984,2000,US,113900,086X,,,,14.009,12.532,BOTH,HIGH,
91720,San_Nicolas_Island_TACAN_US,NSI,San Nicolas Island,TACAN,110200,33.23509979248047,-119.45800018310547,521,US,110200,039X,,,,15.001,13.087,BOTH,MEDIUM,
91721,San_Nicolas_NDB_US,NSI,San Nicolas,NDB,203,33.235801696777344,-119.4489974975586,504,US,,,,,,,13.086,TERMINAL,MEDIUM,
91726,Niederstetten_NDB_DE,NSN,Niederstetten,NDB,311,49.394798278808594,9.96500015258789,1595,DE,,,,,,,1.117,LO,LOW,ETHN
91729,Navy_Sigonella_TACAN_IT,NSY,Navy Sigonella,TACAN,111200,37.400299072265625,14.921500205993652,81,IT,111200,049X,,,,,2.01,BOTH,LOW,LICZ
91730,Navy_Sigonella_NDB_IT,NSY,Navy Sigonella,NDB,297,37.40010070800781,14.921099662780762,,IT,,,,,,,2.009,BOTH,MEDIUM,LICZ
91733,Titan_NDB_HU,NT,Titan,NDB,313,46.94279861450195,19.694000244140625,376,HU,,,,,,,3.267,TERMINAL,LOW,LHKE
91737,Newcastle_NDB_GB,NT,Newcastle,NDB,352,55.05039978027344,-1.642680048942566,,GB,,,,,,,-3.299,TERMINAL,LOW,
91738,Point_Mugu_TACAN_US,NTD,Point Mugu,TACAN,110600,34.12329864501953,-119.12200164794922,6,US,110600,043X,,,,15.001,13.178,BOTH,MEDIUM,KNTD
91739,Notodden_NDB_NO,NTD,Notodden,NDB,400,59.587100982666016,9.144209861755371,65,NO,,,,,,,0.318,BOTH,HIGH,ENNO
91743,Nortel_VOR-DME_SE,NTL,Nortel,VOR-DME,116300,59.74980163574219,18.766799926757812,68,SE,116300,110X,,,,3.001,4.352,RNAV,HIGH,
91745,Nattenheim_VORTAC_DE,NTM,Nattenheim,VORTAC,115300,50.015899658203125,6.531789779663086,1388,DE,115300,100X,,,,0.009,0.092,BOTH,HIGH,
91747,Nantes_VOR-DME_FR,NTS,Nantes,VOR-DME,115500,47.1609001159668,-1.612969994544983,82,FR,115500,102X,,,,-4.007,-2.129,BOTH,HIGH,LFRS
91754,San_Clemente_TACAN_US,NUC,San Clemente,TACAN,117600,33.02690124511719,-118.58000183105469,161,US,117600,123X,,,,15.001,12.568,BOTH,MEDIUM,
91759,Moffett_TACAN_US,NUQ,Moffett,TACAN,117600,37.43239974975586,-122.05799865722656,0,US,117600,123X,,,,17.001,14.365,BOTH,MEDIUM,KNUQ
91760,Whidbey_Island_TACAN_US,NUW,Whidbey Island,TACAN,113800,48.35490036010742,-122.66200256347656,51,US,113800,085X,,,,21.001,18,BOTH,HIGH,
91764,Schiphol_Locator_NDB_NL,NV,Schiphol Locator,NDB,332,52.15140151977539,4.764830112457275,,NL,,,,,,,-0.36,TERMINAL,LOW,
91771,Navas_VOR-DME_ES,NVS,Navas,VOR-DME,114950,40.36869812011719,-4.249420166015625,2516,ES,114950,096Y,40.3686,-4.24934,2516,-3.007,-2.264,BOTH,HIGH,
91776,Maastricht_NDB_NL,NW,Maastricht,NDB,373,51.01940155029297,5.878339767456055,150,NL,,,,,,,-0.075,TERMINAL,LOW,EHBK
91785,Coyote_TACAN_US,NXP,Coyote,TACAN,133600,34.29669952392578,-116.15699768066406,2006,US,133600,063X,,,,14.004,12.444,BOTH,HIGH,
91797,Yuma_TACAN_US,NYL,Yuma,TACAN,113700,32.64680099487305,-114.61299896240234,193,US,113700,084X,,,,14.001,12.026,BOTH,MEDIUM,
91812,North_Island_TACAN_US,NZY,North Island,TACAN,117000,32.702598571777344,-117.21600341796875,25,US,117000,117X,,,,14.004,12.371,BOTH,MEDIUM,KNZY
91822,Murcia_San_Javier_NDB_ES,O,Murcia/San Javier,NDB,370,37.76179885864258,-0.8290560245513916,11,ES,,,,,,,-1.173,TERMINAL,LOW,LELC
91839,Oakland_VORTAC_US,OAK,Oakland,VORTAC,116800,37.72589874267578,-122.2239990234375,10,US,116800,115X,,,,17.001,14.426,BOTH,HIGH,KOAK
91840,Coaldale_VORTAC_US,OAL,Coaldale,VORTAC,117700,38.003299713134766,-117.7699966430664,4800,US,117700,124X,,,,17.001,13.567,BOTH,HIGH,US-11003
91841,Orléans_TACAN_FR,OAN,Orléans,TACAN,116400,47.98939895629883,1.7595800161361694,402,FR,116400,111X,,,,,-1.111,BOTH,HIGH,LFOJ
91842,Orléans_NDB_FR,OAN,Orléans,NDB,385,48.00130081176758,1.768720030784607,,FR,,,,,,,-1.109,BOTH,LOW,LFOJ
91848,Brussels_NDB_BE,OB,Brussels,NDB,293,50.9202995300293,4.616390228271484,,BE,,,,,,,-0.32,TERMINAL,LOW,EBBR
91850,Marseille_Provence_NDB_FR,OB,Marseille/Provence,NDB,395,43.229801177978516,5.665420055389404,,FR,,,,,,,0.151,LO,LOW,
91852,Stefanik_South_NDB_SK,OB,Stefanik South,NDB,330,48.11479949951172,17.29840087890625,,SK,,,,,,,3.012,TERMINAL,LOW,LZIB
91861,Oberpfaffenhofen_NDB-DME_DE,OBI,Oberpfaffenhofen,NDB-DME,429,48.08060073852539,11.285400390625,1923,DE,110500,042X,,,,,1.34,BOTH,LOW,EDMO
91878,Ockham_VOR-DME_GB,OCK,Ockham,VOR-DME,115300,51.30500030517578,-0.4472219944000244,200,GB,115300,100X,,,,-4.001,-2.222,BOTH,HIGH,
91879,Oceanside_VORTAC_US,OCN,Oceanside,VORTAC,115300,33.2406005859375,-117.41799926757812,53,US,115300,100X,,,,15.001,12.466,BOTH,HIGH,KNFG
91891,Dondo_NDB_US,ODD,Dondo,NDB,224,47.36410140991211,-122.30899810791016,320,US,,,,,,,17.354,LO,LOW,KSEA
91895,Odiham_TACAN_GB,ODH,Odiham,TACAN,109600,51.2327995300293,-0.9484919905662537,410,GB,109600,033X,,,,,-2.328,BOTH,MEDIUM,EGVO
91898,Odin_VOR-DME_DK,ODN,Odin,VOR-DME,115500,55.58100128173828,10.652999877929688,24,DK,115500,102X,,,,1.008,1.162,RNAV,HIGH,
91901,Odderoy_NDB_NO,ODR,Odderoy,NDB,372,58.13999938964844,7.999030113220215,55,NO,,,,,,,0.072,BOTH,LOW,ENCN
91905,Dublin_NDB_IE,OE,Dublin,NDB,316,53.430198669433594,-6.428800106048584,282,IE,,,,,,,-5.11,TERMINAL,LOW,
91908,Rogue_Valley_VORTAC_US,OED,Rogue Valley,VORTAC,113600,42.47959899902344,-122.91300201416016,2080,US,113600,083X,,,,19.001,16.093,BOTH,HIGH,
91909,Golden_Eagle_NDB_US,OEG,Golden Eagle,NDB,413,32.85499954223633,-114.44200134277344,200,US,,,,,,,12.026,TERMINAL,LOW,
91912,Kristianstad_NDB_SE,OEM,Kristianstad,NDB,363,55.98970031738281,14.100799560546875,,SE,,,,,,,2.306,BOTH,HIGH,ESMK
91916,Filton_NDB_GB,OF,Filton,NDB,325,51.52190017700195,-2.5902299880981445,,GB,,,,,,,-3.133,LO,LOW,GB-1220
91927,Ogden_VORTAC_US,OGD,Ogden,VORTAC,115700,41.224098205566406,-112.0979995727539,4223,US,115700,104X,,,,14.001,13,LO,MEDIUM,KHIF
91939,Arlanda_NDB_SE,OHT,Arlanda,NDB,370,59.57389831542969,17.890300750732422,,SE,,,,,,,4.127,BOTH,MEDIUM,ESSA
91960,Connaught_NDB_IE,OK,Connaught,NDB,398,53.92390060424805,-8.699790000915527,,IE,,,,,,,-6.178,BOTH,LOW,EIKN
91972,Desna_VOR-DME_CZ,OKF,Desna,VOR-DME,113150,48.969200134277344,15.545599937438965,1600,CZ,113150,078Y,,,,,2.391,RNAV,HIGH,
91973,Cheb_VOR-DME_CZ,OKG,Cheb,VOR-DME,115700,50.065101623535156,12.405699729919434,1600,CZ,115700,104X,,,,,1.52,RNAV,HIGH,
91975,Praha_VOR-DME_CZ,OKL,Praha,VOR-DME,112600,50.096500396728516,14.262800216674805,1200,CZ,112600,073X,,,,,2.221,BOTH,HIGH,LKPR
91978,Stefanik_North_NDB_SK,OKR,Stefanik North,NDB,391,48.223899841308594,17.290300369262695,,SK,,,,,,,3.015,BOTH,HIGH,LZIB
91979,Stefanik_DME_SK,OKR,Stefanik,DME,108300,48.17660140991211,17.22480010986328,449,SK,108300,020X,,,,,3.004,TERMINAL,LOW,
91981,Kortrijk_NDB_BE,OKT,Kortrijk,NDB,371,50.82400131225586,3.224829912185669,60,BE,,,,,,,-0.597,TERMINAL,LOW,EBKT
91985,Frydlant_VOR-DME_CZ,OKX,Frydlant,VOR-DME,114850,50.9026985168457,15.031900405883789,1300,CZ,114850,095Y,,,,2.007,2.362,RNAV,HIGH,
91986,Orly_VOR-DME_FR,OL,Orly,VOR-DME,111200,48.72990036010742,2.3864200115203857,285,FR,111200,049X,,,,-3.012,-1.033,BOTH,HIGH,LFPO
91993,Szczecin_NDB_PL,OL,Szczecin,NDB,397,53.55500030517578,14.960200309753418,,PL,,,,,,,2.418,TERMINAL,LOW,EPSC
92004,Olympia_VORTAC_US,OLM,Olympia,VORTAC,113400,46.97159957885742,-122.9020004272461,200,US,113400,081X,,,,19.001,17.342,BOTH,HIGH,KOLM
92006,Nogales_VOR-DME_US,OLS,Nogales,VOR-DME,108200,31.415000915527344,-110.8489990234375,3870,US,108200,019X,,,,12.001,10.494,LO,MEDIUM,KOLS
92015,Omarska_VOR-DME_BA,OMA,Omarska,VOR-DME,117900,44.95719909667969,16.8080997467041,632,BA,117900,126X,,,,1.007,2.436,BOTH,HIGH,
92019,Omak_NDB_US,OMK,Omak,NDB,219,48.453399658203125,-119.51699829101562,1303,US,,,,,,,17.187,LO,LOW,US-12391
92028,Agget_NDB_US,ON,Agget,NDB,350,44.67599868774414,-124.06500244140625,,US,,,,,,,17.008,TERMINAL,MEDIUM,
92032,Charleroi_NDB_BE,ONC,Charleroi,NDB,323,50.48939895629883,4.5552802085876465,,BE,,,,,,,-0.309,BOTH,LOW,EBCI
92035,Liege_NDB_BE,ONL,Liege,NDB,290,50.70109939575195,5.549170017242432,698,BE,,,,,,,-0.124,BOTH,LOW,EBLG
92037,Oostende_NDB_BE,ONO,Oostende,NDB,400,51.217498779296875,2.9963901042938232,12,BE,,,,,,,-1.07,TERMINAL,LOW,EBOS
92038,Ontario_NDB_US,ONO,Ontario,NDB,305,44.01969909667969,-117.00800323486328,,US,,,,,,,15.169,LO,LOW,
92039,Newport_VORTAC_US,ONP,Newport,VORTAC,117100,44.575401306152344,-124.06099700927734,150,US,117100,118X,44.5753,-124.061,150,19.001,16.588,BOTH,HIGH,
92040,Kleine_Brogel_NDB_BE,ONT,Kleine Brogel,NDB,431,51.21329879760742,5.557499885559082,,BE,,,,,,,-0.148,LO,LOW,EBBL
92041,Antwerpen_NDB_BE,ONW,Antwerpen,NDB,355,51.16749954223633,4.566390037536621,,BE,,,,,,,-0.344,TERMINAL,HIGH,EBAW
92051,Op_NDB_IE,OP,Op,NDB,397,53.41379928588867,-6.138360023498535,,IE,,,,,,,-5.033,TERMINAL,LOW,
92079,Oran_VOR-DME_DZ,ORA,Oran,VOR-DME,114000,35.61259841918945,-0.6549890041351318,284,DZ,114000,087X,,,,,-1.124,BOTH,HIGH,DAOO
92088,Orange_TACAN_FR,ORG,Orange,TACAN,109400,44.13930130004883,4.86605978012085,197,FR,109400,031X,,,,,0.005,BOTH,HIGH,LFMO
92090,Orange_NDB_FR,ORG,Orange,NDB,328,44.148399353027344,4.857190132141113,197,FR,,,,,,,0.004,LO,MEDIUM,LFMO
92095,Orio_Al_Serio_NDB_IT,ORI,Orio Al Serio,NDB,377,45.643798828125,9.841670036315918,,IT,,,,,,,1.135,BOTH,LOW,LIME
92102,Ortanova_TACAN_IT,ORT,Ortanova,TACAN,114300,41.39970016479492,15.784199714660645,86,IT,114300,090X,,,,,2.212,BOTH,HIGH,
92110,Romen_NDB_US,OS,Romen,NDB,278,33.964298248291016,-118.27799987792969,136,US,,,,,,,13.063,TERMINAL,LOW,KLAX
92113,Osnabruck_TACAN_DE,OSB,Osnabruck,TACAN,108350,52.201698303222656,8.285499572753906,343,DE,108350,020Y,,,,-1.007,0.35,BOTH,HIGH,
92117,Woodside_VORTAC_US,OSI,Woodside,VORTAC,113900,37.39250183105469,-122.28099822998047,2270,US,113900,086X,37.3927,-122.282,2270,17.001,14.377,BOTH,MEDIUM,KNUQ
92118,Osijek_NDB_HR,OSJ,Osijek,NDB,422,45.45539855957031,18.837600708007812,,HR,,,,,,,3.093,LO,MEDIUM,LDOS
92120,Osnabruck_VOR_DE,OSN,Osnabruck,VOR,114300,52.20009994506836,8.28551959991455,391,DE,,,,,,0.009,0.35,BOTH,HIGH,
92125,Ostia_VOR-DME_IT,OST,Ostia,VOR-DME,114900,41.80379867553711,12.237500190734863,14,IT,114900,096X,,,,0.007,1.43,BOTH,HIGH,LIRF
92126,Ostia_NDB_IT,OST,Ostia,NDB,321,41.805198669433594,12.23639965057373,,IT,,,,,,,1.43,BOTH,LOW,LIRF
92132,Emire_NDB_US,OT,Emire,NDB,378,43.39440155029297,-124.30999755859375,30,US,,,,,,,16.388,LO,LOW,KOTH
92133,Ostrava_VOR-DME_CZ,OTA,Ostrava,VOR-DME,117450,49.6974983215332,18.109100341796875,850,CZ,117450,121Y,,,,,3.194,BOTH,HIGH,LKMT
92136,North_Bend_VORTAC_US,OTH,North Bend,VORTAC,112100,43.41550064086914,-124.16799926757812,707,US,112100,058X,,,,18.001,16.379,LO,MEDIUM,KOTH
92137,Mostar_TACAN_BA,OTJ,Mostar,TACAN,114900,43.27470016479492,17.8528995513916,174,BA,114900,096X,,,,,2.493,BOTH,LOW,LQMO
92142,Ottringham_VOR-DME_GB,OTR,Ottringham,VOR-DME,113900,53.698299407958984,-0.10361099988222122,0,GB,113900,086X,,,,-4.001,-2.373,RNAV,HIGH,
92154,Bromma_NDB_SE,OU,Bromma,NDB,322,59.31660079956055,18.04669952392578,,SE,,,,,,,4.146,TERMINAL,LOW,ESSB
92163,Oroville_NDB_US,OVE,Oroville,NDB,212,39.49470138549805,-121.62200164794922,190,US,,,,,,,15.055,LO,LOW,
92166,Ovar_TACAN_PT,OVR,Ovar,TACAN,110600,40.887001037597656,-8.643349647521973,102,PT,110600,043X,,,,,-3.585,BOTH,HIGH,LPOV
92183,Oxford_NDB_GB,OX,Oxford,NDB,368,51.83250045776367,-1.323240041732788,,GB,,,,,,,-2.471,TERMINAL,LOW,EGTK
92186,Oxford_DME_GB,OX,Oxford,DME,117700,51.832401275634766,-1.3228199481964111,276,GB,117700,124X,,,,,-2.471,TERMINAL,LOW,EGTK
92194,Aldergrove_NDB_GB,OY,Aldergrove,NDB,332,54.69260025024414,-6.085360050201416,,GB,,,,,,,-5.203,TERMINAL,LOW,EGAA
92201,Brussels_NDB_BE,OZ,Brussels,NDB,314,50.826900482177734,4.466939926147461,,BE,,,,,,,-0.345,TERMINAL,LOW,EBBR
92209,Bolzano_VOR-DME_IT,OZE,Bolzano,VOR-DME,117050,46.40480041503906,11.29259967803955,784,IT,117050,117Y,46.4049,11.2928,784,,1.342,BOTH,MEDIUM,LIPB
92210,St_George_VOR-DME_US,OZN,St George,VOR-DME,109800,37.08810043334961,-113.59200286865234,2901,US,109800,035X,,,,15.001,12.394,TERMINAL,LOW,
92220,Lawica_NDB_PL,P,Lawica,NDB,353,52.41419982910156,16.86199951171875,,PL,,,,,,,3.119,TERMINAL,HIGH,
92221,Pyrzowice_NDB_PL,P,Pyrzowice,NDB,588,50.4734992980957,19.106599807739258,,PL,,,,,,,3.382,BOTH,LOW,
92238,Palma_De_Mallorca_NDB_ES,PA,Palma De Mallorca,NDB,308,39.59939956665039,2.8211801052093506,,ES,,,,,,,-0.217,TERMINAL,LOW,
92241,Ritts_NDB_US,PA,Ritts,NDB,396,48.052799224853516,-122.28900146484375,,US,,,,,,,17.493,TERMINAL,MEDIUM,KPAE
92246,Paderborn_Lippstadt_NDB-DME_DE,PAD,Paderborn/Lippstadt,NDB-DME,354,51.623600006103516,8.639439582824707,673,DE,108500,022X,,,,,0.435,BOTH,LOW,EDLP
92248,Paine_VOR-DME_US,PAE,Paine,VOR-DME,110600,47.9197998046875,-122.27799987792969,670,US,110600,043X,,,,20.001,17.464,LO,MEDIUM,KPAE
92253,Schwerin-Parchim_NDB_DE,PAH,Schwerin-Parchim,NDB,315,53.39419937133789,11.665900230407715,,DE,,,,,,,1.389,LO,MEDIUM,DE-0877
92256,Pacoima_NDB_US,PAI,Pacoima,NDB,370,34.259700775146484,-118.41300201416016,1003,US,,,,,,,13.119,TERMINAL,LOW,
92261,Palermo_VOR-DME_IT,PAL,Palermo,VOR-DME,112300,38.034000396728516,13.177399635314941,3869,IT,112300,070X,,,,0.007,1.457,RNAV,HIGH,LICJ
92263,Palermo_NDB_IT,PAL,Palermo,NDB,356,38.0343017578125,13.177399635314941,,IT,,,,,,,1.459,HI,LOW,LICJ
92267,Pampus_VOR-DME_NL,PAM,Pampus,VOR-DME,117800,52.334800720214844,5.092160224914551,27,NL,117800,125X,,,,-2.007,-0.302,BOTH,HIGH,EHLE
92268,Pamplona_NDB_ES,PAM,Pamplona,NDB,422,42.71419906616211,-1.6390399932861328,,ES,,,,,,,-1.468,LO,MEDIUM,LEPP
92269,Pantelleria_VOR-DME_IT,PAN,Pantelleria,VOR-DME,116100,36.81420135498047,11.965200424194336,604,IT,116100,108X,,,,0.007,1.307,RNAV,HIGH,LICG
92270,Pantelleria_NDB_IT,PAN,Pantelleria,NDB,335,36.8114013671875,11.961000442504883,,IT,,,,,,,1.307,LO,LOW,LICG
92273,Pamplona_VOR-DME_ES,PAP,Pamplona,VOR-DME,113550,42.68840026855469,-1.6607799530029297,1890,ES,113550,082Y,42.6884,-1.66086,1890,,-1.472,LO,LOW,LEPP
92278,Parma_NDB_IT,PAR,Parma,NDB,306,44.82229995727539,10.293299674987793,,IT,,,,,,,1.202,RNAV,LOW,LIMP
92279,Passeiry_VOR-DME_CH,PAS,Passeiry,VOR-DME,116600,46.163700103759766,5.999919891357422,1418,CH,116600,113X,,,,0.007,0.131,BOTH,HIGH,LSGG
92305,Proberta_NDB_US,PBT,Proberta,NDB,338,40.11389923095703,-122.23699951171875,400,US,,,,,,,15.196,LO,MEDIUM,KRBL
92306,Parduc_NDB_HU,PC,Parduc,NDB,481,47.40729904174805,17.478599548339844,,HU,,,,,,,3.008,TERMINAL,LOW,LHPA
92331,Foris_NDB_US,PD,Foris,NDB,230,45.695499420166016,-118.73100280761719,1185,US,,,,,,,16.14,TERMINAL,MEDIUM,
92336,Pajar_NDB_US,PDG,Pajar,NDB,327,36.91360092163086,-121.80799865722656,93,US,,,,,,,14.26,LO,LOW,
92345,Pendleton_VORTAC_US,PDT,Pendleton,VORTAC,114700,45.69839859008789,-118.93900299072266,1559,US,114700,094X,,,,20.001,16.173,BOTH,HIGH,
92346,Perales_VOR-DME_ES,PDT,Perales,VOR-DME,116950,40.252899169921875,-3.3480300903320312,2513,ES,116950,116Y,40.2529,-3.34786,2513,,-2.088,BOTH,HIGH,LEMD
92348,Padova_NDB_IT,PDV,Padova,NDB,285,45.36009979248047,11.818099975585938,,IT,,,,,,,1.413,LO,LOW,LIPU
92349,Portland_VOR-DME_US,PDX,Portland,VOR-DME,111800,45.59370040893555,-122.60600280761719,23,US,111800,055X,,,,20.001,17.039,BOTH,MEDIUM,KPDX
92350,Paradise_VORTAC_US,PDZ,Paradise,VORTAC,112200,33.91830062866211,-117.52999877929688,1432,US,112200,059X,33.9186,-117.53,1432,15.001,12.569,BOTH,HIGH,
92361,Perdasdefogu_TACAN_IT,PED,Perdasdefogu,TACAN,109000,39.6692008972168,9.443329811096191,1951,IT,109000,027X,,,,,1.077,BOTH,MEDIUM,
92368,Karpen_NDB_US,PEN,Karpen,NDB,201,46.13949966430664,-123.58699798583984,722,US,,,,,,,17.247,TERMINAL,LOW,
92373,Pescara_VOR-DME_IT,PES,Pescara,VOR-DME,115900,42.436100006103516,14.184399604797363,30,IT,115900,106X,42.4353,14.1842,30,1.007,2.065,RNAV,HIGH,LIBP
92390,Ruzyne_Middle_NDB_CZ,PG,Ruzyne Middle,NDB,307,50.047698974609375,14.36929988861084,,CZ,,,,,,,2.238,BOTH,LOW,LKPR
92394,Porto_NDB_PT,PG,Porto,NDB,367,41.07809829711914,-8.636670112609863,,PT,,,,,,,-3.594,BOTH,HIGH,LPPR
92396,Page_VOR-DME_US,PGA,Page,VOR-DME,117600,36.930999755859375,-111.4469985961914,4277,US,117600,123X,,,,13.01,11.545,LO,MEDIUM,
92402,Peach_Springs_VORTAC_US,PGS,Peach Springs,VORTAC,112000,35.624698638916016,-113.54399871826172,4760,US,112000,057X,,,,15.001,12.21,BOTH,HIGH,
92403,Charles de Gaulle_VOR-DME_FR,PGS,Charles de Gaulle,VOR-DME,117050,48.9995002746582,2.623810052871704,325,FR,117050,117Y,,,,,-1.003,BOTH,HIGH,LFPG
92404,Poggi_VORTAC_US,PGY,Poggi,VORTAC,109800,32.61029815673828,-116.97899627685547,580,US,109800,035X,,,,14.001,12.331,LO,MEDIUM,KSDM
92410,Eindhoven_NDB_NL,PH,Eindhoven,NDB,316,51.562801361083984,5.505559921264648,,NL,,,,,,,-0.175,TERMINAL,LOW,
92424,Poitiers_NDB_FR,PI,Poitiers,NDB,363,46.70389938354492,0.4069719910621643,316,FR,,,,,,,-1.295,BOTH,MEDIUM,LFBI
92425,Schwerin-Parchim_NDB_DE,PI,Schwerin-Parchim,NDB,333,53.461299896240234,11.90719985961914,,DE,,,,,,,1.436,LO,MEDIUM,DE-0877
92433,Tyhee_NDB_US,PI,Tyhee,NDB,383,42.96649932861328,-112.51899719238281,,US,,,,,,,13.316,TERMINAL,MEDIUM,KPIH
92436,Piacenza_TACAN_IT,PIA,Piacenza,TACAN,117400,44.917198181152344,9.720560073852539,484,IT,117400,121X,,,,,1.122,BOTH,HIGH,LIMS
92437,Piacenza_NDB_IT,PIA,Piacenza,NDB,440,44.871700286865234,9.826669692993164,,IT,,,,,,,1.137,LO,MEDIUM,LIMS
92441,Pocatello_VORTAC_US,PIH,Pocatello,VORTAC,112600,42.870399475097656,-112.6520004272461,4433,US,112600,073X,,,,17.001,13.332,BOTH,HIGH,KPIH
92443,Prestwick_NDB_GB,PIK,Prestwick,NDB,355,55.506099700927734,-4.577250003814697,,GB,,,,,,,-4.521,TERMINAL,LOW,EGPK
92448,Pisa_TACAN_IT,PIN,Pisa,TACAN,108300,43.720298767089844,10.432299613952637,75,IT,108300,020X,,,,,1.221,BOTH,HIGH,LIRP
92453,Pisa_VOR-DME_IT,PIS,Pisa,VOR-DME,112100,43.67720031738281,10.390600204467773,39,IT,112100,058X,43.6771,10.3908,39,0.007,1.216,BOTH,HIGH,LIRP
92454,Pisarovina_NDB_HR,PIS,Pisarovina,NDB,424,45.60499954223633,15.843999862670898,453,HR,,,,,,,2.339,RNAV,LOW,LDZA
92455,Pisa_NDB_IT,PIS,Pisa,NDB,379,43.58919906616211,10.297100067138672,,IT,,,,,,,1.203,BOTH,LOW,LIRP
92474,Pardubice_NDB_CZ,PK,Pardubice,NDB,432,50.01110076904297,15.812999725341797,,CZ,,,,,,,2.462,BOTH,HIGH,LKPD
92489,Parker_VORTAC_US,PKE,Parker,VORTAC,117900,34.10200119018555,-114.68199920654297,1000,US,117900,126X,,,,15.001,12.21,BOTH,HIGH,
92509,Pula_NDB_HR,PLA,Pula,NDB,352,44.889198303222656,13.753499984741211,27,HR,,,,,,,2.061,BOTH,HIGH,LDPL
92527,Prahl_NDB_US,PLV,Prahl,NDB,366,45.28340148925781,-122.7699966430664,157,US,,,,,,,16.597,LO,LOW,
92539,Palmdale_VORTAC_US,PMD,Palmdale,VORTAC,114500,34.63140106201172,-118.06400299072266,2500,US,114500,092X,,,,15.001,13.121,BOTH,HIGH,KPMD
92540,Schwerin-Parchim_DME_DE,PMD,Schwerin-Parchim,DME,117500,53.42499923706055,11.78499984741211,179,DE,117500,122X,,,,,1.412,TERMINAL,LOW,DE-0877
92565,Valencia_NDB_ES,PND,Valencia,NDB,340,39.437400817871094,-0.3464609980583191,,ES,,,,,,,-1.124,LO,MEDIUM,LEVC
92566,Banks_NDB_US,PND,Banks,NDB,356,45.63029861450195,-123.0459976196289,199,US,,,,,,,17.093,LO,LOW,
86535,Centr_NDB_SK,PNY,Centr,NDB,297,48.608100891099994,17.8222999573,,SK,,,,,,,3.104,TERMINAL,MEDIUM,LZPP
92586,Ponza_VORTAC_IT,PNZ,Ponza,VORTAC,114600,40.91189956665039,12.957500457763672,684,IT,114600,093X,,,,1.007,1.497,BOTH,HIGH,
92587,Ponza_NDB_IT,PNZ,Ponza,NDB,368,40.91109848022461,12.956100463867188,,IT,,,,,,,1.497,BOTH,LOW,
92599,Podgorica_VOR-DME_RS,POD,Podgorica,VOR-DME,113000,42.386199951171875,19.254600524902344,138,RS,113000,077X,,,,1.007,3.001,BOTH,HIGH,LYPG
92601,Podgorica_NDB_RS,POD,Podgorica,NDB,335,42.38859939575195,19.254899978637695,,RS,,,,,,,3.001,TERMINAL,MEDIUM,LYPG
92603,Poitiers_VOR_FR,POI,Poitiers,VOR,113300,46.58100128173828,0.2981939911842346,426,FR,,,,,,-3.007,-1.308,BOTH,HIGH,LFBI
92605,Pole_Hill_VOR-DME_GB,POL,Pole Hill,VOR-DME,112100,53.743900299072266,-2.10332989692688,1400,GB,112100,058X,,,,-4.201,-3.262,BOTH,HIGH,
92606,Pomona_VORTAC_US,POM,Pomona,VORTAC,110400,34.078399658203125,-117.78700256347656,1270,US,110400,041X,,,,15.001,13.012,LO,MEDIUM,
92607,Pomigliano_VOR-DME_IT,POM,Pomigliano,VOR-DME,117850,40.928199768066406,14.383600234985352,109,IT,117850,125Y,,,,,2.053,BOTH,MEDIUM,LIRN
92608,Pomigliano_NDB_IT,POM,Pomigliano,NDB,351,40.9286003112793,14.383099555969238,,IT,,,,,,,2.053,LO,MEDIUM,LIRN
92609,Pontoise_VOR_FR,PON,Pontoise,VOR,111600,49.096099853515625,2.0358901023864746,318,FR,,,,,,-3.007,-1.125,BOTH,HIGH,LFPT
92613,Porto_NDB_PT,POR,Porto,NDB,327,41.34809875488281,-8.708060264587402,,PT,,,,,,,-4.025,BOTH,HIGH,LPPR
92615,Pollensa_VOR-DME_ES,POS,Pollensa,VOR-DME,116400,39.927398681640625,3.114579916000366,1168,ES,116400,111X,39.9277,3.11486,1168,-1.007,-0.178,BOTH,HIGH,
92621,Poznan_NDB_PL,POZ,Poznan,NDB,429,52.398101806640625,16.944599151611328,,PL,,,,,,,3.132,BOTH,MEDIUM,EPPO
92629,Pecs-Pogany_NDB_HU,PP,Pecs-Pogany,NDB,412,46.00579833984375,18.232799530029297,,HU,,,,,,,3.057,TERMINAL,LOW,LHPP
92639,Penasco_VOR-DME_MX,PPE,Penasco,VOR-DME,112100,31.367392,-113.302333,30,MX,112100,058X,,,,13,11.3,BOTH,HIGH,MX-2509
92641,Perpignan_VOR-DME_FR,PPG,Perpignan,VOR-DME,116250,42.7504997253418,2.867140054702759,134,FR,116250,109Y,,,,-1.007,-0.279,BOTH,HIGH,LFMP
92644,Pamplona_VOR-DME_ES,PPN,Pamplona,VOR-DME,112300,42.733699798583984,-1.7020000219345093,3419,ES,112300,070X,42.7338,-1.70183,3419,-3.007,-1.482,BOTH,HIGH,LEPP
92662,Ruzyne_North_NDB_CZ,PR,Ruzyne North,NDB,356,50.14419937133789,14.367199897766113,,CZ,,,,,,,2.239,BOTH,MEDIUM,LKPR
92673,El_Prat_VOR-DME_ES,PRA,El Prat,VOR-DME,114300,41.28310012817383,2.081860065460205,43,ES,114300,090X,41.283,2.08175,43,,-0.367,BOTH,HIGH,LEBL
92675,Pratica_Di_Mare_NDB_IT,PRA,Pratica Di Mare,NDB,339,41.6796989440918,12.452799797058105,,IT,,,,,,,1.454,TERMINAL,LOW,LIRE
92676,Paso_Robles_VORTAC_US,PRB,Paso Robles,VORTAC,114300,35.672401428222656,-120.62699890136719,820,US,114300,090X,,,,16.001,13.557,LO,MEDIUM,KPRB
92697,Raisi_VOR-DME_IT,PRS,Raisi,VOR-DME,113000,38.17210006713867,13.079999923706055,19,IT,113000,077X,,,,,1.452,LO,LOW,LICJ
92698,Raisi_NDB_IT,PRS,Raisi,NDB,329,38.18939971923828,13.109100341796875,,IT,,,,,,,1.455,LO,LOW,LICJ
92699,Peretola_VOR-DME_IT,PRT,Peretola,VOR-DME,112500,43.81039810180664,11.201499938964844,157,IT,112500,072X,,,,,1.322,BOTH,HIGH,LIRQ
92700,Porto_VOR-DME_PT,PRT,Porto,VOR-DME,114100,41.273101806640625,-8.687780380249023,182,PT,114100,088X,,,,-5.007,-4.016,BOTH,HIGH,LPPR
92702,Perugia_VOR-DME_IT,PRU,Perugia,VOR-DME,109400,43.10169982910156,12.511899948120117,721,IT,109400,031X,,,,0.007,1.48,LO,HIGH,LIRZ
92707,Rotterdam_Locator_NDB_NL,PS,Rotterdam Locator,NDB,369,51.86429977416992,4.2104902267456055,,NL,,,,,,,-0.458,TERMINAL,LOW,
92713,Dunez_NDB_US,PS,Dunez,NDB,331,46.33810043334961,-119.01300048828125,651,US,,,,,,,16.253,TERMINAL,MEDIUM,
92720,Spessart_NDB_DE,PSA,Spessart,NDB,370,49.86220169067383,9.348320007324219,,DE,,,,,,,1.005,RNAV,LOW,
92722,Pasco_VOR-DME_US,PSC,Pasco,VOR-DME,108400,46.26300048828125,-119.11599731445312,404,US,108400,021X,,,,20.001,16.256,LO,MEDIUM,
92731,Pisek_DME_CZ,PSK,Pisek,DME,117600,49.79750061035156,14.034700393676758,2300,CZ,117600,123X,,,,,2.209,RNAV,UNKNOWN,
92741,Palm_Springs_VORTAC_US,PSP,Palm Springs,VORTAC,115500,33.869998931884766,-116.43000030517578,1600,US,115500,102X,,,,13.001,12.425,BOTH,MEDIUM,KPSP
92753,Katowice_NDB_PL,PT,Katowice,NDB,285,50.474098205566406,19.150299072265625,,PL,,,,,,,3.388,BOTH,HIGH,EPKT
92760,Pusztaszabolcs_VOR-DME_HU,PTB,Pusztaszabolcs,VOR-DME,117100,47.152198791503906,18.742300033569336,453,HU,117100,118X,,,,,3.159,BOTH,HIGH,
92761,Pusztaszabolcs_NDB_HU,PTB,Pusztaszabolcs,NDB,386,47.15250015258789,18.742799758911133,,HU,,,,,,,3.16,TERMINAL,HIGH,
92764,Porto_Colom_NDB_ES,PTC,Porto Colom,NDB,401,39.42729949951172,3.2567200660705566,,ES,,,,,,,-0.149,LO,LOW,
92768,Perth_VOR_GB,PTH,Perth,VOR,110400,56.442501068115234,-3.36860990524292,,GB,,,,,,-6.001,-4.329,RNAV,HIGH,
92785,Pithiviers_VOR_FR,PTV,Pithiviers,VOR,116500,48.155601501464844,2.264780044555664,424,FR,,,,,,-3.007,-1.023,BOTH,HIGH,
92795,Carbon_VOR-DME_US,PUC,Carbon,VOR-DME,115500,39.60319900512695,-110.75399780273438,5891,US,115500,102X,,,,14.001,12.109,LO,HIGH,
92798,Pula_VOR-DME_HR,PUL,Pula,VOR-DME,111250,44.892398834228516,13.918100357055664,189,HR,111250,049Y,,,,0.007,2.082,BOTH,HIGH,LDPL
92804,Pulliam_NDB_US,PUU,Pulliam,NDB,379,35.14189910888672,-111.6709976196289,6994,US,,,,,,,11.419,TERMINAL,LOW,KFLG
92805,Pullman_VOR-DME_US,PUW,Pullman,VOR-DME,109000,46.67430114746094,-117.2239990234375,2720,US,109000,027X,,,,20.001,16.056,LO,MEDIUM,
92821,Provo_VOR-DME_US,PVU,Provo,VOR-DME,108400,40.214900970458984,-111.72100067138672,4493,US,108400,021X,,,,15.001,12.396,LO,LOW,
92829,Prestwick_NDB_GB,PW,Prestwick,NDB,426,55.54439926147461,-4.681550025939941,,GB,,,,,,,-4.554,TERMINAL,LOW,EGPK
92839,Kitsap_NDB_US,PWT,Kitsap,NDB,206,47.4922981262207,-122.75700378417969,492,US,,,,,,,17.432,LO,LOW,KPWT
92842,Panoche_VORTAC_US,PXN,Panoche,VORTAC,112600,36.71549987792969,-120.77899932861328,2060,US,112600,073X,,,,16.001,14.129,LO,MEDIUM,
92843,Phoenix_VORTAC_US,PXR,Phoenix,VORTAC,115600,33.43299865722656,-111.97000122070312,1182,US,115600,103X,,,,12.001,11.295,BOTH,HIGH,P18
92852,Plymouth_NDB_GB,PY,Plymouth,NDB,397,50.424400329589844,-4.112329959869385,,GB,,,,,,,-3.37,TERMINAL,LOW,GB-1214
92855,Point_Reyes_VORTAC_US,PYE,Point Reyes,VORTAC,113700,38.07979965209961,-122.86799621582031,1340,US,113700,084X,,,,17.001,14.54,BOTH,HIGH,
92860,Portoroz_NDB_SI,PZ,Portoroz,NDB,388,45.477500915527344,13.614899635314941,10,SI,,,,,,,2.053,RNAV,LOW,LJPZ
92910,Quimper_VOR-DME_FR,QPR,Quimper,VOR-DME,117800,47.957298278808594,-4.184720039367676,285,FR,117800,125X,,,,-5.007,-3.142,BOTH,HIGH,LFRQ
92941,Ceske_Budejovice_NDB_CZ,R,Ceske Budejovice,NDB,830,48.9463005065918,14.458200454711914,,CZ,,,,,,,2.23,TERMINAL,MEDIUM,LKCS
92942,Budapest_NDB_HU,R,Budapest,NDB,381,47.416900634765625,19.303600311279297,,HU,,,,,,,3.244,TERMINAL,LOW,
92949,Ceske_Budejovice_NDB_CZ,RA,Ceske Budejovice,NDB,402,48.9463005065918,14.515299797058105,,CZ,,,,,,,2.239,TERMINAL,MEDIUM,LKCS
92961,Rakovnik_NDB_CZ,RAK,Rakovnik,NDB,386,50.09709930419922,13.690699577331543,,CZ,,,,,,,2.13,BOTH,HIGH,LKRK
92962,Riverside_VOR_US,RAL,Riverside,VOR,112400,33.95199966430664,-117.4489974975586,762,US,,,,,,15.001,12.564,TERMINAL,LOW,KRAL
92963,Ramme_VOR-DME_DK,RAM,Ramme,VOR-DME,111850,56.47840118408203,8.187359809875488,60,DK,111850,055Y,,,,0.008,0.182,RNAV,HIGH,
92975,Orebro_NDB_SE,RB,Orebro,NDB,375,59.13399887084961,15.003000259399414,,SE,,,,,,,3.002,BOTH,HIGH,ESOE
92983,Roseburg_VOR-DME_US,RBG,Roseburg,VOR-DME,108200,43.18239974975586,-123.35199737548828,1320,US,108200,019X,,,,20.001,16.262,BOTH,MEDIUM,
92985,Robles_NDB_US,RBJ,Robles,NDB,220,32.07400131225586,-111.36000061035156,2607,US,,,,,,,11.048,TERMINAL,LOW,
92986,Red_Bluff_VORTAC_US,RBL,Red Bluff,VORTAC,115700,40.098899841308594,-122.23600006103516,322,US,115700,104X,,,,18.001,15.193,BOTH,HIGH,KRBL
92988,Robledillo_VOR-DME_ES,RBO,Robledillo,VOR-DME,113950,40.85390090942383,-3.2466299533843994,3119,ES,113950,086Y,40.854,-3.2465,3119,,-2.092,BOTH,HIGH,
92992,Rambouillet_VOR-DME_FR,RBT,Rambouillet,VOR-DME,114700,48.653900146484375,1.9942200183868408,577,FR,114700,094X,,,,-2.007,-1.106,BOTH,HIGH,
93005,Reggio_Calabria_VOR-DME_IT,RCA,Reggio Calabria,VOR-DME,111000,38.075801849365234,15.645500183105469,55,IT,111000,047X,,,,1.007,2.098,BOTH,MEDIUM,LICR
93006,Reggio_Calabria_NDB_IT,RCA,Reggio Calabria,NDB,325,38.012901306152344,15.650300025939941,,IT,,,,,,,2.096,LO,LOW,LICR
93007,Ronchi_VOR-DME_IT,RCH,Ronchi,VOR-DME,114200,45.82979965209961,13.480299949645996,61,IT,114200,089X,,,,,2.04,LO,HIGH,LIPQ
93008,Rochester_NDB_GB,RCH,Rochester,NDB,369,51.35380172729492,0.5036669969558716,,GB,,,,,,,-2.016,TERMINAL,LOW,EGTO
93018,Bodey_NDB_US,RD,Bodey,NDB,411,44.30799865722656,-121.01899719238281,3009,US,,,,,,,16.211,LO,MEDIUM,KRDM
93019,Lassn_NDB_US,RD,Lassn,NDB,367,40.392799377441406,-122.29499816894531,,US,,,,,,,15.271,TERMINAL,LOW,KRDD
93023,Redding_VOR-DME_US,RDD,Redding,VOR-DME,108400,40.504600524902344,-122.29199981689453,490,US,108400,021X,,,,18.001,15.286,LO,LOW,KRDD
93025,Roding_VOR-DME_DE,RDG,Roding,VOR-DME,114700,49.040298461899994,12.5264997482,2172,DE,114700,094X,,,,0,1.5,BOTH,HIGH,EDMS
93027,Redhill_NDB_GB,RDL,Redhill,NDB,343,51.21609878540039,-0.14038099348545074,,GB,,,,,,,-2.146,LO,LOW,EGKR
93042,Reims_VORTAC_FR,REM,Reims,VORTAC,112300,49.31159973144531,4.045360088348389,335,FR,112300,070X,49.3097,4.04116,,-2.007,-0.345,BOTH,HIGH,FR-1241
93043,Rennes_VOR-DME_FR,REN,Rennes,VOR-DME,109250,48.06919860839844,-1.74167001247406,126,FR,109250,029Y,,,,-4.007,-2.225,BOTH,HIGH,LFRN
93046,Rome_VORTAC_US,REO,Rome,VORTAC,112500,42.59049987792969,-117.86799621582031,4050,US,112500,072X,,,,19.001,15.078,BOTH,HIGH,
93047,Reus_VOR-DME_ES,RES,Reus,VOR-DME,114200,41.14970016479492,1.171120047569275,272,ES,114200,089X,,,,-2.007,-0.513,BOTH,HIGH,LERS
93066,Tune_NDB_NO,RG,Tune,NDB,381,59.32460021972656,11.005200386047363,,NO,,,,,,,1.206,TERMINAL,LOW,ENRY
93084,Rijeka_NDB_HR,RI,Rijeka,NDB,289,45.13750076293945,14.652899742126465,,HR,,,,,,,2.179,TERMINAL,LOW,
93093,Ried_VOR-DME_DE,RID,Ried,VOR-DME,112200,49.781700134277344,8.541489601135254,328,DE,112200,059X,,,,0.011,0.465,BOTH,MEDIUM,
93096,Rimini_VORTAC_IT,RIM,Rimini,VORTAC,116200,44.015201568603516,12.616600036621094,71,IT,116200,109X,44.0151,12.6165,71,,1.505,BOTH,HIGH,LIPR
93097,Rimini_NDB_IT,RIM,Rimini,NDB,335,44.07899856567383,12.505999565124512,,IT,,,,,,,1.492,BOTH,LOW,LIPR
93102,Rivolto_TACAN_IT,RIV,Rivolto,TACAN,110000,45.99570083618164,13.088399887084961,267,IT,110000,037X,,,,,1.59,BOTH,HIGH,LIPI
93103,March_TACAN_US,RIV,March,TACAN,113000,33.90650177001953,-117.2750015258789,1540,US,113000,077X,,,,14.001,12.537,BOTH,MEDIUM,KRIV
93105,Rivolto_NDB_IT,RIV,Rivolto,NDB,371,45.935298919677734,12.941900253295898,,IT,,,,,,,1.57,TERMINAL,LOW,LIPI
93112,Rijeka_VOR-DME_HR,RJK,Rijeka,VOR-DME,117800,45.224098205566406,14.567000389099121,360,HR,117800,125X,,,,0.007,2.17,RNAV,HIGH,LDRI
93116,Roskilde_NDB_DK,RK,Roskilde,NDB,368,55.62310028076172,11.997200012207031,,DK,,,,,,,1.453,BOTH,MEDIUM,EKRK
93126,Rekken_VOR-DME_NL,RKN,Rekken,VOR-DME,116800,52.133201599121094,6.763879776000977,137,NL,116800,115X,,,,0.007,0.051,BOTH,HIGH,
93133,Riboo_NDB_US,RL,Riboo,NDB,260,46.37049865722656,-119.25900268554688,395,US,,,,,,,16.346,TERMINAL,MEDIUM,
93135,Rolampont_VOR-DME_FR,RLP,Rolampont,VOR-DME,117300,47.90629959106445,5.249169826507568,1490,FR,117300,120X,,,,-2.007,-0.057,BOTH,HIGH,
93142,Malaga_NDB_ES,RMA,Malaga,NDB,330,36.65890121459961,-4.476739883422852,,ES,,,,,,,-2.201,BOTH,MEDIUM,LEMG
93146,Romagnano_NDB_IT,RMG,Romagnano,NDB,337,45.628299713134766,8.406579971313477,,IT,,,,,,,0.523,TERMINAL,LOW,
93147,Ramstein_TACAN_DE,RMS,Ramstein,TACAN,113400,49.43470001220703,7.5856499671936035,762,DE,113400,081X,,,,0.007,0.305,BOTH,HIGH,ETAR
93165,Renton_NDB_US,RNT,Renton,NDB,353,47.495399475097656,-122.21499633789062,20,US,,,,,,,17.37,LO,LOW,KRNT
93172,Rothenburg_NDB_DE,RO,Rothenburg,NDB,432,51.34360122680664,14.95199966430664,,DE,,,,,,,2.36,TERMINAL,LOW,EDBR
93180,Roanne_VOR_FR,ROA,Roanne,VOR,109200,46.059200286865234,3.9992799758911133,1106,FR,,,,,,,-0.203,BOTH,LOW,LFLO
93190,Ronne_TACAN_DK,ROE,Ronne,TACAN,112000,55.0619010925293,14.755900382995605,79,DK,112000,057X,,,,3.008,2.428,BOTH,HIGH,EKRN
93191,Ronne_VOR-DME_DK,ROE,Ronne,VOR-DME,112000,55.06560134887695,14.758700370788574,79,DK,112000,057X,55.0619,14.7559,79,3.008,2.419,RNAV,HIGH,EKRN
93194,Priest_VOR_US,ROM,Priest,VOR,110000,36.14039993286133,-120.66500091552734,3880,US,,,,,,16.001,14.03,LO,MEDIUM,US-10686
93195,Roma_VOR-DME_IT,ROM,Roma,VOR-DME,110800,41.80459976196289,12.58810043334961,426,IT,110800,045X,,,,,1.483,RNAV,MEDIUM,LIRA
93198,Ronchi_NDB_IT,RON,Ronchi,NDB,396,45.82820129394531,13.360699653625488,,IT,,,,,,,2.024,BOTH,LOW,LIPQ
93206,Rotterdam_NDB_NL,ROT,Rotterdam,NDB,351,51.89759826660156,4.554349899291992,,NL,,,,,,,-0.389,TERMINAL,LOW,EHRD
93207,Rouen_VOR_FR,ROU,Rouen,VOR,116800,49.465599060058594,1.2806400060653687,,FR,,,,,,,-1.303,LO,MEDIUM,
93212,Malacky_NDB_SK,RP,Malacky,NDB,477,48.47439956665039,17.15250015258789,,SK,,,,,,,3.006,TERMINAL,MEDIUM,LZMC
93223,Quimper_NDB_FR,RQ,Quimper,NDB,380,47.968299865722656,-3.9984400272369385,386,FR,,,,,,,-3.102,BOTH,LOW,LFRQ
93231,Rotterdam_Locator_NDB_NL,RR,Rotterdam Locator,NDB,405,52.004398345947266,4.769050121307373,,NL,,,,,,,-0.35,TERMINAL,LOW,
93243,Barajas_NDB_ES,RS,Barajas,NDB,326,40.389400482177734,-3.5622599124908447,,ES,,,,,,,-2.132,TERMINAL,LOW,
93250,Rush_NDB_IE,RSH,Rush,NDB,326,53.51190185546875,-6.110529899597168,,IE,,,,,,,-5.04,BOTH,LOW,EIDW
93258,Rennesoy_NDB_NO,RSY,Rennesoy,NDB,378,59.133201599121094,5.641900062561035,10,NO,,,,,,,-0.592,BOTH,LOW,ENZV
93267,Rothenbach_NDB_DE,RTB,Rothenbach,NDB,415,49.48270034790039,11.252900123596191,1096,DE,,,,,,,1.331,LO,LOW,EDDN
93269,Rotterdam_VOR-DME_NL,RTM,Rotterdam,VOR-DME,110400,51.97370147705078,4.4809699058532715,34,NL,110400,041X,,,,-1.007,-0.408,BOTH,HIGH,EHRD
93270,Romorantin_NDB_FR,RTN,Romorantin,NDB,301,47.319801330566406,1.6880300045013428,,FR,,,,,,,-1.085,BOTH,LOW,
93271,Rattenberg_NDB_AT,RTT,Rattenberg,NDB,303,47.43090057373047,11.940099716186523,3707,AT,,,,,,,1.437,BOTH,LOW,
93284,Reus_NDB_ES,RUS,Reus,NDB,424,41.14780044555664,1.1461399793624878,,ES,,,,,,,-0.517,LO,MEDIUM,LERS
93294,Tegel_West_NDB_DE,RW,Tegel West,NDB,392,52.545101165771484,13.151000022888184,,DE,,,,,,,2.066,TERMINAL,MEDIUM,DE-0876
93303,Isle_Of_Man_NDB_GB,RWY,Isle Of Man,NDB,359,54.08110046386719,-4.622889995574951,55,GB,,,,,,,-4.314,TERMINAL,LOW,
93309,Rygge_TACAN_NO,RYG,Rygge,TACAN,113500,59.37919998168945,10.779600143432617,190,NO,113500,082X,,,,-1.001,1.148,BOTH,HIGH,ENRY
93312,Ryan_NDB_US,RYN,Ryan,NDB,338,32.13840103149414,-111.16200256347656,2418,US,,,,,,,11.02,LO,MEDIUM,
93322,San_Marcus_VORTAC_US,RZS,San Marcus,VORTAC,114900,34.509498596191406,-119.77100372314453,3620,US,114900,096X,,,,14.004,13.299,BOTH,HIGH,KSBA
93330,Bydgoszcz_NDB_PL,S,Bydgoszcz,NDB,109,53.099700927734375,18.012500762939453,,PL,,,,,,,3.35,BOTH,LOW,EPBY
93331,Gdansk_NDB_PL,S,Gdansk,NDB,383,54.367698669433594,18.50589942932129,,PL,,,,,,,3.512,TERMINAL,LOW,EPGD
93344,Santander_NDB_ES,SA,Santander,NDB,416,43.435001373291016,-3.849900007247925,,ES,,,,,,,-2.335,BOTH,MEDIUM,LEXJ
93345,Execc_NDB_US,SA,Execc,NDB,356,38.44969940185547,-121.5459976196289,5,US,,,,,,,14.478,TERMINAL,LOW,KSAC
93352,St.aAbs_VOR-DME_GB,SAB,St.aAbs,VOR-DME,112500,55.907501220703125,-2.206389904022217,760,GB,112500,072X,,,,-5.001,-3.55,,,
93354,Sacramento_VORTAC_US,SAC,Sacramento,VORTAC,115200,38.443599700927734,-121.552001953125,10,US,115200,099X,,,,17.001,14.478,BOTH,HIGH,KSAC
93357,Saarbrucken_DME_DE,SAD,Saarbrucken,DME,116750,49.212501525878906,7.116069793701172,1088,DE,116750,114Y,,,,,0.228,TERMINAL,LOW,EDDR
93366,Smith_Lake_NDB_US,SAK,Smith Lake,NDB,515,48.108299255371094,-114.46099853515625,3157,US,,,,,,,15.327,LO,LOW,
93367,Salon_TACAN_FR,SAL,Salon,TACAN,115150,43.61180114746094,5.102809906005859,195,FR,115150,098Y,,,,,0.056,BOTH,HIGH,LFMY
93371,Salon_NDB_FR,SAL,Salon,NDB,334,43.610599517822266,5.101109981536865,195,FR,,,,,,,0.056,LO,LOW,LFMY
93372,Sali_NDB_HR,SAL,Sali,NDB,421,43.93790054321289,15.168100357055664,72,HR,,,,,,,2.213,LO,LOW,LDZD
93375,Southampton_VOR-DME_GB,SAM,Southampton,VOR-DME,113350,50.955299377441406,-1.3450000286102295,66,GB,113350,080Y,,,,-4.001,-2.391,BOTH,HIGH,EGHI
93385,Sarajevo_VORTAC_BA,SAR,Sarajevo,VORTAC,108850,43.824798583984375,18.3341007232666,1708,BA,108850,025Y,,,,2.002,2.566,TERMINAL,HIGH,LQSA
93388,St_Athan_TACAN_GB,SAT,St Athan,TACAN,114800,51.40639877319336,-3.434969902038574,178,GB,114800,095X,,,,,-3.318,BOTH,LOW,EGDX
93393,Sauveterre_VOR_FR,SAU,Sauveterre,VOR,116800,44.67679977416992,-0.15291699767112732,385,FR,,,,,,-3.007,-1.287,BOTH,HIGH,
93394,Sausalito_VORTAC_US,SAU,Sausalito,VORTAC,116200,37.85530090332031,-122.52300262451172,1040,US,116200,109X,,,,17.001,14.474,BOTH,MEDIUM,JMC
93398,Saverne_VOR-DME_FR,SAV,Saverne,VOR-DME,110450,48.796199798583984,7.447979927062988,831,FR,110450,041Y,,,,1.007,0.299,BOTH,HIGH,LFST
93404,Stornoway_NDB-DME_GB,SAY,Stornoway,NDB-DME,431,58.21549987792969,-6.329080104827881,24,GB,110900,046X,58.2152,-6.3291,24,,-6.229,TERMINAL,MEDIUM,EGPO
93405,Sarzana_TACAN_IT,SAZ,Sarzana,TACAN,111100,44.075599670410156,9.93889045715332,1147,IT,111100,048X,,,,,1.154,BOTH,MEDIUM,LIQW
93417,Petis_NDB_US,SB,Petis,NDB,397,34.05649948120117,-117.36599731445312,,US,,,,,,,12.568,TERMINAL,LOW,KONT
93422,Sabadell_NDB_ES,SBD,Sabadell,NDB,367,41.51940155029297,2.1030499935150146,,ES,,,,,,,-0.369,BOTH,LOW,LELL
93423,Salzburg_VOR-DME_AT,SBG,Salzburg,VOR-DME,113800,48.002601623535156,12.892800331115723,1494,AT,113800,085X,48.0024,12.8929,1494,0.007,1.583,BOTH,HIGH,LOWS
93425,Salzburg_NDB_AT,SBG,Salzburg,NDB,382,47.967498779296875,12.894100189208984,,AT,,,,,,,1.583,BOTH,MEDIUM,LOWS
93428,Sumburgh_NDB_GB,SBH,Sumburgh,NDB,351,59.88240051269531,-1.2948299646377563,,GB,,,,,,,-4.214,TERMINAL,LOW,EGPB
93432,Saarbrucken_NDB_DE,SBN,Saarbrucken,NDB,343,49.21889877319336,7.118340015411377,1058,DE,,,,,,,0.228,BOTH,LOW,EDDR
93438,Shelby_NDB_US,SBX,Shelby,NDB,347,48.54100036621094,-111.86199951171875,3437,US,,,,,,,14.323,TERMINAL,LOW,
93440,Strubby_NDB_GB,SBY,Strubby,NDB,330,53.310001373291016,0.17616699635982513,,GB,,,,,,,-2.268,TERMINAL,LOW,
93447,Jotly_NDB_US,SC,Jotly,NDB,271,37.83169937133789,-121.13500213623047,52,US,,,,,,,14.339,TERMINAL,LOW,KSCK
93448,Salamanca_NDB_ES,SCA,Salamanca,NDB,423,40.92720031738281,-5.6165900230407715,,ES,,,,,,,-2.557,BOTH,MEDIUM,LESA
93456,Saint_Christol_NDB_FR,SCL,Saint Christol,NDB,348,44.05070114135742,5.503469944000244,,FR,,,,,,,0.108,LO,LOW,FR-1260
93476,Schonefeld_DME_DE,SDD,Schonefeld,DME,114400,52.3745002746582,13.503700256347656,173,DE,114400,091X,,,,,2.128,TERMINAL,LOW,DE-0440
93480,Saint-Dizier_TACAN_FR,SDI,Saint-Dizier,TACAN,114000,48.637001037597656,4.889190196990967,492,FR,114000,087X,,,,-2.007,-0.153,BOTH,HIGH,LFSI
93481,Saint-Dizier_NDB_FR,SDI,Saint-Dizier,NDB,373,48.62900161743164,4.910669803619385,,FR,,,,,,,-0.149,LO,LOW,LFSI
93482,Scottsdale_NDB_US,SDL,Scottsdale,NDB,224,33.62910079956055,-111.90799713134766,1542,US,,,,,,,11.304,TERMINAL,LOW,
93483,Alger_VOR_DZ,SDM,Alger,VOR,113900,36.630699157714844,2.9742701053619385,,DZ,,,,,,,-0.174,BOTH,MEDIUM,DAAG
93485,Sod_House_VORTAC_US,SDO,Sod House,VORTAC,114300,41.407100677490234,-118.03500366210938,4161,US,114300,090X,,,,18.001,14.516,LO,MEDIUM,US-11943
93494,Seattle_VORTAC_US,SEA,Seattle,VORTAC,116800,47.43539810180664,-122.30999755859375,354,US,116800,115X,47.4357,-122.31,354,19.001,17.369,BOTH,HIGH,KSEA
93501,Seo_De_Urgel_NDB_ES,SEO,Seo De Urgel,NDB,340,42.232200622558594,1.4035199880599976,,ES,,,,,,,-0.506,LO,LOW,LESU
93505,Genova_Sestri_VOR-DME_IT,SES,Genova Sestri,VOR-DME,108600,44.417198181152344,8.823610305786133,33,IT,108600,023X,44.4175,8.82361,33,0.007,0.598,BOTH,HIGH,LIMJ
93513,Sandefjord_NDB_NO,SF,Sandefjord,NDB,283,59.105098724365234,10.259300231933594,,NO,,,,,,,1.018,TERMINAL,LOW,
93518,Brijj_NDB_US,SF,Brijj,NDB,379,37.572200775146484,-122.26000213623047,11,US,,,,,,,14.405,TERMINAL,LOW,KSFO
93521,Saint_Flour_Coltines_VOR_FR,SFC,Saint Flour/Coltines,VOR,109800,45.06650161743164,2.9907500743865967,3222,FR,,,,,,,-0.339,BOTH,HIGH,LFHQ
93522,Seaford_VOR-DME_GB,SFD,Seaford,VOR-DME,117000,50.76060104370117,0.12194400280714035,300,GB,117000,117X,,,,-3.001,-2.049,BOTH,HIGH,
93525,Felts_NDB_US,SFF,Felts,NDB,365,47.68619918823242,-117.31199645996094,1950,US,,,,,,,16.255,TERMINAL,LOW,KSFF
93526,Sheffield_City_DME_GB,SFH,Sheffield City,DME,111350,53.393001556396484,-1.383139967918396,273,GB,111350,050Y,,,,,-3.048,TERMINAL,LOW,GB-1219
93531,San_Francisco_VOR-DME_US,SFO,San Francisco,VOR-DME,115800,37.61949920654297,-122.3740005493164,13,US,115800,105X,,,,17.001,14.423,BOTH,MEDIUM,KSFO
93536,Stuttgart_NDB_DE,SG,Stuttgart,NDB,306,48.711299896240234,9.335040092468262,,DE,,,,,,,1.022,TERMINAL,LOW,EDDS
93553,Scaggs_Island_VORTAC_US,SGD,Scaggs Island,VORTAC,112100,38.17940139770508,-122.37300109863281,10,US,112100,058X,,,,17.001,14.513,LO,MEDIUM,
93555,Stuttgart_DME_DE,SGD,Stuttgart,DME,115450,48.68790054321289,9.224109649658203,1332,DE,115450,101Y,,,,,1.004,BOTH,LOW,EDDS
93562,Sagunto_NDB_ES,SGO,Sagunto,NDB,356,39.674198150634766,-0.20780600607395172,,ES,,,,,,,-1.106,LO,MEDIUM,LEVC
93563,Sagres_VOR-DME_PT,SGR,Sagres,VOR-DME,113900,37.083900451660156,-8.946390151977539,500,PT,113900,086X,,,,,-3.496,BOTH,HIGH,
93571,Shobdon_NDB_GB,SH,Shobdon,NDB,426,52.24340057373047,-2.8798398971557617,,GB,,,,,,,-3.25,TERMINAL,LOW,EGBS
93577,Shannon_VOR-DME_IE,SHA,Shannon,VOR-DME,113300,52.72100067138672,-8.885210037231445,130,IE,113300,080X,,,,-8.007,-6.041,BOTH,HIGH,EINN
93579,Scotstown_Head_NDB_GB,SHD,Scotstown Head,NDB,383,57.559200286865234,-1.8172199726104736,,GB,,,,,,,-4.057,LO,MEDIUM,
93581,Schwabisch_DME_DE,SHD,Schwabisch,DME,108050,49.11650085449219,9.778160095214844,1389,DE,108050,017Y,,,,,1.089,TERMINAL,LOW,EDTY
93595,Schupberg_NDB_CH,SHU,Schupberg,NDB,357,47.02180099487305,7.391940116882324,2215,CH,,,,,,,0.336,BOTH,LOW,LSZB
93599,Salzburg_NDB_AT,SI,Salzburg,NDB,410,47.818599700927734,12.987700462341309,,AT,,,,,,,1.596,TERMINAL,LOW,LOWS
93612,Siena_VOR-DME_IT,SIE,Siena,VOR-DME,110200,43.25279998779297,11.253100395202637,638,IT,110200,039X,,,,,1.325,BOTH,HIGH,LIQS
93615,Somosierra_VOR-DME_ES,SIE,Somosierra,VOR-DME,115400,41.15169906616211,-3.6046700477600098,5659,ES,115400,101X,41.1517,-3.60485,5659,,-2.173,BOTH,HIGH,
93617,Sigonella_TACAN_IT,SIG,Sigonella,TACAN,111600,37.39590072631836,14.970999717712402,64,IT,111600,053X,,,,,2.014,BOTH,HIGH,LICZ
93619,Sigonella_NDB_IT,SIG,Sigonella,NDB,412,37.39580154418945,14.971500396728516,,IT,,,,,,,2.014,TERMINAL,LOW,LICZ
93621,Siegerland_NDB_DE,SIL,Siegerland,NDB,489,50.68000030517578,8.138500213623047,,DE,,,,,,,0.368,TERMINAL,LOW,EDGS
93626,Sion_VOR-DME_CH,SIO,Sion,VOR-DME,112150,46.21549987792969,7.288780212402344,1594,CH,112150,058Y,,,,-1.007,0.339,BOTH,LOW,LSGS
93647,San_Jose_VOR-DME_US,SJC,San Jose,VOR-DME,114100,37.374698638916016,-121.94499969482422,43,US,114100,088X,,,,16.001,14.345,LO,MEDIUM,KSJC
93663,San_Jacinto_NDB_US,SJY,San Jacinto,NDB,227,33.794898986816406,-116.9990005493164,1498,US,,,,,,,12.488,LO,LOW,
93665,Leipzig_NDB_DE,SK,Leipzig,NDB,434,51.43479919433594,12.116700172424316,,DE,,,,,,,1.475,TERMINAL,LOW,EDDP
93666,S.kKaljevec_NDB_HR,SK,S.kKaljevec,NDB,350,45.80580139160156,16.16469955444336,337,HR,,,,,,,2.385,,,LDZA
93675,Fairchild_TACAN_US,SKA,Fairchild,TACAN,111400,47.61069869995117,-117.66200256347656,2460,US,111400,051X,,,,19.001,16.306,BOTH,MEDIUM,KSKA
93689,Skien_VOR-DME_NO,SKI,Skien,VOR-DME,113600,59.1879997253418,9.570289611816406,491,NO,113600,083X,,,,0.001,0.439,RNAV,HIGH,ENSN
93700,Skrydstrup_VORTAC_DK,SKR,Skrydstrup,VORTAC,110400,55.22890090942383,9.214059829711914,138,DK,110400,041X,,,,1.008,0.454,BOTH,HIGH,EKSP
93710,Bydgoszcz_NDB_PL,SL,Bydgoszcz,NDB,534,53.10309982299805,18.0531005859375,,PL,,,,,,,3.358,BOTH,HIGH,EPBY
93717,Turno_NDB_US,SL,Turno,NDB,266,44.8474006652832,-122.95099639892578,,US,,,,,,,16.533,LO,MEDIUM,KSLE
93722,Sliac_VOR-DME_SK,SLC,Sliac,VOR-DME,114000,48.45320129394531,19.11590003967285,1670,SK,114000,087X,,,,2.007,3.272,BOTH,HIGH,LZSL
93723,Siegerland_DME_DE,SLD,Siegerland,DME,108050,50.7067985534668,8.078510284423828,2019,DE,108050,017Y,,,,,0.356,TERMINAL,LOW,EDGS
93724,Sligo_NDB-DME_IE,SLG,Sligo,NDB-DME,384,54.27870178222656,-8.591110229492188,15,IE,109000,027X,,,,,-6.182,TERMINAL,LOW,EISG
93725,Seal_Beach_VORTAC_US,SLI,Seal Beach,VORTAC,115700,33.78329849243164,-118.05500030517578,23,US,115700,104X,,,,15.001,13.013,BOTH,MEDIUM,KSLI
93731,Sabadell_VOR-DME_ES,SLL,Sabadell,VOR-DME,112000,41.519901275634766,2.1097500324249268,499,ES,112000,057X,41.52,2.10975,499,,-0.368,BOTH,HIGH,LEBL
93734,Schonefeld_NDB_DE,SLN,Schonefeld,NDB,362,52.392601013183594,13.569999694824219,,DE,,,,,,,2.14,LO,LOW,DE-0440
93739,Sleap_NDB_GB,SLP,Sleap,NDB,382,52.83359909057617,-2.7736101150512695,,GB,,,,,,,-3.321,LO,LOW,
93746,Sylt_NDB_DE,SLT,Sylt,NDB,387,54.85689926147461,8.409979820251465,,DE,,,,,,,0.29,BOTH,LOW,EDXW
93750,Spa_NDB_BE,SLV,Spa,NDB,387,50.47809982299805,5.913060188293457,1542,BE,,,,,,,-0.044,BOTH,LOW,
93765,St_Mawgan_NDB_GB,SM,St Mawgan,NDB,357,50.44810104370117,-4.9945502281188965,,GB,,,,,,,-3.579,LO,LOW,EGHQ
93767,Metre_NDB_US,SM,Metre,NDB,230,38.79499816894531,-121.5989990234375,15,US,,,,,,,14.539,TERMINAL,LOW,KSMF
93772,Olbia_Costa_Smeralda_VOR-DME_IT,SME,Olbia Costa Smeralda,VOR-DME,113900,40.88999938964844,9.501179695129395,64,IT,113900,086X,40.8902,9.50056,64,0.007,1.093,RNAV,HIGH,LIEO
93773,Sarmellek_NDB_HU,SME,Sarmellek,NDB,428,46.66579818725586,17.166900634765625,,HU,,,,,,,2.55,LO,MEDIUM,LHSM
93774,Olbia_Costa_Smeralda_NDB_IT,SME,Olbia Costa Smeralda,NDB,357,40.89360046386719,9.502289772033691,,IT,,,,,,,1.093,LO,LOW,LIEO
93776,Sheffield_City_NDB_GB,SMF,Sheffield City,NDB,333,53.392601013183594,-1.383139967918396,,GB,,,,,,,-3.047,TERMINAL,LOW,GB-1219
93777,St_Mawgan_TACAN_GB,SMG,St Mawgan,TACAN,112600,50.43450164794922,-5.030250072479248,323,GB,112600,073X,,,,-5.012,-3.586,BOTH,HIGH,EGHQ
93779,Mitrovica_VOR-DME_RS,SMI,Mitrovica,VOR-DME,117000,45.009498596191406,19.43079948425293,262,RS,117000,117X,,,,2.007,3.139,RNAV,HIGH,
93786,Santa_Monica_VOR-DME_US,SMO,Santa Monica,VOR-DME,110800,34.01020050048828,-118.45700073242188,114,US,110800,045X,,,,15.001,13.076,LO,MEDIUM,
93789,Houari_Boumediene_NDB_DZ,SMR,Houari Boumediene,NDB,370,36.692901611328125,3.089869976043701,,DZ,,,,,,,-0.157,BOTH,HIGH,DAAG
93792,Mitrovica_NDB_RS,SMR,Mitrovica,NDB,328,44.9994010925293,19.609699249267578,,RS,,,,,,,3.159,LO,MEDIUM,
93809,Senetose_NDB_FR,SNE,Senetose,NDB,395,41.55780029296875,8.798890113830566,,FR,,,,,,,1.006,LO,LOW,
93818,Santiago_NDB_ES,SNO,Santiago,NDB,417,42.907798767089844,-8.428449630737305,,ES,,,,,,,-4.063,LO,MEDIUM,LEST
93819,Santander_VOR-DME_ES,SNR,Santander,VOR-DME,115300,43.449798583984375,-3.9024100303649902,164,ES,115300,100X,43.4496,-3.90249,164,-4.007,-2.346,BOTH,HIGH,LEXJ
93820,Salinas_VORTAC_US,SNS,Salinas,VORTAC,117300,36.66379928588867,-121.60299682617188,101,US,117300,120X,,,,17.001,14.202,BOTH,HIGH,KSNS
93825,Sollenau_VOR-DME_AT,SNU,Sollenau,VOR-DME,115500,47.874900817871094,16.288400650024414,891,AT,115500,102X,,,,1.007,2.465,BOTH,HIGH,LOWW
93830,Eelde_NDB_NL,SO,Eelde,NDB,330,53.215301513671875,6.785160064697266,3,NL,,,,,,,0.008,TERMINAL,LOW,EHGG
93835,Sola_TACAN_NO,SOA,Sola,TACAN,112250,58.87580108642578,5.635260105133057,62,NO,112250,059Y,,,,-3.001,-0.577,BOTH,LOW,ENZV
93852,Sorrento_VOR-DME_IT,SOR,Sorrento,VOR-DME,112200,40.58259963989258,14.335100173950195,1653,IT,112200,059X,,,,1.007,2.038,BOTH,HIGH,
93853,Sorrento_NDB_IT,SOR,Sorrento,NDB,426,40.58219909667969,14.333900451660156,,IT,,,,,,,2.039,LO,LOW,
93855,Show_Low_NDB_US,SOW,Show Low,NDB,206,34.26729965209961,-110.00800323486328,6411,US,,,,,,,11.006,LO,LOW,
93873,Spangdahlem_TACAN_DE,SPA,Spangdahlem,TACAN,109500,49.979000091552734,6.697700023651123,1161,DE,109500,032X,,,,0.009,0.125,BOTH,HIGH,ETAD
93875,Sleipner_A_NDB-DME_NO,SPA,Sleipner A,NDB-DME,349,58.36669921875,1.90693998336792,417,NO,115500,102X,,,,,-2.336,BOTH,LOW,
93883,Sprimont_VOR-DME_BE,SPI,Sprimont,VOR-DME,113100,50.51470184326172,5.623330116271973,966,BE,113100,078X,,,,0.007,-0.101,RNAV,HIGH,
93884,Split_VOR-DME_HR,SPL,Split,VOR-DME,115700,43.49660110473633,16.30470085144043,734,HR,115700,104X,,,,1.007,2.331,BOTH,HIGH,LDSP
93885,Schiphol_VOR-DME_NL,SPL,Schiphol,VOR-DME,108400,52.33209991455078,4.749879837036133,14,NL,108400,021X,,,,,-0.373,LO,MEDIUM,EHAM
93891,Sevilla_NDB_ES,SPP,Sevilla,NDB,420,37.41809844970703,-5.795519828796387,,ES,,,,,,,-2.468,LO,MEDIUM,LEZL
93893,St-Prex_VOR-DME_CH,SPR,St-Prex,VOR-DME,113900,46.4687004089,6.44806003571,1252,CH,113900,086X,,,,0.007,0.197,,,
93896,Spijkerboor_VOR-DME_NL,SPY,Spijkerboor,VOR-DME,113300,52.54029846191406,4.8537797927856445,26,NL,113300,080X,,,,-2.007,-0.364,BOTH,HIGH,EHAM
93901,Quintin_VOR-DME_MX,SQN,Quintin,VOR-DME,113300,30.545400619506836,-115.95600128173828,60,MX,113300,080X,,,,13.007,11.55,BOTH,HIGH,
93905,Saumur_NDB_FR,SR,Saumur,NDB,372,47.259498596191406,-0.1143610030412674,,FR,,,,,,,-1.433,LO,MEDIUM,LFOD
93906,Ensheim_NDB_DE,SR,Ensheim,NDB,360,49.21780014038086,7.219510078430176,,DE,,,,,,,0.246,TERMINAL,LOW,EDDR
93916,Sintra_VORTAC_PT,SRA,Sintra,VORTAC,112100,38.829200744628906,-9.34000015258789,440,PT,112100,058X,,,,,-4.037,BOTH,HIGH,LPST
93926,Saronno_VOR-DME_IT,SRN,Saronno,VOR-DME,113700,45.64680099487305,9.022850036621094,815,IT,113700,084X,,,,0.007,1.015,BOTH,HIGH,
93929,Saronno_NDB_IT,SRN,Saronno,NDB,330,45.64609909057617,9.021639823913574,,IT,,,,,,,1.015,BOTH,LOW,
93941,Sturup_NDB_SE,SS,Sturup,NDB,420,55.46009826660156,13.39210033416748,,SE,,,,,,,2.147,TERMINAL,LOW,ESMS
93944,Soesterberg_TACAN_NL,SSB,Soesterberg,TACAN,115800,52.128299713134766,5.275559902191162,49,NL,115800,105X,,,,,-0.252,BOTH,HIGH,NL-0144
93948,Stansted_NDB_GB,SSD,Stansted,NDB,429,51.89459991455078,0.24503099918365479,,GB,,,,,,,-2.12,LO,MEDIUM,EGSS
93951,Palma_De_Mallorca_TACAN_ES,SSJ,Palma De Mallorca,TACAN,108400,39.55970001220703,2.7332499027252197,32,ES,108400,021X,,,,,-0.23,BOTH,LOW,
93953,San_Sebastian_VOR-DME_ES,SSN,San Sebastian,VOR-DME,117900,43.31119918823242,-1.8303899765014648,804,ES,117900,126X,43.3113,-1.8305,804,-3.007,-1.533,BOTH,MEDIUM,LESO
93957,S.S.rRyes_VOR-DME_ES,SSY,S.S.rRyes,VOR-DME,117850,40.5463981628418,-3.5751900672912598,2012,ES,117850,125Y,40.5464,-3.57537,2012,,-2.141,,,LEMD
93976,Stord_VOR-DME_NO,STD,Stord,VOR-DME,113400,59.78730010986328,5.344339847564697,222,NO,113400,081X,,,,-3.001,-1.116,BOTH,HIGH,ENSO
93977,Stad_NDB_NL,STD,Stad,NDB,386,51.74129867553711,4.243490219116211,2,NL,,,,,,,-0.444,BOTH,HIGH,
93981,Steinhof_NDB_AT,STE,Steinhof,NDB,293,48.210601806640625,16.247100830078125,1056,AT,,,,,,,2.47,TERMINAL,LOW,LOWW
93986,Santiago_VOR-DME_ES,STG,Santiago,VOR-DME,116400,42.92689895629883,-8.425390243530273,1283,ES,116400,111X,42.9267,-8.42533,1283,-5.007,-4.064,BOTH,HIGH,LEST
93991,Sturgeon_NDB_US,STI,Sturgeon,NDB,333,43.11330032348633,-115.65899658203125,3130,US,,,,,,,14.384,TERMINAL,LOW,
93994,Stadskanaal_NDB_NL,STK,Stadskanaal,NDB,315,52.996700286865234,6.895669937133789,18,NL,,,,,,,0.04,TERMINAL,LOW,
94000,St_Marys_NDB_GB,STM,St Marys,NDB,321,49.914100646972656,-6.291130065917969,,GB,,,,,,,-4.225,TERMINAL,LOW,EGHE
94004,Stornoway_VOR-DME_GB,STN,Stornoway,VOR-DME,115100,58.20690155029297,-6.183060169219971,250,GB,115100,098X,,,,-7.01,-6.186,BOTH,HIGH,EGPO
94007,Stockerau_VOR-DME_AT,STO,Stockerau,VOR-DME,113000,48.41709899902344,16.018600463867188,750,AT,113000,077X,48.4171,16.0188,750,1.007,2.444,BOTH,HIGH,LOAU
94009,St.tTopez_VOR-DME_FR,STP,St.tTopez,VOR-DME,116500,43.21950149536133,6.601809978485107,1089,FR,116500,112X,,,,-1.007,0.29,,,
94010,Strasbourg_VOR-DME_FR,STR,Strasbourg,VOR-DME,115600,48.505401611328125,7.571969985961914,586,FR,115600,103X,48.5056,7.57083,,1.007,0.329,BOTH,HIGH,LFST
94012,Santa_Rosa_VOR-DME_US,STS,Santa Rosa,VOR-DME,113000,38.50809860229492,-122.81099700927734,120,US,113000,077X,,,,16.001,15.006,LO,MEDIUM,
94015,Strumble_VOR-DME_GB,STU,Strumble,VOR-DME,113100,51.99470138549805,-5.040279865264893,600,GB,113100,078X,,,,-6.001,-4.172,BOTH,HIGH,
94021,Salzburg_NDB_AT,SU,Salzburg,NDB,356,47.87929916381836,12.949899673461914,,AT,,,,,,,1.591,TERMINAL,LOW,LOWS
94038,Subi_VOR-DME_PL,SUI,Subi,VOR-DME,116700,52.37990188598633,14.585599899291992,98,PL,116700,114X,,,,0.007,2.321,BOTH,HIGH,
94039,Sulz_VOR_DE,SUL,Sulz,VOR,116100,48.38159942626953,8.644840240478516,,DE,,,,,,0.01,0.513,BOTH,HIGH,
94042,Sumburgh_VOR-DME_GB,SUM,Sumburgh,VOR-DME,117350,59.87889862060547,-1.2866699695587158,19,GB,117350,120Y,,,,-5.001,-4.212,BOTH,HIGH,EGPB
94045,Sturup_VOR-DME_SE,SUP,Sturup,VOR-DME,113000,55.53450012207031,13.379500389099121,270,SE,113000,077X,,,,1.001,2.145,RNAV,HIGH,ESMS
94051,Travis_TACAN_US,SUU,Travis,TACAN,116600,38.245601654052734,-121.94499969482422,32,US,116600,113X,,,,17.001,14.484,BOTH,MEDIUM,KSUU
94060,Svensheia_VOR-DME_NO,SVA,Svensheia,VOR-DME,112100,58.08449935913086,7.9083099365234375,410,NO,112100,058X,,,,-2.001,0.051,RNAV,HIGH,ENCN
94066,Sveda_VOR-DME_SE,SVD,Sveda,VOR-DME,116200,56.16889953613281,12.573800086975098,39,SE,116200,109X,,,,1.001,1.579,RNAV,HIGH,
94069,Sevilla_VOR-DME_ES,SVL,Sevilla,VOR-DME,113700,37.42789840698242,-5.762209892272949,404,ES,113700,084X,37.4278,-5.76218,404,-4.007,-2.462,BOTH,HIGH,LEZL
94074,Sagvar_VOR-DME_HU,SVR,Sagvar,VOR-DME,117700,46.82809829711914,18.117799758911133,418,HU,117700,124X,,,,2.007,3.066,BOTH,HIGH,LHSA
94075,Sagvar_NDB_HU,SVR,Sagvar,NDB,348,46.82979965209961,18.11720085144043,,HU,,,,,,,3.066,BOTH,HIGH,LHSK
94091,Shawbury_VOR-DME_GB,SWB,Shawbury,VOR-DME,116800,52.79800033569336,-2.6625399589538574,269,GB,116800,115X,,,,,-3.29,BOTH,MEDIUM,EGOS
94094,Schleswig_TACAN_DE,SWG,Schleswig,TACAN,111800,54.45370101928711,9.501500129699707,105,DE,111800,055X,,,,0.007,0.567,BOTH,HIGH,ETNS
94098,Swansea_NDB_GB,SWN,Swansea,NDB,321,51.60219955444336,-4.065830230712891,,GB,,,,,,,-3.49,TERMINAL,LOW,EGFH
94100,Squaw_Valley_VOR-DME_US,SWR,Squaw Valley,VOR-DME,113200,39.180301666259766,-120.2699966430664,8850,US,113200,079X,,,,16.001,14.455,LO,MEDIUM,
94102,Sweden_NDB_US,SWU,Sweden,NDB,350,43.43220138549805,-112.16300201416016,4650,US,,,,,,,13.291,TERMINAL,LOW,KIDA
94106,Swansea_DME_GB,SWZ,Swansea,DME,109200,51.603599548339844,-4.065279960632324,299,GB,109200,029X,,,,,-3.49,TERMINAL,MEDIUM,EGFH
94111,Santa_Catalina_VORTAC_US,SXC,Santa Catalina,VORTAC,111400,33.375099182128906,-118.41999816894531,2090,US,111400,051X,,,,15.001,12.597,BOTH,MEDIUM,
94117,Stuttgart_NDB_DE,SY,Stuttgart,NDB,384,48.6692008972168,9.1141996383667,,DE,,,,,,,0.586,TERMINAL,LOW,EDDS
94142,Parkk_NDB_US,SZ,Parkk,NDB,281,47.53239822387695,-122.30699920654297,,US,,,,,,,17.388,TERMINAL,MEDIUM,KSEA
94144,Solenzara_TACAN_FR,SZA,Solenzara,TACAN,114000,41.9375,9.416219711303711,28,FR,114000,087X,,,,,1.086,BOTH,HIGH,LFKS
94145,Solenzara_NDB_FR,SZA,Solenzara,NDB,350,41.93330001831055,9.394000053405762,28,FR,,,,,,,1.083,LO,LOW,LFKS
94150,Sandpoe_NDB_US,SZT,Sandpoe,NDB,264,48.29079818725586,-116.56400299072266,,US,,,,,,,16.221,TERMINAL,LOW,
94156,Titan_NDB_HU,T,Titan,NDB,440,46.906700134277344,19.775999069213867,376,HU,,,,,,,3.276,LO,LOW,LHKE
94158,Lask_NDB_PL,T,Lask,NDB,664,51.5452995300293,19.21179962158203,,PL,,,,,,,3.461,TERMINAL,LOW,EPLK
94161,Villacoublay_NDB_FR,TA,Villacoublay,NDB,287,48.77159881591797,2.097440004348755,,FR,,,,,,,-1.093,LO,LOW,LFPV
94168,Albacete_TACAN_ES,TAB,Albacete,TACAN,108000,38.94580078125,-1.8634999990463257,2320,ES,108000,017X,,,,,-1.376,BOTH,LOW,LEAB
94187,Lahitte_VOR_FR,TAN,Lahitte,VOR,111800,43.46670150756836,-0.018417000770568848,964,FR,,,,,,-2.007,-1.203,BOTH,HIGH,LFBT
94196,Tarquinia_VOR-DME_IT,TAQ,Tarquinia,VOR-DME,111800,42.21500015258789,11.732500076293945,76,IT,111800,055X,,,,0.007,1.376,RNAV,HIGH,
94197,Tarquinia_NDB_IT,TAQ,Tarquinia,NDB,312,42.2140007019043,11.728899955749512,,IT,,,,,,,1.375,BOTH,MEDIUM,
94202,Taunus_VORTAC_DE,TAU,Taunus,VORTAC,116700,50.2504997253418,8.162520408630371,1343,DE,116700,114X,,,,0.011,0.384,BOTH,HIGH,
94207,Tivat_NDB_RS,TAZ,Tivat,NDB,345,42.28200149536133,18.800399780273438,,RS,,,,,,,2.551,BOTH,MEDIUM,LYTV
94217,Tuba_City_VORTAC_US,TBC,Tuba City,VORTAC,113500,36.121299743652344,-111.2699966430664,5045,US,113500,082X,,,,15.001,11.446,BOTH,HIGH,
94218,Talavera_TACAN_ES,TBC,Talavera,TACAN,108800,38.8916015625,-6.8186798095703125,609,ES,108800,025X,,,,,-3.116,BOTH,HIGH,LEBZ
94228,Tabarka_VOR-DME_TN,TBK,Tabarka,VOR-DME,113300,36.97819900512695,8.883580207824707,236,TN,113300,080X,,,,0.007,0.581,BOTH,HIGH,DTKA
94233,Tarbes_VOR_FR,TBO,Tarbes,VOR,113900,43.33219909667969,0.1457500010728836,1020,FR,,,,,,-3.007,-1.168,RNAV,HIGH,LFBT
94236,Tebessa_VOR-DME_DZ,TBS,Tebessa,VOR-DME,114500,35.45669937133789,8.068610191345215,2605,DZ,114500,092X,,,,-2.007,0.479,BOTH,HIGH,DABS
94243,Trebova_NDB_CZ,TBV,Trebova,NDB,492,49.795799255371094,16.67889976501465,,CZ,,,,,,,2.587,RNAV,HIGH,
94253,Wasatch_VORTAC_US,TCH,Wasatch,VORTAC,116800,40.85029983520508,-111.98200225830078,4220,US,116800,115X,,,,16.001,12.529,BOTH,HIGH,KSLC
94255,Mcchord_VORTAC_US,TCM,Mcchord,VORTAC,109600,47.147701263427734,-122.4749984741211,284,US,109600,033X,,,,22.001,17.33,BOTH,LOW,KTCM
94261,Tracy_NDB_US,TCY,Tracy,NDB,203,37.69240188598633,-121.44499969482422,169,US,,,,,,,14.348,LO,LOW,
94269,Teesside_NDB_GB,TD,Teesside,NDB,348,54.560298919677734,-1.3334399461746216,,GB,,,,,,,-3.165,TERMINAL,LOW,
94278,Thisted_NDB_DK,TE,Thisted,NDB,331,57.05350112915039,8.864419937133789,,DK,,,,,,,0.322,BOTH,MEDIUM,EKTS
94282,Teano_VOR-DME_IT,TEA,Teano,VOR-DME,112900,41.29679870605469,13.97070026397705,3300,IT,112900,076X,,,,1.007,2.015,RNAV,HIGH,
94283,Teano_NDB_IT,TEA,Teano,NDB,316,41.295799255371094,13.971699714660645,,IT,,,,,,,2.017,LO,LOW,
94284,Tebby_VOR-DME_SE,TEB,Tebby,VOR-DME,117100,59.531700134277344,18.20330047607422,197,SE,117100,118X,,,,3.001,4.199,RNAV,HIGH,
94292,Toledo_NDB_ES,TEO,Toledo,NDB,385,39.972801208496094,-4.3460798263549805,,ES,,,,,,,-2.267,BOTH,LOW,
94295,Tessera_VOR-DME_IT,TES,Tessera,VOR-DME,115300,45.51919937133789,12.368200302124023,6,IT,115300,100X,,,,,1.488,BOTH,HIGH,LIPZ
94299,Wierner_Neustadt_East_NDB_AT,TF,Wierner Neustadt East,NDB,315,47.840999603271484,16.281700134277344,,AT,,,,,,,2.463,TERMINAL,LOW,LOAN
94302,Stanfield_VORTAC_US,TFD,Stanfield,VORTAC,114800,32.88589859008789,-111.90899658203125,1316,US,114800,095X,,,,12.001,11.226,BOTH,HIGH,
94319,Tegel_VOR-DME_DE,TGL,Tegel,VOR-DME,112300,52.561500549316406,13.287599563598633,118,DE,112300,070X,,,,2.01,2.091,BOTH,HIGH,DE-0876
94325,Tango_VORTAC_DE,TGO,Tango,VORTAC,112500,48.61840057373047,9.259209632873535,1213,DE,112500,072X,,,,0.003,1.011,BOTH,HIGH,
94330,Armilla_TACAN_ES,TGR,Armilla,TACAN,113100,37.13249969482422,-3.6338000297546387,2304,ES,113100,078X,,,,,-2.055,BOTH,LOW,LEGA
94336,Villacoublay_NDB_FR,TH,Villacoublay,NDB,302,48.77799987792969,2.3787200450897217,,FR,,,,,,,-1.038,TERMINAL,LOW,
94345,Thorn_NDB_NL,THN,Thorn,NDB,434,51.18339920043945,5.833390235900879,87,NL,,,,,,,-0.091,BOTH,LOW,EHBD
94365,Tijuana_VOR-DME_MX,TIJ,Tijuana,VOR-DME,116500,32.540401458740234,-116.9530029296875,489,MX,116500,112X,,,,14.004,12.319,BOTH,HIGH,MMTJ
94376,Tiree_VOR-DME_GB,TIR,Tiree,VOR-DME,117700,56.49319839477539,-6.8755598068237305,36,GB,117700,124X,,,,-7.001,-6.098,BOTH,HIGH,EGPU
94378,Thiers_VOR-DME_FR,TIS,Thiers,VOR-DME,117500,45.88180160522461,3.5535800457000732,2258,FR,117500,122X,,,,-2.007,-0.274,BOTH,HIGH,
94382,Torrejon_NDB_ES,TJA,Torrejon,NDB,426,40.56809997558594,-3.357290029525757,,ES,,,,,,,-2.1,BOTH,MEDIUM,LETO
94393,Torrejon_TACAN_ES,TJZ,Torrejon,TACAN,112500,40.4989013671875,-3.4454898834228516,2011,ES,112500,072X,,,,,-2.115,BOTH,LOW,LETO
94400,Tabarka_7_Novembre_NDB_TN,TK,Tabarka 7 Novembre,NDB,351,36.97809982299805,8.878640174865723,,TN,,,,,,,0.581,TERMINAL,MEDIUM,DTKA
94417,Tarbes_NDB_FR,TL,Tarbes,NDB,321,43.28839874267578,0.04963900148868561,928,FR,,,,,,,-1.183,BOTH,LOW,LFBT
94425,Talla_VOR-DME_GB,TLA,Talla,VOR-DME,113800,55.49919891357422,-3.3527801036834717,2786,GB,113800,085X,,,,-5.001,-4.198,BOTH,HIGH,
94430,Toledo_VOR-DME_ES,TLD,Toledo,VOR-DME,113200,39.96950149536133,-4.337470054626465,1946,ES,113200,079X,39.9695,-4.3374,1946,-3.007,-2.266,BOTH,HIGH,
94434,Tlemcen_VOR-DME_DZ,TLM,Tlemcen,VOR-DME,116500,35.035301208496094,-1.3880599737167358,1001,DZ,116500,112X,,,,,-1.242,BOTH,HIGH,DAON
94435,Tlemcen_NDB_DZ,TLM,Tlemcen,NDB,346,35.040000915527344,-1.3677799701690674,,DZ,,,,,,,-1.238,BOTH,MEDIUM,DAON
94437,Hyeres_NDB_FR,TLN,Hyeres,NDB,322,43.03269958496094,6.152810096740723,,FR,,,,,,,0.227,BOTH,MEDIUM,LFTH
94438,Toulouse_Francazal_TACAN_FR,TLU,Toulouse/Francazal,TACAN,116000,43.548500061035156,1.3682199716567993,597,FR,116000,107X,,,,-3.007,-0.56,BOTH,HIGH,LFBF
94463,Titan_NDB_HU,TN,Titan,NDB,313,46.8921012878418,19.809200286865234,376,HU,,,,,,,3.279,TERMINAL,LOW,LHKE
94474,Tanger_VOR-DME_MA,TNG,Tanger,VOR-DME,115900,35.72890090942383,-5.890830039978027,105,MA,115900,106X,,,,-4.007,-2.454,BOTH,HIGH,GMTT
94479,Tatenhill_NDB_GB,TNL,Tatenhill,NDB,327,52.81449890136719,-1.7666699886322021,,GB,,,,,,,-3.077,TERMINAL,LOW,EGBM
94481,Trano_VOR-DME_DK,TNO,Trano,VOR-DME,117400,55.77410125732422,11.439200401306152,-12,DK,117400,121X,,,,1.008,1.332,RNAV,HIGH,
94482,Twentynine_Palms_VORTAC_US,TNP,Twentynine Palms,VORTAC,114200,34.11220169067383,-115.7699966430664,1350,US,114200,089X,,,,15.001,12.367,BOTH,MEDIUM,
94484,Trent_VOR-DME_GB,TNT,Trent,VOR-DME,115700,53.05390167236328,-1.6699999570846558,968,GB,115700,104X,,,,-4.001,-3.08,BOTH,HIGH,
94501,Villatobas_NDB_ES,TOB,Villatobas,NDB,403,39.783199310302734,-3.4753899574279785,,ES,,,,,,,-2.094,BOTH,LOW,
94505,Toulouse_NDB_FR,TOE,Toulouse,NDB,415,43.48109817504883,1.6798900365829468,898,FR,,,,,,,-0.503,BOTH,LOW,LFBO
94506,Tempelhof_VOR-DME_DE,TOF,Tempelhof,VOR-DME,114100,52.47309875488281,13.405400276184082,199,DE,114100,088X,,,,2.01,2.112,BOTH,HIGH,DE-0456
94516,Torralba_De_Aragon_NDB_ES,TON,Torralba De Aragon,NDB,335,41.92789840698242,-0.5138360261917114,,ES,,,,,,,-1.229,TERMINAL,MEDIUM,
94518,Torino_VOR-DME_IT,TOP,Torino,VOR-DME,114500,44.92539978027344,7.861660003662109,866,IT,114500,092X,,,,0.007,0.451,BOTH,HIGH,LIMF
94519,Torino_NDB_IT,TOP,Torino,NDB,393,44.92470169067383,7.860429763793945,,IT,,,,,,,0.451,BOTH,LOW,LIMF
94520,Torp_VOR-DME_NO,TOR,Torp,VOR-DME,113850,59.16910171508789,10.259300231933594,269,NO,113850,085Y,,,,0.007,1.017,RNAV,HIGH,ENTO
94524,Tatoosh_VORTAC_US,TOU,Tatoosh,VORTAC,112200,48.29990005493164,-124.62699890136719,1650,US,112200,059X,,,,22.001,18.191,BOTH,HIGH,
94525,Toulouse_VOR-DME_FR,TOU,Toulouse,VOR-DME,117700,43.68080139160156,1.3098100423812866,555,FR,117700,124X,,,,-2.007,-0.575,BOTH,HIGH,LFBO
94540,Tonopah_VORTAC_US,TPH,Tonopah,VORTAC,117200,38.03070068359375,-117.03399658203125,5330,US,117200,119X,,,,17.001,13.468,LO,MEDIUM,0L5
94549,Pratica_Di_Mare_TACAN_IT,TPR,Pratica Di Mare,TACAN,108700,41.62160110473633,12.493800163269043,135,IT,108700,024X,,,,,1.457,BOTH,MEDIUM,LIRE
94550,Tapiosap_VOR-DME_HU,TPS,Tapiosap,VOR-DME,115900,47.49330139160156,19.446199417114258,839,HU,115900,106X,,,,2.007,3.265,BOTH,HIGH,LHBP
94551,Tapiosap_NDB_HU,TPS,Tapiosap,NDB,306,47.49330139160156,19.446199417114258,839,HU,,,,,,,3.265,BOTH,LOW,LHBP
94563,Tirana_NDB_AL,TR,Tirana,NDB,290,41.463199615478516,19.714099884033203,89,AL,,,,,,,3.005,BOTH,HIGH,LATI
94567,Trencin_NDB_SK,TR,Trencin,NDB,338,48.86109924316406,17.941699981689453,,SK,,,,,,,3.132,TERMINAL,LOW,LZTN
94568,Tor_NDB_NO,TR,Tor,NDB,375,56.64139938354492,3.3255600929260254,,NO,,,,,,,-1.408,BOTH,MEDIUM,
94573,Tr_DME_AL,TR,Tr,DME,117700,41.41830062866211,19.711700439453125,,AL,117700,124X,,,,,3.002,TERMINAL,LOW,
94574,Trasadingen_DME_CH,TRA,Trasadingen,DME,114300,47.689499,8.43695,1850,CH,114300,090X,,,,,0.5,BOTH,HIGH,
94575,Treblo_VOR_PL,TRB,Treblo,VOR,115400,54.210601806640625,17.073299407958984,,PL,,,,,,3.007,3.237,BOTH,HIGH,
94576,Tiaret_VOR-DME_DZ,TRB,Tiaret,VOR-DME,116300,35.347801208496094,1.5149999856948853,2902,DZ,116300,110X,,,,,-0.387,BOTH,HIGH,DAOB
94577,Tiaret_NDB_DZ,TRB,Tiaret,NDB,389,35.34579849243164,1.5005600452423096,,DZ,,,,,,,-0.369,BOTH,LOW,DAOB
94583,Treviso_NDB_IT,TRE,Treviso,NDB,302,45.622501373291016,12.095600128173828,,IT,,,,,,,1.452,LO,LOW,LIPH
94585,Tyrifjord_NDB_NO,TRF,Tyrifjord,NDB,352,59.92919921875,10.26930046081543,,NO,,,,,,,1.008,RNAV,HIGH,
94587,Trogir_NDB_HR,TRI,Trogir,NDB,378,43.49679946899414,16.22249984741211,167,HR,,,,,,,2.322,LO,MEDIUM,LDSP
94590,Alcantarilla_TACAN_ES,TRL,Alcantarilla,TACAN,116600,37.95109939575195,-1.2291699647903442,243,ES,116600,113X,,,,,-1.244,BOTH,MEDIUM,LERI
94593,Thermal_VORTAC_US,TRM,Thermal,VORTAC,116200,33.62810134887695,-116.16000366210938,-87,US,116200,109X,,,,13.001,12.34,BOTH,HIGH,
94597,Tirana_VOR-DME_AL,TRN,Tirana,VOR-DME,117700,41.416099548339844,19.71820068359375,125,AL,117700,124X,,,,,3.003,BOTH,HIGH,LATI
94600,Turnberry_VOR-DME_GB,TRN,Turnberry,VOR-DME,117500,55.31330108642578,-4.7838897705078125,600,GB,117500,122X,,,,-5.001,-4.549,BOTH,HIGH,
94601,Troyes_VOR_FR,TRO,Troyes,VOR,116000,48.25120162963867,3.9631400108337402,859,FR,,,,,,-2.007,-0.306,BOTH,HIGH,LFQB
94605,Trapani_VORTAC_IT,TRP,Trapani,VORTAC,108800,37.895999908447266,12.513199806213379,128,IT,108800,025X,,,,0.007,1.388,RNAV,HIGH,LICT
94607,Trapani_NDB_IT,TRP,Trapani,NDB,318,37.91429901123047,12.493000030517578,,IT,,,,,,,1.387,BOTH,LOW,LICT
94610,Trosa_VOR-DME_SE,TRS,Trosa,VOR-DME,114300,58.93790054321289,17.502199172973633,213,SE,114300,090X,,,,3.001,3.591,RNAV,HIGH,
94612,Trent_VOR-DME_DE,TRT,Trent,VOR-DME,108450,54.51100158691406,13.249300003051758,41,DE,108450,021Y,,,,,2.137,BOTH,HIGH,
94617,Trzebnica_VOR-DME_PL,TRZ,Trzebnica,VOR-DME,113600,51.30820083618164,17.114299774169922,787,PL,113600,083X,,,,1.007,3.114,BOTH,HIGH,EPWR
94620,Toulouse_NDB_FR,TS,Toulouse,NDB,423,43.507301330566406,1.486780047416687,844,FR,,,,,,,-0.537,BOTH,LOW,LFBO
94625,Tunis_NDB_TN,TS,Tunis,NDB,325,36.93980026245117,10.251199722290039,19,TN,,,,,,,1.132,TERMINAL,MEDIUM,DTTA
94627,Salamanca_TACAN_ES,TSC,Salamanca,TACAN,113300,40.9552001953125,-5.5024800300598145,2595,ES,113300,080X,,,,,-2.537,BOTH,HIGH,LESA
94635,Toussus_VOR_FR,TSU,Toussus,VOR,108250,48.753700256347656,2.1023600101470947,547,FR,,,,,,-3.007,-1.091,BOTH,HIGH,LFPN
94641,Tule_VOR-DME_US,TTE,Tule,VOR-DME,109200,35.91310119628906,-119.02100372314453,580,US,109200,029X,,,,16.001,13.422,LO,MEDIUM,
94644,Tetouan_VOR-DME_MA,TTN,Tetouan,VOR-DME,117300,35.595001220703125,-5.3247199058532715,49,MA,117300,120X,,,,,-2.344,BOTH,HIGH,GMTN
94653,Tuzla_NDB_BA,TU,Tuzla,NDB,445,44.477298736572266,18.482999801635742,,BA,,,,,,,3.01,TERMINAL,MEDIUM,LQTZ
94654,Aarhus_NDB_DK,TU,Aarhus,NDB,374,56.28799819946289,10.775300025939941,,DK,,,,,,,1.181,TERMINAL,LOW,EKAH
94666,Tunis_VOR-DME_TN,TUC,Tunis,VOR-DME,116500,36.851600646972656,10.230299949645996,53,TN,116500,112X,,,,0.007,1.128,BOTH,HIGH,DTTA
94674,Tulln_VOR-DME_AT,TUN,Tulln,VOR-DME,111400,48.30970001220703,15.980799674987793,640,AT,111400,051X,,,,,2.436,BOTH,HIGH,LOXT
94675,Tulln_NDB_AT,TUN,Tulln,NDB,358,48.30939865112305,15.981100082397461,594,AT,,,,,,,2.436,BOTH,MEDIUM,LOXT
94676,Saniat_Rmel_NDB_MA,TUN,Saniat Rmel,NDB,388,35.61579895019531,-5.279170036315918,,MA,,,,,,,-2.336,TERMINAL,LOW,GMTN
94678,Tours_TACAN_FR,TUR,Tours,TACAN,113800,47.42219924926758,0.73089200258255,329,FR,113800,085X,,,,-3.007,-1.242,BOTH,HIGH,LFOT
94680,Tours_NDB_FR,TUR,Tours,NDB,331,47.56589889526367,0.7826110124588013,551,FR,,,,,,,-1.275,LO,LOW,LFOT
94681,Tucson_VORTAC_US,TUS,Tucson,VORTAC,116000,32.09519958496094,-110.91500091552734,2672,US,116000,107X,,,,12.001,10.571,BOTH,HIGH,
94685,Tuzla_TACAN_BA,TUZ,Tuzla,TACAN,109700,44.45709991455078,18.72960090637207,785,BA,109700,034X,,,,2.001,3.036,BOTH,LOW,LQTZ
94694,Valladolid_TACAN_ES,TVD,Valladolid,TACAN,108200,41.7041015625,-4.8498101234436035,2787,ES,108200,019X,,,,,-2.442,BOTH,HIGH,LEVD
94703,Tooele_NDB_US,TVY,Tooele,NDB,371,40.61069869995117,-112.3479995727539,4293,US,,,,,,,12.579,LO,LOW,
94706,Toulouse_NDB_FR,TW,Toulouse,NDB,406,43.530601501464844,1.0252799987792969,813,FR,,,,,,,-1.019,BOTH,LOW,LFBO
94708,Strik_NDB_US,TW,Strik,NDB,389,42.478599548339844,-114.35399627685547,4065,US,,,,,,,14.04,TERMINAL,MEDIUM,KTWF
94711,Twin_Falls_VORTAC_US,TWF,Twin Falls,VORTAC,115800,42.47990036010742,-114.48899841308594,4140,US,115800,105X,,,,18.001,14.067,BOTH,MEDIUM,KTWF
94714,Twenthe_TACAN_NL,TWN,Twenthe,TACAN,110700,52.27450180053711,6.8915300369262695,114,NL,110700,044X,,,,,0.106,BOTH,HIGH,EHTW
94715,Twenthe_NDB_NL,TWN,Twenthe,NDB,336,52.26789855957031,6.876160144805908,98,NL,,,,,,,0.068,LO,LOW,EHTW
94744,Lask_NDB_PL,TZ,Lask,NDB,322,51.538299560546875,19.25040054321289,,PL,,,,,,,3.466,TERMINAL,LOW,EPLK
94755,Trezzo_VOR-DME_IT,TZO,Trezzo,VOR-DME,117250,45.559299468994,9.5071897506714,500,IT,117250,055X,,,,,1,BOTH,HIGH,
94756,Trezzo_NDB_IT,TZO,Trezzo,NDB,345,45.55849838256836,9.509300231933594,499,IT,,,,,,,1.087,BOTH,LOW,
94760,Travis_VOR_US,TZZ,Travis,VOR,116400,38.344200134277344,-121.81099700927734,32,US,,,,,,17.001,14.487,LO,MEDIUM,KSUU
94776,Chualar_NDB_US,UAD,Chualar,NDB,263,36.49089813232422,-121.4749984741211,105,US,,,,,,,14.163,LO,LOW,KSNS
94791,Newberg_VOR-DME_US,UBG,Newberg,VOR-DME,117400,45.35319900512695,-122.97799682617188,1440,US,117400,121X,,,,21.001,17.031,BOTH,HIGH,
94872,Kearn_NDB_US,UK,Kearn,NDB,371,39.27470016479492,-123.24600219726562,871,US,,,,,,,15.17,TERMINAL,LOW,KUKI
94885,Ula_NDB_NO,ULA,Ula,NDB,380,57.110599517822266,2.844719886779785,,NO,,,,,,,-1.57,BOTH,MEDIUM,
94911,Udbina_NDB_HR,UNA,Udbina,NDB,450,44.52579879760742,15.77280044555664,,HR,,,,,,,2.3,LO,MEDIUM,HR-0034
94925,Uppsala_NDB_SE,UP,Uppsala,NDB,366,59.98059844970703,17.700000762939453,,SE,,,,,,,4.109,LO,LOW,ESCM
94945,Urbe_NDB_IT,URB,Urbe,NDB,285,41.945098876953125,12.490099906921387,,IT,,,,,,,1.462,TERMINAL,MEDIUM,LIRU
94994,Edinburgh_NDB_GB,UW,Edinburgh,NDB,368,55.90520095825195,-3.5025100708007812,,GB,,,,,,,-4.291,TERMINAL,LOW,EGPH
95020,Szentkiralyszabadja_NDB_HU,V,Szentkiralyszabadja,NDB,451,47.06100082397461,17.98040008544922,919,HU,,,,,,,3.058,TERMINAL,LOW,LHSA
95033,Albacete_VOR-DME_ES,VAB,Albacete,VOR-DME,115800,38.94380187988281,-2.0026700496673584,2277,ES,115800,105X,,,,,-1.401,BOTH,HIGH,LEAB
95039,Valjevo_VOR-DME_RS,VAL,Valjevo,VOR-DME,116600,44.32389831542969,19.87470054626465,1132,RS,116600,113X,,,,2.007,3.154,BOTH,HIGH,
95041,Valjevo_NDB_RS,VAL,Valjevo,NDB,390,44.32120132446289,19.875099182128906,,RS,,,,,,,3.155,LO,MEDIUM,
95045,Varazdin_NDB_HR,VAR,Varazdin,NDB,344,46.31169891357422,16.380800247192383,,HR,,,,,,,2.428,LO,LOW,LDVA
95046,Varhaug_NDB_NO,VAR,Varhaug,NDB,319,58.627201080322266,5.62824010848999,,NO,,,,,,,-0.563,BOTH,LOW,ENZV
95054,Barna_VOR-DME_HR,VBA,Barna,VOR-DME,117400,45.747798919677734,17.146699905395508,545,HR,117400,121X,,,,1.007,2.504,BOTH,HIGH,
95056,Valkenburg_TACAN_NL,VBG,Valkenburg,TACAN,111200,52.161399841308594,4.414169788360596,1,NL,111200,049X,,,,-1.007,-0.434,BOTH,HIGH,NL-0145
95057,Vandenberg_TACAN_US,VBG,Vandenberg,TACAN,112250,34.732601165771484,-120.58300018310547,370,US,112250,059Y,,,,14.001,13.413,BOTH,MEDIUM,KVBG
95065,Badajoz_VOR-DME_ES,VBZ,Badajoz,VOR-DME,116800,38.88990020751953,-6.8157501220703125,597,ES,116800,115X,,,,,-3.115,LO,HIGH,LEBZ
95078,Victorville_VOR-DME_US,VCV,Victorville,VOR-DME,109400,34.594200134277344,-117.38999938964844,2855,US,109400,031X,,,,14.001,13.042,LO,LOW,
95082,Chabeuil_NDB_FR,VE,Chabeuil,NDB,320,44.8489990234375,4.95550012588501,,FR,,,,,,,0,LO,LOW,
95089,Venezia_NDB_IT,VEN,Venezia,NDB,379,45.449100494384766,12.277000427246094,,IT,,,,,,,1.475,LO,LOW,LIPZ
95093,Vesta_VOR-DME_DK,VES,Vesta,VOR-DME,116600,55.60309982299805,8.299960136413574,63,DK,116600,113X,,,,0.008,0.24,RNAV,HIGH,
95095,Asturias_VOR-DME_ES,VES,Asturias,VOR-DME,112400,43.56460189819336,-6.030670166015625,440,ES,112400,071X,43.5646,-6.03075,440,-4.007,-3.192,BOTH,HIGH,LEAS
95097,Vedby_VOR_SE,VEY,Vedby,VOR,116900,56.14830017089844,13.216400146484375,,SE,,,,,,1.501,2.119,BOTH,HIGH,
95099,Faro_VOR-DME_PT,VFA,Faro,VOR-DME,112800,37.01350021362305,-7.975009918212891,50,PT,112800,075X,,,,-4.007,-3.293,BOTH,HIGH,LPFR
95100,Vitoria_VOR-DME_ES,VFD,Vitoria,VOR-DME,112900,42.88059997558594,-2.7243499755859375,1696,ES,112900,076X,,,,,-2.078,BOTH,HIGH,LEVT
95106,Velika_Gorica_NDB_HR,VG,Velika Gorica,NDB,325,45.725399017333984,16.04210090637207,337,HR,,,,,,,2.367,TERMINAL,LOW,LDZA
95107,Vaga_NDB_NO,VG,Vaga,NDB,275,59.279300689697266,5.359340190887451,,NO,,,,,,,-1.077,TERMINAL,LOW,
95110,Vitigudino_NDB_ES,VGD,Vitigudino,NDB,365,41.0015983581543,-6.4447197914123535,,ES,,,,,,,-3.129,BOTH,MEDIUM,
95111,Getafe_VOR_ES,VGE,Getafe,VOR,112500,40.28919982910156,-3.727099895477295,,ES,,,,,,,-2.159,BOTH,HIGH,
95112,Getafe_TACAN_ES,VGE,Getafe,TACAN,112050,40.28919982910156,-3.727099895477295,2029,ES,112050,057Y,,,,,-2.161,BOTH,HIGH,LEGT
95115,Vigo_VOR-DME_ES,VGO,Vigo,VOR-DME,113600,42.3213005065918,-8.601639747619629,912,ES,113600,083X,,,,,-4.061,BOTH,HIGH,LEVX
95125,Vigo_NDB_ES,VI,Vigo,NDB,345,42.318199157714844,-8.603240013122559,,ES,,,,,,,-4.061,TERMINAL,MEDIUM,LEVX
95128,Vilia_NDB_US,VI,Vilia,NDB,220,36.254798889160156,-119.31500244140625,306,US,,,,,,,13.505,TERMINAL,LOW,
95131,Burgos_VOR-DME_ES,VIA,Burgos,VOR-DME,111400,42.35499954223633,-3.6135799884796143,2970,ES,111400,051X,42.355,-3.61352,2970,,-2.23,BOTH,LOW,LEBG
95132,Viterbo_NDB_IT,VIB,Viterbo,NDB,480,42.439998626708984,12.056900024414062,,IT,,,,,,,1.417,TERMINAL,LOW,LIRV
95133,Vicenza_VOR-DME_IT,VIC,Vicenza,VOR-DME,113400,45.637298583984375,11.676400184631348,206,IT,113400,081X,45.6375,11.6764,195,,1.394,BOTH,HIGH,IT-0802
95134,Vicenza_NDB_IT,VIC,Vicenza,NDB,417,45.63690185546875,11.674699783325195,230,IT,,,,,,,1.394,LO,LOW,IT-0802
95137,Vieste_VOR-DME_IT,VIE,Vieste,VOR-DME,112600,41.912899017333984,16.049100875854492,1010,IT,112600,073X,41.9128,16.049,1010,1.007,2.255,BOTH,HIGH,
95139,Vieste_NDB_IT,VIE,Vieste,NDB,405,41.913299560546875,16.05109977722168,,IT,,,,,,,2.256,BOTH,LOW,
95143,Villafranca_VORTAC_IT,VIL,Villafranca,VORTAC,115800,45.407901763916016,10.906200408935547,239,IT,115800,105X,45.4082,10.9067,238,,1.287,BOTH,HIGH,LIPX
95145,Villafranca_NDB_IT,VIL,Villafranca,NDB,355,45.32440185546875,10.78600025177002,,IT,,,,,,,1.27,BOTH,LOW,LIPX
95151,Viseu_VOR-DME_PT,VIS,Viseu,VOR-DME,113100,40.72330093383789,-7.885829925537109,2109,PT,113100,078X,,,,-5.007,-3.416,BOTH,HIGH,LPVZ
95152,Visalia_VOR-DME_US,VIS,Visalia,VOR-DME,109400,36.3672981262207,-119.48200225830078,263,US,109400,031X,,,,16.001,13.541,LO,LOW,
95155,Villach_VOR-DME_AT,VIW,Villach,VOR-DME,112900,46.6963996887207,13.914600372314453,6285,AT,112900,076X,,,,1.007,2.11,BOTH,HIGH,LOWK
95157,Vejer_VOR-DME_ES,VJF,Vejer,VOR-DME,117800,36.24720001220703,-5.971869945526123,728,ES,117800,125X,,,,-4.007,-2.478,BOTH,HIGH,
95160,Torrejon_VOR-DME_ES,VJZ,Torrejon,VOR-DME,115100,40.5640983581543,-3.360330104827881,2380,ES,115100,098X,,,,,-2.102,BOTH,LOW,LETO
95167,Volkel_TACAN_NL,VKL,Volkel,TACAN,108300,51.655601501464844,5.706940174102783,64,NL,108300,020X,,,,,-0.14,BOTH,HIGH,EHVK
95178,Villafranca_VOR-DME_ES,VLA,Villafranca,VOR-DME,113150,41.34260177612305,1.547700047492981,2077,ES,113150,078Y,41.3426,1.54788,2119,,-0.456,TERMINAL,LOW,
95181,Valencia_VOR-DME_ES,VLC,Valencia,VOR-DME,116100,39.485599517822266,-0.48304399847984314,200,ES,116100,108X,39.4857,-0.483056,200,-2.007,-1.149,BOTH,HIGH,LEVC
95185,Valladolid_NDB_ES,VLD,Valladolid,NDB,342,41.78950119018555,-4.73907995223999,,ES,,,,,,,-2.423,BOTH,LOW,LEVD
95192,Vlasim_VOR-DME_CZ,VLM,Vlasim,VOR-DME,114300,49.70429992675781,15.066699981689453,1500,CZ,114300,090X,,,,1.007,2.338,RNAV,HIGH,
95194,Yeovilton_TACAN_GB,VLN,Yeovilton,TACAN,111000,51.005001068115234,-2.6387500762939453,113,GB,111000,047X,,,,-4.007,-3.09,RNAV,HIGH,EGDY
95210,Châteaudun_VOR-DME_FR,VMP,Châteaudun,VOR-DME,117200,48.05889892578125,1.388890027999878,433,FR,117200,119X,,,,-3.007,-1.152,BOTH,HIGH,LFOC
95222,Vienne_VOR_FR,VNE,Vienne,VOR,108200,45.556400299072266,4.883419990539551,,FR,,,,,,,-0.034,LO,MEDIUM,
95229,Villanueva_NDB_ES,VNV,Villanueva,NDB,380,41.210601806640625,1.705839991569519,,ES,,,,,,,-0.426,BOTH,HIGH,LEBL
95230,Van_Nuys_VOR-DME_US,VNY,Van Nuys,VOR-DME,113100,34.2234001159668,-118.49199676513672,810,US,113100,078X,,,,15.001,13.123,LO,MEDIUM,
95232,Brezany_NDB_CZ,VO,Brezany,NDB,333,50.21110153198242,14.428400039672852,,CZ,,,,,,,2.25,BOTH,LOW,LKVO
95235,Voghera_VOR-DME_IT,VOG,Voghera,VOR-DME,115500,44.96440124511719,8.970279693603516,388,IT,115500,102X,,,,0.007,1.014,BOTH,HIGH,LILH
95236,Voghera_NDB_IT,VOG,Voghera,NDB,334,44.9640007019043,8.971500396728516,,IT,,,,,,,1.026,BOTH,LOW,LILH
95238,Vigo_NDB_ES,VON,Vigo,NDB,433,42.18600082397461,-8.638999938964844,,ES,,,,,,,-4.061,BOTH,MEDIUM,LEVX
95240,Vozice_VOR-DME_CZ,VOZ,Vozice,VOR-DME,116300,49.53229904174805,14.874699592590332,2200,CZ,116300,110X,,,,1.007,2.305,BOTH,HIGH,
95257,Parduc_NDB_HU,VR,Parduc,NDB,465,47.167999267578125,17.604400634765625,,HU,,,,,,,3.015,LO,LOW,
95260,Vila_Real_NDB_PT,VR,Vila Real,NDB,304,41.215301513671875,-7.743889808654785,,PT,,,,,,,-3.411,BOTH,HIGH,LPVR
95262,Vitoria_VOR-DME_ES,VRA,Vitoria,VOR-DME,116600,42.73189926147461,-2.8655800819396973,1903,ES,116600,113X,,,,-3.007,-2.103,BOTH,HIGH,LEVT
95271,Vrsar_NDB_HR,VRS,Vrsar,NDB,369,45.210201263427734,13.64900016784668,236,HR,,,,,,,2.053,RNAV,LOW,LDPV
95274,Szentkiralyszabadja_NDB_HU,VS,Szentkiralyszabadja,NDB,362,47.03010177612305,17.996599197387695,,HU,,,,,,,3.06,TERMINAL,LOW,LHSA
95277,Visby_VOR-DME_SE,VSB,Visby,VOR-DME,115100,57.65950012207031,18.346900939941406,154,SE,115100,098X,,,,3.001,4.097,RNAV,HIGH,ESSV
95281,Murcia_San_Javier_TACAN_ES,VSJ,Murcia/San Javier,TACAN,113000,37.77989959716797,-0.8128889799118042,11,ES,113000,077X,,,,,-1.171,BOTH,HIGH,LELC
95282,Murcia_San_Javier_VOR-DME_ES,VSJ,Murcia/San Javier,VOR-DME,113000,37.77980041503906,-0.8127779960632324,11,ES,113000,077X,,,,,-1.171,LO,HIGH,LELC
95289,Vassen_VOR-DME_SE,VSN,Vassen,VOR-DME,115250,58.3031005859375,15.709799766540527,423,SE,115250,099Y,,,,2.501,3.137,BOTH,HIGH,
95297,Vitoria_NDB_ES,VTA,Vitoria,NDB,345,42.9281005859375,-2.679610013961792,,ES,,,,,,,-2.077,TERMINAL,LOW,
95299,Villatobas_VOR-DME_ES,VTB,Villatobas,VOR-DME,112700,39.780799865722656,-3.4640300273895264,2320,ES,112700,074X,39.7808,-3.46414,2320,-3.007,-2.093,BOTH,HIGH,
95314,Ventura_VOR-DME_US,VTU,Ventura,VOR-DME,108200,34.1151008605957,-119.04900360107422,1560,US,108200,019X,,,,15.001,13.168,BOTH,MEDIUM,
95342,Vaxjo_NDB_SE,VX,Vaxjo,NDB,329,56.8572998046875,14.697600364685059,,SE,,,,,,,2.457,BOTH,LOW,ESMX
95346,Valley_TACAN_GB,VYL,Valley,TACAN,108400,53.25740051269531,-4.544139862060547,101,GB,108400,021X,,,,-7.007,-4.208,HI,HIGH,EGOV
95366,Waddington_TACAN_GB,WAD,Waddington,TACAN,117100,53.16529846191406,-0.5268329977989197,231,GB,117100,118X,,,,,-2.419,BOTH,HIGH,EGXW
95369,Wallasey_VOR-DME_GB,WAL,Wallasey,VOR-DME,114100,53.39189910888672,-3.1344399452209473,55,GB,114100,088X,,,,-5.001,-3.474,BOTH,HIGH,
95379,Wolverhampton_NDB_GB,WBA,Wolverhampton,NDB,356,52.515899658203125,-2.2617599964141846,,GB,,,,,,,-3.162,TERMINAL,LOW,EGBO
95380,Wiesbaden_NDB_DE,WBD,Wiesbaden,NDB,399,50.04899978637695,8.328669548034668,490,DE,,,,,,,0.42,LO,LOW,ETOU
95386,Wick_NDB_GB,WCK,Wick,NDB,344,58.44670104980469,-3.063119888305664,,GB,,,,,,,-4.527,TERMINAL,LOW,EGPC
95387,Westcott_NDB_GB,WCO,Westcott,NDB,335,51.85309982299805,-0.9624999761581421,,GB,,,,,,,-2.39,BOTH,HIGH,
95392,Woensdrecht_TACAN_NL,WDT,Woensdrecht,TACAN,115000,51.4474983215332,4.343890190124512,47,NL,115000,097X,,,,-4.307,-0.405,BOTH,HIGH,EHWO
95396,Westerland_DME_DE,WES,Westerland,DME,111500,54.910499572753906,8.339900016784668,49,DE,111500,052X,,,,,0.273,TERMINAL,LOW,EDXW
95400,Manchester_Woodford_NDB_GB,WFD,Manchester Woodford,NDB,380,53.33769989013672,-2.158360004425049,,GB,,,,,,,-3.229,BOTH,HIGH,
95409,Wagram_VOR-DME_AT,WGM,Wagram,VOR-DME,112200,48.32389831542969,16.490999221801758,574,AT,112200,059X,48.3239,16.4908,574,1.007,2.508,BOTH,HIGH,LOWW
95415,Whitegate_NDB_GB,WHI,Whitegate,NDB,369,53.185001373291016,-2.6230599880218506,,GB,,,,,,,-3.325,RNAV,LOW,
95418,Wiesbaden_TACAN_DE,WIB,Wiesbaden,TACAN,114100,50.046199798583984,8.310830116271973,472,DE,114100,088X,,,,-1.004,0.417,BOTH,HIGH,ETOU
95419,Wick_VOR-DME_GB,WIK,Wick,VOR-DME,113600,58.458900451660156,-3.1002800464630127,110,GB,113600,083X,,,,-6.001,-4.539,BOTH,HIGH,EGPC
95420,Willisau_VOR-DME_CH,WIL,Willisau,VOR-DME,116900,47.17829895019531,7.905920028686523,2417,CH,116900,116X,,,,0.007,0.416,BOTH,HIGH,
95421,Wittering_TACAN_GB,WIT,Wittering,TACAN,117600,52.6077995300293,-0.49866700172424316,295,GB,117600,123X,,,,,-2.357,BOTH,LOW,EGXT
95448,Barrow_NDB_GB,WL,Barrow,NDB,385,54.125701904296875,-3.2630300521850586,,GB,,,,,,,-3.596,BOTH,HIGH,
95449,Barrow_DME_GB,WL,Barrow,DME,109400,54.127201080322266,-3.264859914779663,74,GB,109400,031X,,,,,-3.597,BOTH,LOW,
95450,Walda_VOR-DME_DE,WLD,Walda,VOR-DME,112800,48.57939910888672,11.129400253295898,1396,DE,112800,075X,,,,1.011,1.314,BOTH,HIGH,
95461,Luxembourg_NDB_LU,WLU,Luxembourg,NDB,346,49.56779861450195,6.05417013168335,,LU,,,,,,,0.022,BOTH,LOW,ELLX
95477,Schwechat_NDB_AT,WO,Schwechat,NDB,303,48.14739990234375,16.457599639892578,,AT,,,,,,,2.497,TERMINAL,LOW,LOWW
95480,Woodley_NDB_GB,WOD,Woodley,NDB,352,51.45280075073242,-0.8788890242576599,,GB,,,,,,,-2.333,BOTH,HIGH,
95482,Wolverhampton_DME_GB,WOL,Wolverhampton,DME,108600,52.51580047607422,-2.261820077896118,300,GB,108600,023X,,,,,-3.162,TERMINAL,LOW,EGBO
95489,Welshpool_NDB-DME_GB,WPL,Welshpool,NDB-DME,323,52.630001068115234,-3.1538898944854736,282,GB,115950,106Y,52.6297,-3.15389,282,,-3.389,TERMINAL,LOW,EGCW
95499,Warburg_VOR-DME_DE,WRB,Warburg,VOR-DME,113700,51.505699157714844,9.110910415649414,843,DE,113700,084X,,,,0.001,0.527,BOTH,HIGH,
95504,Weser_VOR_DE,WSR,Weser,VOR,112900,53.34769821166992,8.875340461730957,,DE,,,,,,0.009,0.434,BOTH,HIGH,
95505,Weston_VOR-DME_IE,WST,Weston,VOR-DME,114700,53.35300064086914,-6.494870185852051,200,IE,114700,094X,,,,,-5.076,BOTH,MEDIUM,EIWT
95508,Waterford_NDB_IE,WTD,Waterford,NDB,368,52.18899917602539,-7.083340167999268,,IE,,,,,,,-5.104,LO,MEDIUM,EIWF
95509,Wittmundhafen_TACAN_DE,WTM,Wittmundhafen,TACAN,113500,53.554298400878906,7.725170135498047,61,DE,113500,082X,,,,0.006,0.19,BOTH,HIGH,DE-0882
95510,Warton_TACAN_GB,WTN,Warton,TACAN,113200,53.740299224853516,-2.8928399085998535,54,GB,113200,079X,,,,,-3.457,BOTH,LOW,EGNO
95512,Warton_NDB_GB,WTN,Warton,NDB,337,53.75170135498047,-2.8522400856018066,,GB,,,,,,,-3.448,TERMINAL,LOW,EGNO
95513,Wattisham_TACAN_GB,WTZ,Wattisham,TACAN,109300,52.12189865112305,0.9404690265655518,324,GB,109300,030X,,,,-4.007,-1.584,HI,HIGH,EGUW
95516,Wunstorf_TACAN_DE,WUN,Wunstorf,TACAN,114850,52.46030044555664,9.444829940795898,202,DE,114850,095Y,,,,0.001,0.569,BOTH,HIGH,ETNW
95517,Wunstorf_NDB_DE,WUN,Wunstorf,NDB,419,52.45930099487305,9.454660415649414,203,DE,,,,,,,0.571,BOTH,LOW,ETNW
95518,Wurzburg_VOR_DE,WUR,Wurzburg,VOR,110200,49.717498779296875,9.946999549865723,1052,DE,,,,,,0.007,1.11,BOTH,HIGH,
95532,Wipper_VOR_DE,WYP,Wipper,VOR,109600,51.04840087890625,7.28000020980835,902,DE,,,,,,0.009,0.195,TERMINAL,HIGH,
95564,Kaposvar_NDB_HU,XNB,Kaposvar,NDB,235,46.387699127197266,17.73509979248047,512,HU,,,,,,,3,TERMINAL,LOW,LHKV
95581,Namest_NDB_CZ,XU,Namest,NDB,515,49.19729995727539,16.06679916381836,,CZ,,,,,,,2.475,TERMINAL,HIGH,LKNA
95660,Yeste_VOR-DME_ES,YES,Yeste,VOR-DME,115200,38.360801696777344,-2.352750062942505,4793,ES,115200,099X,38.3608,-2.35283,4793,-3.207,-1.45,BOTH,HIGH,
95673,Enge_NDB_NO,YG,Enge,NDB,396,59.368900299072266,10.829500198364258,,NO,,,,,,,1.161,LO,LOW,ENRY
95702,Victoria_NDB_CA,YJ,Victoria,NDB,200,48.64419937133789,-123.39900207519531,63,CA,,,,,,,18.144,BOTH,LOW,CYYJ
95713,Donny_NDB_US,YK,Donny,NDB,371,46.52560043334961,-120.37200164794922,,US,,,,,,,16.539,TERMINAL,MEDIUM,KYKM
95721,Yakima_VORTAC_US,YKM,Yakima,VORTAC,116000,46.5703010559082,-120.44499969482422,980,US,116000,107X,,,,21.001,16.557,BOTH,HIGH,
95758,La_Roche_Sur_Yon_NDB_FR,YN,La Roche Sur Yon,NDB,334,46.6890983581543,-1.2863099575042725,302,FR,,,,,,,-2.029,LO,LOW,LFRI
95922,Victoria_VOR-DME_CA,YYJ,Victoria,VOR-DME,113700,48.726898193359375,-123.48400115966797,1968,CA,113700,084X,,,,21.004,18.169,BOTH,HIGH,CYYJ
95962,Zagreb_VOR-DME_HR,ZAG,Zagreb,VOR-DME,113700,45.895599365234375,16.306699752807617,420,HR,113700,084X,,,,1.007,2.405,BOTH,HIGH,LDZA
95963,Zagreb_NDB_HR,ZAG,Zagreb,NDB,367,45.900299072265625,16.311199188232422,399,HR,,,,,,,2.406,LO,MEDIUM,LDZA
95972,Zaragoza_VOR-DME_ES,ZAR,Zaragoza,VOR-DME,113000,41.657901763916016,-1.0308599472045898,876,ES,113000,077X,41.6579,-1.03076,876,-3.007,-1.312,BOTH,HIGH,LEZG
95982,Zweibrucken_NDB_DE,ZBN,Zweibrucken,NDB,435,49.22760009765625,7.4165802001953125,,DE,,,,,,,0.281,BOTH,LOW,EDRZ
95991,Zadar_VOR-DME_HR,ZDA,Zadar,VOR-DME,108600,44.095298767089844,15.3641996383667,278,HR,108600,023X,,,,1.007,2.24,RNAV,HIGH,LDZD
96001,Zemmouri_VOR-DME_DZ,ZEM,Zemmouri,VOR-DME,116600,36.79499816894531,3.5708301067352295,154,DZ,116600,113X,,,,-2.007,-0.089,BOTH,HIGH,
96002,Zemmouri_NDB_DZ,ZEM,Zemmouri,NDB,359,36.79610061645508,3.5719399452209473,,DZ,,,,,,,-0.089,BOTH,MEDIUM,
96032,Leipzig_NDB_DE,ZIG,Leipzig,NDB,340,51.433998107910156,12.280500411987305,463,DE,,,,,,,1.503,TERMINAL,LOW,EDDP
96044,Zadar_NDB_HR,ZK,Zadar,NDB,348,44.094600677490234,15.365099906921387,,HR,,,,,,,2.24,LO,LOW,LDZD
96050,Maastricht_Locator_Zl_NDB_NL,ZL,Maastricht Locator Zl,NDB,339,50.933998107910156,5.792610168457031,,NL,,,,,,,-0.088,TERMINAL,LOW,
96053,Zilina_NDB_SK,ZLA,Zilina,NDB,404,49.20289993286133,18.510499954223633,,SK,,,,,,,3.228,BOTH,HIGH,LZZI
96065,Zamora_VOR-DME_ES,ZMR,Zamora,VOR-DME,117100,41.53020095825195,-5.639699935913086,2093,ES,117100,118X,41.5302,-5.63976,2093,-4.007,-2.592,BOTH,HIGH,
96067,Zamora_NDB_ES,ZMR,Zamora,NDB,300,41.52840042114258,-5.651740074157715,,ES,,,,,,,-2.594,BOTH,MEDIUM,
96075,Zweibrucken_DME_DE,ZND,Zweibrucken,DME,109100,49.20930099487305,7.395780086517334,1201,DE,109100,028X,,,,,0.277,TERMINAL,LOW,EDRZ
96079,Sola_NDB_NO,ZO,Sola,NDB,352,58.95719909667969,5.635379791259766,,NO,,,,,,,-0.582,BOTH,LOW,ENZV
96081,Sola_VOR-DME_NO,ZOL,Sola,VOR-DME,116850,58.875099182128906,5.64015007019043,56,NO,116850,115Y,,,,-3.001,-0.576,RNAV,HIGH,ENZV
96102,Kakma_NDB_HR,ZRA,Kakma,NDB,330,43.99720001220703,15.496500015258789,211,HR,,,,,,,2.253,LO,MEDIUM,LDZD
96107,Zaragoza_NDB_ES,ZRZ,Zaragoza,NDB,389,41.730499267578125,-1.193310022354126,,ES,,,,,,,-1.344,LO,MEDIUM,LEZG
96130,Zurich_East_VOR-DME_CH,ZUE,Zurich East,VOR-DME,110050,47.592201232910156,8.817669868469238,1730,CH,110050,037Y,,,,0.007,0.556,BOTH,HIGH,LSZH
96141,Zeltweg_NDB_AT,ZW,Zeltweg,NDB,418,47.19810104370117,14.756699562072754,,AT,,,,,,,2.237,BOTH,MEDIUM,LOXZ
96149,Zweibrucken_VOR-DME_DE,ZWN,Zweibrucken,VOR-DME,114800,49.22909927368164,7.4178900718688965,1177,DE,114800,095X,,,,0.001,0.281,BOTH,HIGH,EDRZ
96171,Zaragoza_TACAN_ES,ZZA,Zaragoza,TACAN,133700,41.67720031738281,-1.0585299730300903,840,ES,133700,064X,,,,,-1.318,BOTH,HIGH,LEZG
96172,Zaragoza_NDB_ES,ZZA,Zaragoza,NDB,348,41.598899841308594,-0.8779640197753906,,ES,,,,,,,-1.282,LO,MEDIUM,LEZG
