id,airport_ref,airport_ident,length_ft,width_ft,surface,lighted,closed,le_ident,le_latitude_deg,le_longitude_deg,le_elevation_ft,le_heading_degT,le_displaced_threshold_ft,he_ident,he_latitude_deg,he_longitude_deg,he_elevation_ft,he_heading_degT,he_displaced_threshold_ft
233754,3,AGGH,7218,148,ASP,1,0,06,-9.431739807128906,160.0449981689453,28,68,,24,-9.424260139465332,160.06399536132812,14,248,
238355,66,AYNZ,8000,148,ASP,1,0,09,-6.56887,146.714996,239,95,,27,-6.57078,146.737,216,275,
238362,67,AYPY,9022,148,ASP,1,0,14L,-9.430870056152344,147.21400451660156,103,148.4,,32R,-9.452099800109863,147.2270050048828,128,328.4,
238361,67,AYPY,4625,148,ASP,0,0,14R,-9.434709548950195,147.21299743652344,104,142,,32L,-9.450630187988281,147.22300720214844,129,322,
504924,114,BGGH,7217,148,ASPH,1,0,04,64.181442,-51.686234,275,,,22,64.200249,-51.672482,275,,
236103,114,BGGH,3117,98,ASP,1,1,05,64.189003,-51.6796,271,19,,23,64.197098,-51.673401,281,199,
236462,117,BIAR,8858,148,ASP,1,0,01,65.6549,-18.0699,7,356,492,19,65.6672,-18.074,5,176,492
236460,123,BIKF,10020,197,ASP,1,0,01,63.964487,-22.605428,135,14,,19,63.99186,-22.605407,161,194,
236461,123,BIKF,10056,197,ASP,1,0,10,63.985026,-22.654977,109,104,,28,63.985031,-22.592365,168,284,
246235,4614,BKPR,9974,148,ASP,1,0,17,42.58533477783203,21.03459930419922,1789,176,,35,42.55803680419922,21.03737449645996,1786,356,
234742,1717,CYEG,11000,200,ASP,1,0,02,53.30889892578125,-113.59600067138672,2322,33.9,,20,53.33420181274414,-113.56800079345703,2337,213.9,
234743,1717,CYEG,10200,200,ASP,1,0,12,53.306400299072266,-113.59500122070312,2325,135.1,,30,53.28670120239258,-113.56199645996094,2372,315.1,
234672,1770,CYHZ,10500,200,ASP,1,0,05,44.86859893798828,-63.525001525878906,449,35,,23,44.888301849365234,-63.50559997558594,443,215,361
234673,1770,CYHZ,7700,200,ASP,1,0,14,44.89360046386719,-63.5182991027832,435,126,,32,44.881099700927734,-63.49420166015625,476,306,
235026,1808,CYLW,8900,200,ASP,1,0,16,49.96609878540039,-119.37899780273438,1421,175,1200,34,49.94620132446289,-119.3759994506836,1370,355,400
234949,1840,CYOW,3300,75,ASP,0,0,04,45.32667541503906,-75.68901824951172,348,26,250,22,45.33430099487305,-75.68350219726562,335,206,
234950,1840,CYOW,8000,200,ASP,1,0,07,45.31330108642578,-75.6709976196289,373,57.2,,25,45.325199127197266,-75.6447982788086,362,237.2,
234951,1840,CYOW,10000,200,ASP,1,0,14,45.32703399658203,-75.68624114990234,349,126.3,,32,45.310791015625,-75.65492248535156,371,306.3,
234547,1864,CYQB,9000,150,ASP,1,0,06,46.7822,-71.406403,244,44,,24,46.799974,-71.381072,217,224,
234548,1864,CYQB,5700,150,ASP,1,0,11,46.78879928588867,-71.40290069580078,239,97.6,,29,46.786800384521484,-71.38040161132812,231,277.6,
235037,1928,CYUL,11000,200,ASP,1,0,06L,45.461063385009766,-73.7650146484375,96,42.7,,24R,45.4832763671875,-73.73592376708984,106,222.7,
235036,1928,CYUL,9600,200,ASP,1,0,06R,45.45766067504883,-73.74138641357422,98,41.3,,24L,45.477020263671875,-73.71601104736328,117,221.3,
235038,1928,CYUL,7000,200,ASP,1,1,10,45.462502,-73.764999,96,88,,28,45.463299,-73.738297,99,268,
234512,1941,CYVR,9940,200,CON,1,0,08L,49.20500183105469,-123.20099639892578,13,100,,26R,49.200599670410156,-123.16000366210938,9,280,
234511,1941,CYVR,11500,200,ASP,1,0,08R,49.190101623535156,-123.20800018310547,9,100.3,697,26L,49.18439865112305,-123.16100311279297,6,280.3,
234513,1941,CYVR,7300,200,CON,1,0,13,49.19990158081055,-123.20099639892578,8,142,,31,49.184200286865234,-123.18199920654297,7,322,
234510,1941,CYVR,3500,75,CON,0,1,XX,49.18579864501953,-123.2020034790039,8,99.8,,26A,49.184200286865234,-123.18800354003906,8,279.8,
234934,1946,CYWG,4500,200,ASP,0,1,07,49.908599853515625,-97.23529815673828,,75.4,,25,49.91170120239258,-97.21690368652344,775,255.4,
234935,1946,CYWG,8841,200,ASP,1,0,13,49.9128,-97.252197,783,137,,31,49.895302,-97.227203,773,317,
234936,1946,CYWG,11000,200,ASP,1,0,18,49.92530059814453,-97.23419952392578,781,189.3,,36,49.895599365234375,-97.24169921875,777,9.3,
234809,1957,CYXE,8300,200,ASP,1,0,09,52.17850112915039,-106.71800231933594,1653,101,,27,52.174198150634766,-106.68199920654297,1642,281,
234810,1957,CYXE,6200,150,ASP,1,0,15,52.179199,-106.705002,1645,165,,33,52.16294,-106.696728,1646,345,
234693,1973,CYYC,6200,150,ASP,1,1,08,51.104198,-114.029999,3531,90,,26,51.104198,-114.002998,3557,270,
234694,1973,CYYC,8000,200,ASP,1,0,11,51.126399993896484,-114.03700256347656,3547,119.5,,29,51.1156005859375,-114.00599670410156,3542,299.5,
319574,1973,CYYC,14000,200,CONC,1,0,17L,51.1483,-113.989998,3606,180,,35R,51.110001,-113.989998,3577,,
234695,1973,CYYC,12675,200,ASP,1,0,17R,51.13140106201172,-114.02100372314453,3556,180,,35L,51.09659957885742,-114.02100372314453,3543,360,
234597,1979,CYYJ,5027,200,ASP,1,0,03,48.64189910888672,-123.43399810791016,51,43.9,1405,21,48.65190124511719,-123.41899871826172,54,223.9,886
234598,1979,CYYJ,7000,200,ASP,1,0,09,48.6510009765625,-123.44000244140625,53,105,,27,48.645999908447266,-123.41200256347656,56,285,
234599,1979,CYYJ,5001,200,ASP,1,0,14,48.65250015258789,-123.43299865722656,63,151.9,427,32,48.64059829711914,-123.4229965209961,44,331.9,
234877,1986,CYYT,5028,100,ASP,1,1,02,47.611698,-52.738098,445,356,,20,47.625401,-52.739498,440,176,
234878,1986,CYYT,8502,200,ASP,1,0,10,47.623299,-52.7733,458,86,,28,47.625,-52.738899,437,266,
234879,1986,CYYT,7005,197,ASP,1,0,16,47.625801,-52.7514,444,142,,34,47.6106,-52.733898,431,322,
234792,1990,CYYZ,11120,200,ASP/CONC,1,0,05,43.67390060424805,-79.66390228271484,564,47,135,23,43.694698333740234,-79.63330078125,560,227,485
234794,1990,CYYZ,9697,200,ASP,1,0,06L,43.661048889160156,-79.62342834472656,529,47,,24R,43.678977966308594,-79.59736633300781,546,227,197
234793,1990,CYYZ,9000,200,ASP,1,0,06R,43.65829849243164,-79.6219253540039,525,47,,24L,43.675289154052734,-79.59723663330078,547,227,
234796,1990,CYYZ,11050,200,ASP,1,0,15L,43.691898345947266,-79.64219665527344,557,137,,33R,43.66999816894531,-79.61389923095703,544,317,
234795,1990,CYYZ,9088,200,ASP,1,0,15R,43.68579864501953,-79.65170288085938,551,137,588,33L,43.66749954223633,-79.62830352783203,544,317,588
232790,2049,DAAE,7874,148,ASP,1,0,08,36.709999084472656,5.056670188903809,20,80,,26,36.713600158691406,5.083059787750244,10,260,
232826,2050,DAAG,11483,197,ASP,1,0,05,36.69390106201172,3.220170021057129,72,53,,23,36.71289825439453,3.2513999938964844,82,233,
232827,2050,DAAG,11483,148,ASP,1,0,09,36.692100524902344,3.170830011367798,56,92,,27,36.691200256347656,3.2099199295043945,82,272,
232794,2051,DAAJ,7874,148,ASP,1,0,02,24.273899,9.44399,3140,22,,20,24.294201,9.45259,3163,202,
232795,2051,DAAJ,9843,148,ASP,1,0,13,24.293100357055664,9.451939582824707,3163,125,,31,24.276899337768555,9.476940155029297,3169,305,
232800,2056,DAAT,11811,148,ASP,1,0,02,22.79640007019043,5.444389820098877,4459,22,,20,22.826499938964844,5.457749843597412,4518,202,
232801,2056,DAAT,10171,148,ASP,1,0,08,22.807301,5.42277,4465,82,,26,22.8113,5.45269,4472,262,
232846,2057,DAAV,7874,148,ASP,1,0,17,36.80580139160156,5.871500015258789,20,171,,35,36.784400939941406,5.8757100105285645,36,351,
232792,2060,DABB,7513,148,ASP,1,0,05,36.82059860229492,7.8067498207092285,16,51.8,,23,36.83330154418945,7.8267998695373535,10,231.8,
232791,2060,DABB,9843,148,ASP,1,0,18,36.84510040283203,7.812739849090576,10,186.9,,36,36.81829833984375,7.808700084686279,16,6.9,335
232828,2061,DABC,7874,148,ASP,1,0,13,36.284401,6.61472,2306,136,,31,36.268902,6.63333,2254,316,
232829,2061,DABC,9843,148,ASP,0,0,16,36.28810119628906,6.610559940338135,2313,159,,34,36.26279830932617,6.622499942779541,2316,339,
232787,2063,DABT,9843,148,ASP,1,0,05,35.744300842285156,6.29502010345459,2664,54.9,,23,35.7598991394043,6.322159767150879,2700,234.9,
232812,2068,DAOI,5413,98,ASP,0,0,07,36.209652,1.323303,463,66,,25,36.215473,1.339783,463,246,
507543,2068,DAOI,8793,148,ASPH,0,0,08,36.214882,1.329539,497,,,26,36.220215,1.358608,497,,
232793,2070,DAON,8530,148,ASP,1,0,07,35.009300231933594,-1.4705899953842163,807,70,,25,35.017398834228516,-1.443809986114502,804,250,
232841,2071,DAOO,11811,148,ASP,1,0,07L,35.616641998291016,-0.6421390175819397,297,67,,25R,35.628944396972656,-0.6060810089111328,297,247,196
349210,2071,DAOO,9843,148,CON,1,0,07R,35.614200592041016,-0.6408609747886658,297,,,25L,35.62459945678711,-0.6102889776229858,297,,
232821,2076,DAUB,9469,148,ASP,0,0,13,34.801700592041016,5.726150035858154,285,130,,31,34.785099029541016,5.750470161437988,236,310,
233745,2087,DBBB,7906,148,ASP,1,0,06,6.350662,2.375753,16,53,125,24,6.363721,2.39313,13,233,
246024,2088,DFFD,9843,148,ASP,1,0,04,12.341699600219727,-1.5199700593948364,1034,33,,22,12.364439964294434,-1.50478994846344,982,213,
246023,2088,DFFD,6269,98,LAT,0,1,04R,12.344300270080566,-1.515779972076416,1040,35,,22L,12.358400344848633,-1.5056099891662598,994,215,
246022,2089,DFOO,10826,148,ASP,1,0,06,11.151100158691406,-4.342909812927246,1417,53,,24,11.168999671936035,-4.319029808044434,1483,233,
236092,2090,DGAA,11165,200,ASP,1,0,03,5.5909600257873535,-0.1726360023021698,177,22,,21,5.619410037994385,-0.16093599796295166,197,202,1349
236093,2091,DGLE,7999,148,ASP,0,0,05,9.549309730529785,-0.8710169792175293,530,45,,23,9.565070152282715,-0.8554109930992126,538,225,
236091,2093,DGSI,7612,148,ASP,1,0,02,6.70578,-1.59261,942,12,,20,6.72334,-1.58903,942,192,
237074,2096,DIAP,9843,164,ASP,1,0,03,5.248849868774414,-3.9314498901367188,21,23,,21,5.273920059204102,-3.92113995552063,11,203,
237073,2102,DIYO,9843,148,ASP,1,0,05,6.893020153045654,-5.374750137329102,651,42,,23,6.9133100509643555,-5.356410026550293,696,222,
237894,2104,DNAA,11842,197,ASP,1,0,04,8.993439674377441,7.253739833831787,1087,35,,22,9.020139694213867,7.272610187530518,1123,215,
327493,300781,DNAS,11155,190,ASP,1,0,11,,,,,,29,,,,,
323057,323056,DNBC,11154,148,ASP,1,0,17,,,,,,35,,,,,
237913,2108,DNEN,7879,148,ASP,1,0,08,6.472189903259277,7.550909996032715,466,80,,26,6.475910186767578,7.572299957275391,415,260,
237915,2111,DNIL,10169,197,ASP,1,0,05,8.430970191955566,4.483310222625732,1119,49,,23,8.449259757995605,4.504630088806152,1097,229,
237905,2114,DNKA,9843,197,ASP,1,0,05,10.687100410461426,7.309679985046387,2035,50,,23,10.70460033416748,7.3306097984313965,2069,230,
237891,2115,DNKN,8040,148,ASP,1,0,05,12.038900375366211,8.521869659423828,1533,44,492,23,12.05459976196289,8.537690162658691,1501,224,
237892,2115,DNKN,10831,197,ASP,1,0,06,12.041600227355957,8.5066499710083,1561,61,,24,12.055999755859375,8.53320026397705,1506,241,
237896,2116,DNMA,9846,197,ASP,1,0,05,11.84589958190918,13.07129955291748,1097,47,,23,11.864500045776367,13.091300010681152,1086,227,
237903,2118,DNMM,8997,148,ASP,1,0,18L,6.597010135650635,3.3291399478912354,135,180,,36R,6.57220983505249,3.3291399478912354,86,360,
237902,2118,DNMM,12794,197,ASP,1,0,18R,6.587779998779297,3.3135600090026855,64,180,,36L,6.552519798278809,3.3135600090026855,50,360,
237904,2120,DNPO,9843,197,ASP,1,0,03,5.0035,6.94312,82,28,,21,5.02741,6.95593,87,208,
237893,2121,DNSO,9844,197,ASP,1,0,08,12.912799835205078,5.193439960479736,1002,77,,26,12.918999671936035,5.2203497886657715,1010,257,
237877,2125,DRRN,10499,98,LAT,0,0,09L,13.484764,2.171051,728,87,,27R,13.486131,2.200581,715,267,
237876,2125,DRRN,9843,148,BITUM,1,0,09R,13.481611,2.169414,728,87,,27L,13.483231,2.204498,705,267,
239215,2133,DTTA,10499,148,ASP,1,0,01,36.8390998840332,10.223799705505371,13,12.3,,19,36.8671989440918,10.231399536132812,21,192.3,
239216,2133,DTTA,9318,148,ASP,1,0,11,36.85430145263672,10.217700004577637,19,112.5,,29,36.844398498535156,10.247200012207031,11,292.5,657
239226,2139,DTTJ,10171,148,ASP,1,0,09,33.875,10.76039981842041,9,88.3,,27,33.87590026855469,10.793899536132812,18,268.3,
239211,2143,DXNG,8202,148,CON,1,0,03,9.756830215454102,1.0870000123977661,1499,21.8,,21,9.777830123901367,1.0954999923706055,1515,201.8,
239210,2144,DXXX,9847,148,ASP,1,0,04,6.155129909515381,1.2456899881362915,61,39,,22,6.176340103149414,1.2625999450683594,63,219,
233635,2155,EBBR,9800,164,ASP,1,0,01,50.886902,4.49142,183,14,151,19,50.912899,4.50202,113,194,571
233637,2155,EBBR,11936,148,ASP,1,0,07L,50.89889907836914,4.455659866333008,129,65,846,25R,50.912601470947266,4.502630233764648,110,245,984
233636,2155,EBBR,10535,148,ASP,1,0,07R,50.888999938964844,4.480420112609863,175,70,400,25L,50.89889907836914,4.5233001708984375,159,250,
233634,2157,EBCI,10023,148,ASP,1,0,06,50.45517,4.436707,611,66,1477,24,50.466557,4.475922,583,246,
233628,2163,EBOS,10499,148,CON,1,0,08,51.196602,2.85277,15,75,985,26,51.2034,2.89727,13,256,1362
233629,2163,EBOS,2057,148,Grass,0,1,14,51.199501037597656,2.8659300804138184,13,137,,32,51.19540023803711,2.8721399307250977,13,317,
337086,301881,EDDB,11811,148,ASPH,1,0,06L,52.366724,13.480928,144,69,970,24R,52.378409,13.530214,154,249,985
337087,301881,EDDB,13123,197,concrete,1,0,06R,52.34544,13.468435,152,69,,24L,52.358431,13.523175,149,249,
236227,2210,EDDC,9350,197,CON,1,0,04,51.124664,13.754679,755,41,,22,51.144042,13.781355,703,221,990
236244,2211,EDDE,8530,164,ASP,1,0,09,50.981277,10.939734,1025,98,,27,50.978344,10.976471,1016,278,689
236134,2212,EDDF,13123,197,ASP,1,0,07C,50.03260040283203,8.534629821777344,329,69.6,,25C,50.045101165771484,8.586979866027832,364,249.6,
308341,2212,EDDF,9186,148,CON,1,0,07L,50.03710174560547,8.497079849243164,305,69.6,,25R,50.045799255371094,8.533720016479492,353,249.6,
236133,2212,EDDF,13123,148,CON,1,0,07R,50.02750015258789,8.534170150756836,328,69.6,,25L,50.04010009765625,8.586529731750488,362,249.6,
236135,2212,EDDF,13123,148,CON,1,0,18,50.034154,8.525944,326,180,,36,49.998493,8.526297,316,360,
236199,2213,EDDG,7119,148,ASP,1,0,07,52.131500244140625,7.670060157775879,156,71,,25,52.137901306152344,7.700019836425781,159,251,656
236258,2214,EDDH,10663,150,ASP,1,0,05,53.61830139160156,9.963709831237793,32,50.3,978,23,53.63710021972656,10.001799583435059,43,230.3,512
236259,2214,EDDH,12028,150,ASP,1,0,15,53.65439987182617,9.975210189819336,53,152.8,,33,53.625099182128906,10.000499725341797,35,332.8,1464
236185,2216,EDDK,8067,148,CON,1,0,06,50.86009979248047,7.123779773712158,231,64,,24,50.86970138549805,7.155270099639893,272,244,
236187,2216,EDDK,12516,197,ASP,1,0,13L,50.880501,7.12908,230,138,,31R,50.855202,7.16569,302,318,
236186,2216,EDDK,6112,148,ASP,1,0,13R,50.8708,7.12086,221,138,,31L,50.858501,7.13874,259,318,
236212,2217,EDDL,8858,148,CON,1,0,05L,51.28369903564453,6.748720169067383,116,53,984,23R,51.29840087890625,6.7796502113342285,124,233,984
236211,2217,EDDL,9842,148,CON,1,0,05R,51.279598236083984,6.751989841461182,121,53,984,23L,51.2958984375,6.786220073699951,138,233,984
236229,2218,EDDM,13123,197,CON,1,0,08L,48.36280059814453,11.767600059509277,1467,83.4,,26R,48.36690139770508,11.821200370788574,1449,263.4,
236228,2218,EDDM,13123,197,CON,1,0,08R,48.3406982421875,11.75100040435791,1486,83.4,,26L,48.34479904174805,11.80459976196289,1470,263.4,
236280,2219,EDDN,8858,148,ASP,1,0,10,49.5004997253418,11.059200286865234,1022,99,,28,49.49689865112305,11.095999717712402,1046,279,
236156,2220,EDDP,11811,148,CON,1,0,08L,51.43119812011719,12.215800285339355,418,85.7,,26R,51.43360137939453,12.267399787902832,448,265.7,
236157,2220,EDDP,11811,198,CON,1,0,08R,51.4116096496582,12.2046480178833,,86,,26L,51.41402053833008,12.256247520446777,,266,
236230,2222,EDDS,10974,148,CON,1,0,07,48.685699462890625,9.200130462646484,1267,72,984,25,48.694000244140625,9.243800163269043,1181,252,
608377,2222,EDDS,98,98,ASPH,1,0,H-NORTH,48.690545,9.219884,,72,,,,,,,
608378,2222,EDDS,98,98,ASPH,1,0,H-SOUTH,48.683245,9.197049,,72,,,,,,,
236233,2224,EDDV,2548,75,ASP,0,0,09C,52.464829,9.683748,178,92,214,27C,52.464514,9.695206,174,272,541
236235,2224,EDDV,12434,148,CON,1,0,09L,52.468377,9.648273,167,93,984,27R,52.466827,9.704151,169,273,984
236234,2224,EDDV,7677,148,CON,1,0,09R,52.45500183105469,9.676770210266113,172,93,,27L,52.45399856567383,9.711150169372559,179,273,
236161,2225,EDDW,2297,75,ASP,0,0,05,53.042598724365234,8.784239768981934,,52,,23,53.04650115966797,8.792400360107422,13,232,
236162,2225,EDDW,8642,148,ASP,1,0,09,53.046479,8.770064,13,88,952,27,53.04737,8.809341,14,268,985
236254,2227,EDFH,12467,148,ASP,1,0,03,49.9314,7.24688,1645,32,984,21,49.960201,7.27529,1588,212,984
236231,2237,EDJA,8629,148,ASP,1,0,06,47.983307,10.225642,2077,59,953,24,47.995356,10.255991,2077,239,953
236196,2244,EDLP,7152,148,ASP,1,0,06,51.608699798583984,8.603179931640625,699,57,,24,51.61940002441406,8.629590034484863,674,237,
236113,2246,EDLV,8005,148,PEM,1,0,09,51.60279846191406,6.124539852142334,95,92,,27,51.60210037231445,6.159729957580566,105,272,
236267,2247,EDLW,6562,148,ASP,1,0,06,51.51470184326172,7.601900100708008,418,61,984,24,51.52349853515625,7.626989841461182,401,241,984
236263,2256,EDNY,7729,148,ASP,1,0,06,47.66600036621094,9.49789047241211,1334,60,885,24,47.67660140991211,9.525090217590332,1367,240,675
608380,2256,EDNY,2163,98,GRASS,0,0,06L,47.668314,9.499345,,,,24R,47.672631,9.510478,,,
236109,2270,EDSB,9787,148,ASP,1,0,03,48.76789855957031,8.069761276245117,405,32,830,21,48.79079818725586,8.0912504196167,405,212,830
236215,2285,EDVK,4921,98,ASP,1,1,04,51.40230178833008,9.36913013458252,898,41,,22,51.412498474121094,9.383310317993164,872,221,
236216,2285,EDVK,2297,98,GRS,0,1,04L,51.40620040893555,9.370969772338867,,41,,22R,51.4109001159668,9.377710342407227,,221,
326801,2285,EDVK,8202,147,ASPH,1,0,09,51.421799,9.37423,861,95,,27,51.4198,9.41008,803,275,
235552,2357,EES,9930,98,ASP,0,0,13L,23.98150062561035,35.44960021972656,,132,,31R,23.963300704956055,35.4718017578125,,312,
235551,2357,EES,9840,148,ASP,0,0,13R,23.980199813842773,35.448299407958984,,132,,31L,23.962200164794922,35.470401763916016,,312,
235553,2357,EES,9530,131,ASP,0,0,15,23.988800048828125,35.45539855957031,,151,,33,23.965900421142578,35.469200134277344,,331,
235653,2301,EETN,11417,148,ASP,1,0,08,59.413338,24.805908,129,90,820,26,59.413174,24.867208,131,270,
235756,2307,EFHK,10039,197,ASP,1,0,04L,60.31290054321289,24.903900146484375,133,48,,22R,60.33150100708008,24.944700241088867,178,228,196
235755,2307,EFHK,11483,197,ASP,1,0,04R,60.309467,24.932343,152,48,787,22L,60.330692,24.979092,149,228,
235757,2307,EFHK,9518,197,ASP,1,0,15,60.330299377441406,24.964500427246094,162,154.1,,33,60.307098388671875,24.988300323486328,146,334.1,
235765,2314,EFIV,8199,148,ASP,1,0,04,68.59960174560547,27.38290023803711,480,47,,22,68.61489868164062,27.427799224853516,463,227,
235766,2314,EFIV,2625,148,ASP,1,0,08,68.6061019897461,27.42329978942871,475,92,,26,68.60579681396484,27.442899703979492,468,272,
235733,2325,EFKT,8202,148,ASP,1,0,16,67.71189880371094,24.839799880981445,632,166,,34,67.69010162353516,24.853900909423828,644,346,
235739,2326,EFKU,4921,148,ASP,0,1,06,63.004798889160156,27.785400390625,304,67.1,,24,63.0099983215332,27.812700271606445,284,247.1,
235740,2326,EFKU,9186,197,ASP,1,0,15,63.01810073852539,27.787599563598633,306,157.1,,33,62.99489974975586,27.809099197387695,316,337.2,
235772,2329,EFLP,8202,197,ASP,1,0,06,61.04010009765625,28.12310028076172,348,67,,24,61.04899978637695,28.165700912475586,349,247.1,
235771,2330,EFMA,6243,197,ASP,1,0,03,60.11439895629883,19.891399383544922,4,23,,21,60.130001068115234,19.90489959716797,17,203,
235769,2334,EFOU,8205,197,ASP,1,0,12,64.93579864501953,25.331899642944336,47,121,,30,64.92430114746094,25.377199172973633,33,301,
235718,2341,EFRO,9849,197,ASP,1,0,03,66.5541000366211,25.809999465942383,633,37,,21,66.57550048828125,25.850900650024414,609,217,
235749,2347,EFTP,8858,148,ASP,1,0,06,61.40890121459961,23.581600189208984,390,64.3,,24,61.41939926147461,23.627199172973633,366,244.4,
235722,2349,EFTU,8202,197,ASP,1,0,08,60.513099670410156,22.240100860595703,132,85,,26,60.515098571777344,22.285499572753906,141,265,
349935,2351,EFVA,4921,,ASP,0,1,11,,,,,,29,,,,,
235732,2351,EFVA,8727,157,ASP,1,0,16,63.06209945678711,21.754499435424805,19,163,,34,63.03919982910156,21.769899368286133,11,343,525
239418,2385,EGAA,9121,148,ASP,1,0,07,54.65230178833008,-6.2352399826049805,206,65,,25,54.66279983520508,-6.1961798667907715,268,245,
239419,2385,EGAA,6204,148,ASP,1,0,17,54.657901763916016,-6.2286200523376465,206,162,525,35,54.642601013183594,-6.219989776611328,258,342,502
239421,2389,EGBB,10013,148,ASP,1,0,15,52.465599060058594,-1.7611099481582642,305,148,1069,33,52.4463996887207,-1.7397199869155884,328,328,987
239540,2398,EGCC,10000,148,ASP,1,0,05L,53.34510040283203,-2.2927401065826416,212,51,1401,23R,53.36240005493164,-2.2571399211883545,249,231,600
239539,2398,EGCC,10007,148,CON,1,0,05R,53.332001,-2.31066,186,51,,23L,53.349098,-2.27499,227,231,604
239594,2415,EGFF,7723,148,ASP,1,0,12,51.401501,-3.35868,205,117,797,30,51.3918,-3.32799,213,297,551
239538,2417,EGGD,6598,148,ASP,1,0,09,51.382099,-2.7335,613,87,,27,51.383202,-2.70467,601,267,443
239580,2418,EGGP,7497,150,ASP,1,0,09,53.332848,-2.866881,59,86,200,27,53.334424,-2.832649,77,266,
239402,2419,EGGW,7093,148,ASP,1,0,07,51.872002,-0.38355,515,74,,25,51.877201,-0.353333,508,254,279
239574,2429,EGKK,8402,148,ASP,1,0,08L,51.146893,-0.212599,195,78,1053,26R,51.151825,-0.176795,195,258,1366
239573,2429,EGKK,10883,148,ASP,1,0,08R,51.145103,-0.212345,196,78,1288,26L,51.151493,-0.165992,196,258,1400
239399,2434,EGLL,12799,164,ASP,1,0,09L,51.47749,-0.489439,79,90,1007,27R,51.477681,-0.433227,78,270,
239398,2434,EGLL,12001,164,ASP,1,0,09R,51.46478,-0.486808,75,90,1013,27L,51.464957,-0.434048,77,270,
239428,2444,EGNM,7381,150,CON,1,0,14,53.8734016418457,-1.672070026397705,673,138,958,32,53.8583984375,-1.6490700244903564,662,318,962
236592,2447,EGNS,3934,151,ASP,1,0,03,54.077782,-4.631711,23,28,312,21,54.087296,-4.623116,52,208,
236593,2447,EGNS,6923,151,ASP,1,0,08,54.081387,-4.638947,29,78,951,26,54.08535,-4.60738,32,258,459
260436,2447,EGNS,2963,89,ASP,0,1,17,54.0853,-4.63028,,175,,35,54.0783,-4.6275,18,355,
239604,2448,EGNT,7644,148,ASP,1,0,07,55.033501,-1.70634,263,65,394,25,55.042301,-1.67327,239,245,446
239595,2450,EGNX,9495,148,ASP,1,0,09,52.830601,-1.34957,306,88,590,27,52.831402,-1.30667,282,268,426
239521,2459,EGPD,1893,151,CON,0,1,05,57.2036018371582,-2.20278000831604,203,46,,23,57.20719909667969,-2.1958301067352295,190,226,
239522,2459,EGPD,2165,75,ASP,0,1,14,57.20389938354492,-2.2019400596618652,200,139,,32,57.19940185546875,-2.1948599815368652,197,319,
239523,2459,EGPD,6407,150,ASP,1,0,16,57.20949935913086,-2.2034099102020264,203,158,,34,57.19430160522461,-2.19215989112854,215,338,
239524,2459,EGPD,853,75,ASP,0,1,18,57.2047004699707,-2.201669931411743,200,179,,36,57.20240020751953,-2.201590061187744,199,359,
239535,2461,EGPF,8730,148,ASP,1,0,05,55.863499,-4.44906,26,46,,23,55.879902,-4.41831,21,226,980
239536,2461,EGPF,3622,151,ASP,1,1,09,55.87220001220703,-4.4447197914123535,17,90.6,203,27,55.87200164794922,-4.427249908447266,23,270.6,
239588,2462,EGPH,8392,148,ASP,1,0,06,55.944,-3.39014,110,59,700,24,55.955898,-3.35506,100,239,700
239589,2462,EGPH,2621,150,ASP,0,1,08,55.946800231933594,-3.3560099601745605,100,70,,26,55.94929885864258,-3.3436899185180664,110,250,
239590,2462,EGPH,5730,150,ASP,1,1,12,55.95130157470703,-3.3594400882720947,99,119,,30,55.94380187988281,-3.33489990234375,134,299,204
239464,2464,EGPK,6253,148,ASP,1,0,02,55.4884,-4.58741,48,24,,20,55.503399,-4.57576,60,204,
239465,2464,EGPK,9800,148,PEM,1,0,12,55.516399,-4.61476,38,121,801,30,55.502399,-4.57448,65,301,
239531,2476,EGSS,10003,151,ASP,1,0,04,51.875081,0.219933,324,44,968,22,51.895166,0.25005,348,224,
235782,2512,EGYP,5003,75,ASP,1,0,05,-51.82440185546875,-58.45109939575195,215,55,,23,-51.81660079956055,-58.43299865722656,202,235,
235783,2512,EGYP,8497,150,ASP,1,0,10,-51.81769943237305,-58.47629928588867,244,105,,28,-51.82389831542969,-58.439998626708984,208,285,
237924,2513,EHAM,6627,148,ASP,1,0,04,52.30039978027344,4.783480167388916,-13,41,,22,52.31399917602539,4.803020000457764,-14,221,
237925,2513,EHAM,11283,148,ASP,1,0,06,52.287899017333984,4.734020233154297,-11,58,820,24,52.30459976196289,4.777520179748535,-12,238,
237926,2513,EHAM,11329,148,ASP,1,0,09,52.31660079956055,4.746349811553955,-12,87,294,27,52.31840133666992,4.796889781951904,-13,267,
237927,2513,EHAM,10826,148,ASP,1,0,18C,52.33140182495117,4.740029811859131,-13,183,,36C,52.30179977416992,4.737500190734863,-12,3,1476
237929,2513,EHAM,11155,148,ASP,1,0,18L,52.3213005065918,4.7799601554870605,-12,183,1887,36R,52.29079818725586,4.777349948883057,-11,3,
237928,2513,EHAM,12467,198,ASP,1,0,18R,52.362701416015625,4.711929798126221,-13,183,886,36L,52.3286018371582,4.7088398933410645,-12,3,
237921,2515,EHBK,9022,148,ASP,1,0,03,50.901798248291016,5.760049819946289,365,30,820,21,50.920799255371094,5.779230117797852,370,205,820
237941,2518,EHEH,9843,148,ASP,1,0,03,51.4390983581543,5.362130165100098,73,31,821,21,51.46120071411133,5.386889934539795,67,213,821
237935,2519,EHGG,4922,148,ASP,1,1,01,53.117401123046875,6.576859951019287,16,9,,19,53.130699157714844,6.580269813537598,12,189,
237936,2519,EHGG,8202,148,ASP,1,0,05,53.111084,6.560897,13,52,,23,53.124954,6.590267,13,232,
237940,2524,EHRD,7218,148,ASP,1,0,06,51.95209884643555,4.428239822387695,-15,56,656,24,51.962799072265625,4.455080032348633,-15,235,656
235644,2530,EICK,4298,148,PEM,1,0,07,51.84159851074219,-8.496000289916992,471,63,,25,51.84700012207031,-8.479120254516602,502,243,
235645,2530,EICK,6998,148,ASP,1,0,16,51.85029983520508,-8.496439933776855,477,160,,34,51.832298278808594,-8.485790252685547,460,340,
356512,2533,EIDW,10203,148,CON,1,0,10L,53.43716,-6.28062,235,97,,28R,53.4352,-6.24496,213,278,
235634,2533,EIDW,8652,148,ASPH,1,0,10R,53.42243,-6.29007,242,95,,28L,53.4203,-6.25058,202,275,
235635,2533,EIDW,4393,200,ASP,0,1,11,53.43659973144531,-6.262269973754883,217,105,279,29,53.43339920043945,-6.242809772491455,216,285,
235636,2533,EIDW,6798,148,ASP,1,0,16,53.437,-6.26198,217,157,,34,53.419899,-6.24959,202,337,
235637,2534,EIKN,7546,148,ASP,1,0,08,53.90829849243164,-8.835650444030762,592,79,502,26,53.91230010986328,-8.801329612731934,665,259,
235639,2537,EINN,10495,148,ASP,1,0,06,52.693199157714844,-8.943519592285156,46,52,,24,52.71080017089844,-8.906100273132324,15,232,459
235465,2540,EKAH,9111,75,PEM,1,0,10L,56.30739974975586,10.597800254821777,79,100.3,,28R,56.303001403808594,10.641900062561035,78,280.3,
235464,2540,EKAH,8865,148,PEM,1,0,10R,56.30550003051758,10.597599983215332,81,100.3,,28L,56.30120086669922,10.64050006866455,75,280.3,
235466,2541,EKBI,10172,148,ASP,1,0,09,55.73970031738281,9.132439613342285,215,87,492,27,55.7411994934082,9.18176555633545,244,267,492
235449,2542,EKCH,11811,148,ASP,1,0,04L,55.592201,12.603536,13,41,,22R,55.616543,12.641174,14,221,1967
235448,2542,EKCH,10827,148,ASP,1,0,04R,55.60309982299805,12.633000373840332,12,41,,22L,55.62540054321289,12.66759967803955,8,221,
235450,2542,EKCH,9186,148,ASPH,1,0,12,55.626293,12.633331,13,123,2313,30,55.612522,12.670532,8,303,886
235451,2549,EKOD,6053,148,ASP,1,0,06,55.471500396728516,10.315299987792969,44,59.8,,24,55.479801177978516,10.340499877929688,46,239.8,
235452,2549,EKOD,2280,98,GRS,0,0,13,55.476898193359375,10.334400177001953,,130,,31,55.472900390625,10.34280014038086,,310,361
235788,2559,EKVG,5905,98,ASP,1,0,12,62.0662,-7.28761,268,118,,30,62.061001,-7.26648,252,298,
235461,2562,EKYT,8707,148,PEM,1,0,08L,57.09370040893555,9.833379745483398,8,83.3,,26R,57.096500396728516,9.876870155334473,10,263.3,
235460,2562,EKYT,8363,74,ASP,1,0,08R,57.09189987182617,9.835470199584961,7,83.3,,26L,57.094600677490234,9.877240180969238,10,263.3,
237448,2563,ELLX,13123,148,ASPHALT,1,0,06,49.617699,6.18746,1158,57,,24,49.635502,6.23556,1214,238,
237982,2564,ENAL,7592,148,ASP,1,0,06,62.555923,6.08984,34,65,490,24,62.564819,6.130524,48,245,755
237964,2569,ENBO,9167,148,CON,1,0,07,67.265297,14.3183,17,78,1969,25,67.271698,14.3952,39,258,
237980,2570,ENBR,9810,148,ASP,1,0,17,60.30659866333008,5.213699817657471,165,170.5,886,35,60.28010177612305,5.2225799560546875,146,350.5,889
237947,2572,ENCN,6677,148,ASP,1,0,03,58.196701,8.07541,41,35,394,21,58.2117,8.09527,52,215,623
237963,2575,ENEV,9236,148,ASP,1,0,17,68.50389862060547,16.676700592041016,81,177.6,302,35,68.47869873046875,16.67959976196289,80,357.6,214
237959,2578,ENGM,11811,148,ASP,1,0,01L,60.185001373291016,11.073699951171875,656,16,,19R,60.21609878540039,11.091699600219727,675,196,
237958,2578,ENGM,9678,148,ASP,1,0,01R,60.17580032348633,11.107799530029297,670,16,,19L,60.20119857788086,11.1225004196167,681,196,
237966,2599,ENTC,8041,148,ASP,1,0,18,69.693779,18.925903,13,193,1286,36,69.672371,18.911621,25,13,
237976,2600,ENTO,9216,148,ASP,1,0,17,59.198952,10.258331,282,179,1231,35,59.173721,10.258911,255,359,1231
237948,2601,ENVA,9052,148,ASP,1,0,09,63.457698822021484,10.889399528503418,17,90.2,830,27,63.45759963989258,10.946499824523926,56,270.2,459
237949,2601,ENVA,1771,118,ASP,1,1,13,63.465599060058594,10.920999526977539,30,134,412,31,63.456600189208984,10.942000389099121,54,314,962
254524,2601,ENVA,1117,118,ASP,0,1,14,63.464900970458984,10.922900199890137,30,134,,32,63.45899963378906,10.936599731445312,54,314,
237970,2602,ENZV,8035,148,ASP,1,0,10,58.881802,5.60479,7,106,329,28,58.875599,5.64559,27,286,501
237971,2602,ENZV,9369,197,ASP,1,0,18,58.89500045776367,5.637290000915527,9,179.1,492,36,58.86940002441406,5.638050079345703,29,359.1,492
238278,2608,EPGD,9186,148,ASP,1,0,11,54.3811,18.452,450,113,,29,54.3713,18.491699,489,293,
238291,2609,EPKK,8366,196,CON,1,0,07,50.075401306152344,19.76810073852539,792,78,,25,50.0802001953125,19.802900314331055,779,258,784
238275,2613,EPKT,10499,148,CON,1,0,08,50.476101,19.059601,970,90,,26,50.476002,19.104601,994,270,1045
309486,309484,EPLB,8268,148,ASPHALT,1,0,07,51.23759841918945,22.69580078125,632,72,,25,51.242698669433594,22.73110008239746,626,252,
238277,2616,EPLL,8202,148,ASPH-CONC,1,0,07,51.716222,19.372194,592,71,968,25,51.723669,19.406319,607,251,1020
260404,2616,EPLL,2296,574,Grass,0,1,07R,51.719299,19.3967,579,71,,25L,51.721401,19.4062,607,,
238269,2622,EPMO,8202,147,ASP,0,0,08,52.449501037597656,20.63360023498535,338,82,,26,52.452701568603516,20.670000076293945,341,262,
311162,2625,EPPO,2296,984,grass,0,1,02,,,,,,20,,,,,
238287,2625,EPPO,8215,164,ASP,1,0,10,52.4249,16.806101,309,108,,28,52.418201,16.841,289,288,
351633,2629,EPRZ,2448,164,GRASS,0,0,08L,,,,,,26R,,,,,
351634,2629,EPRZ,2953,99,CONC/ASPH,0,0,08R,,,,,,26L,,,,,
238286,2629,EPRZ,10498,147,CON,1,0,09,50.110198974609375,22.00149917602539,688,91,,27,50.10960006713867,22.046300888061523,679,271,
238285,2629,EPRZ,6840,328,GRS Emergency Strip,0,0,09ES,50.104400634765625,22.042600631713867,,81,,27ES,50.10559844970703,22.054000854492188,,261,
238276,2630,EPSC,8202,197,ASP,1,0,13,53.592098236083984,14.887900352478027,118,131,,31,53.57740020751953,14.916500091552734,154,311,
238288,2637,EPWA,9186,164,ASPH,1,0,11,52.171501,20.946699,362,115,,29,52.160999,20.9839,347,295,1640
238289,2637,EPWA,12106,196,ASPH,1,0,15,52.1786,20.9559,353,152,,33,52.149399,20.9814,355,332,2170
238284,2638,EPWR,8212,147,CONC-ASPH,1,0,11,51.108799,16.865801,405,116,,29,51.098999,16.898001,401,296,
239020,2648,ESGG,10823,148,ASP,1,0,03,57.64950180053711,12.2677001953125,478,26,,21,57.67610168457031,12.291899681091309,506,206,
239045,2660,ESKN,9442,148,ASP,1,0,08,58.78670120239258,16.880399703979492,113,83.1,419,26,58.789798736572266,16.929800033569336,127,263.1,
239046,2660,ESKN,6690,131,ASP,1,0,16,58.80139923095703,16.90410041809082,133,161.8,,34,58.784000396728516,16.91510009765625,131,341.8,
332180,316498,ESKS,8202,148,ASP,0,0,15,61.17411804199219,12.821249961853027,1644,,,33,61.155391693115234,12.846824645996094,1644,,
239007,2669,ESMS,2615,59,ASP,0,0,11,55.523102,13.3598,232,105,,29,55.521301,13.372,228,285,
239008,2669,ESMS,9186,148,ASP,1,0,17,55.548099517822266,13.373800277709961,209,173.4,,35,55.523101806640625,13.378899574279785,236,353.4,
239065,2685,ESNQ,8209,148,ASP,1,0,03,67.81269836425781,20.32029914855957,1508,33.7,,21,67.831298828125,20.353200912475586,1432,213.7,
239010,2689,ESNU,7551,148,ASP,1,0,14,63.798500061035156,20.26930046081543,24,138,,32,63.78310012817383,20.30030059814453,17,318,196
239068,2696,ESOW,8468,164,ASP,1,0,01,59.57848358154297,16.629249572753906,5,8.2,1312,19,59.601173400878906,16.63847541809082,21,188.2,
239061,2697,ESPA,10990,148,ASP,1,0,14,65.55480194091797,22.097400665283203,65,137.3,,32,65.53269958496094,22.1466007232666,21,317.3,
239018,2701,ESSA,10830,148,ASP,1,0,01L,59.637298583984375,17.91320037841797,98,10,,19R,59.66640090942383,17.923799514770508,118,190,
239017,2701,ESSA,8201,148,ASP,1,0,01R,59.626399993896484,17.950700759887695,137,10.4,,19L,59.64849853515625,17.95870018005371,98,190.4,
239019,2701,ESSA,8202,148,ASP,1,0,08,59.65840148925781,17.936100006103516,108,75.9,,26,59.66389846801758,17.97920036315918,124,255.9,
238981,2706,ESSL,7004,148,ASP,1,0,11,58.409901,15.6634,142,112,,29,58.402699,15.6971,172,292,
238989,2710,ESSV,6562,148,ASP,1,0,03,57.65439987182617,18.340200424194336,140,21,,21,57.671199798583984,18.35219955444336,136,201,
238990,2710,ESSV,3611,131,GRS,0,0,10,57.6510009765625,18.329700469970703,142,101,,28,57.64899826049805,18.347700119018555,164,281,
237421,2757,EVLA,6568,131,ASP,1,0,06,56.51449966430664,21.08180046081543,5,70,,24,56.520599365234375,21.11240005493164,16,250,
237422,2758,EVRA,10499,148,ASP,1,0,18,56.93510055541992,23.973100662231445,31,185,,36,56.906436920166016,23.968345642089844,37,5,
237426,2760,EYKA,10663,148,ASP,1,0,08,54.9627,24.0595,236,85,1116,26,54.965153,24.110056,256,265,788
237429,2762,EYPA,7480,148,ASP,1,0,01,55.96442413330078,21.090309143066406,33,13,,19,55.98176574707031,21.09729766845703,33,193,
237430,2766,EYVI,8251,164,ASP,1,0,01,54.62369918823242,25.278499603271484,594,22,,19,54.64459991455078,25.293100357055664,646,202,
238817,2772,FABL,8396,151,ASP,1,0,02,-29.105100631713867,26.30229949951172,4413,360,,20,-29.082000732421875,26.302499771118164,4421,180,
238818,2772,FABL,7202,151,ASP,1,0,12,-29.089599609375,26.285400390625,4457,102,,30,-29.093599319458008,26.3075008392334,4413,282,
238798,2775,FACT,10502,200,ASP,1,0,01,-33.987701416015625,18.60890007019043,144,346,,19,-33.959800720214844,18.600000381469727,147,166,
238799,2775,FACT,5581,151,ASP,1,0,16,-33.96139907836914,18.59749984741211,143,136,,34,-33.9723014831543,18.61039924621582,151,316,
238752,2779,FAEL,5200,150,ASP,1,0,06,-33.04199981689453,27.820199966430664,394,37,,24,-33.030601501464844,27.830299377441406,407,217,
238753,2779,FAEL,6362,150,ASP,1,0,11,-33.03730010986328,27.811599731445312,435,82,,29,-33.0348014831543,27.832399368286133,387,262,
238833,2783,FAGG,6562,148,ASP,1,0,11,-34.00590133666992,22.367700576782227,622,89,,29,-34.00519943237305,22.389299392700195,648,269,
238745,2794,FAKM,9843,148,ASP,1,0,02,-28.820299,24.7652,3900,359,,20,-28.7931,24.7652,3940,179,
238746,2794,FAKM,8002,148,ASP,1,0,10,-28.805099487304688,24.750999450683594,3950,80,,28,-28.80109977722168,24.775400161743164,3915,260,
238701,2795,FAKN,10171,148,ASP,1,0,05,-25.395299911499023,31.096500396728516,2825,34.2,1639,23,-25.372100830078125,31.11370086669922,2827,214.2,
238805,2800,FALA,10000,75,ASP,1,1,06L,-25.947799682617188,27.914899826049805,4517,47,453,24R,-25.92919921875,27.937299728393555,4397,227,
238804,2800,FALA,9996,147,ASP,1,0,07,-25.948299407958984,27.9153995513916,4521,57,,25,-25.93000030517578,27.9375,4394,227,230
312671,300795,FALE,12139,197,Asphalt,0,0,06,,,304,61,,24,,,304,241,
238744,31055,FAOR,14495,200,ASP,1,0,03L,-26.146299362182617,28.23430061340332,5558,14,,21R,-26.107999801635742,28.246299743652344,5501,194,
238743,31055,FAOR,11155,197,ASP,1,0,03R,-26.16469955444336,28.248199462890625,5510,14,,21L,-26.13520050048828,28.257299423217773,5494,194,
238821,2820,FAPE,7087,151,ASP,1,0,08,-33.993,25.601601,226,58,,26,-33.983501,25.6199,185,238,
238823,2820,FAPE,5502,151,ASP,1,0,17,-33.98379898071289,25.61639976501465,192,146,,35,-33.996299743652344,25.62660026550293,184,326,
238776,2827,FAPP,8400,148,ASP,0,0,01,-23.86039924621582,29.458900451660156,4076,359,,19,-23.837299346923828,29.458499908447266,4013,179,
238777,2827,FAPP,7612,148,ASP,1,0,05,-23.858800888061523,29.44729995727539,4014,38,,23,-23.842199325561523,29.461299896240234,4020,218,
233607,2860,FBFT,7218,98,ASP,1,0,11,-21.158333,27.463888,3281,97,,29,-21.161112,27.484722,3278,277,
317474,2860,FBFT,9843,148,ASP,1,0,13,-21.15048,27.453283,3323,121,,31,-21.164515,27.477983,3278,301,
233608,2860,FBFT,4147,72,GVL,0,1,16,-21.161500930786133,27.482999801635742,3271,147,,34,-21.17099952697754,27.48979949951172,3283,327,
233611,2862,FBKE,6562,98,ASP,0,0,08,-17.835800170898438,25.153499603271484,3298,71,,26,-17.82990074157715,25.171300888061523,3263,251,
233610,2863,FBMN,6562,98,ASP,1,0,08,-19.976200103759766,23.422399520874023,3092,66,,26,-19.968900680541992,23.439800262451172,3093,246,
233609,2864,FBSK,13123,148,CON,1,0,08,-24.56170082092285,25.90519905090332,3292,61.6,,26,-24.548799514770508,25.93120002746582,3291,241.6,
235126,2868,FCBB,10827,148,ASP,1,0,05,-4.2588210105896,15.241678237915039,1030,50,,23,-4.239641189575195,15.264463424682617,1047,230,
235125,2871,FCPP,8530,148,ASP,1,0,17,-4.804619789123535,11.88379955291748,54,166,,35,-4.82742977142334,11.889399528503418,52,346,
323079,308033,FDSK,11811,197,ASP,1,0,02,,,,,,20,,,,,
235390,2873,FEFF,8530,148,ASP,1,0,16,4.40983,18.5159,1208,165,,34,4.38712,18.5217,1182,345,
260367,2875,FGBT,10860,200,ASP,1,0,03,,,13,,,21,,,13,,
235649,2875,FGBT,7001,148,ASP,0,1,04,1.8986599445343018,9.79977035522461,7,41,,22,1.912269949913025,9.811590194702148,12,221,
235648,2876,FGSL,9647,151,CON,1,0,04,3.7454099655151367,8.699910163879395,75,42,,22,3.765130043029785,8.717530250549316,41,222,
237613,2878,FIMP,11056,148,ASP,1,0,14,-20.423306,57.669189,183,117,1082,32,-20.437149,57.697952,98,297,
235266,2882,FKKD,9350,148,ASP,1,0,12,4.01186990737915,9.708040237426758,34,117,,30,4.000239849090576,9.730979919433594,14,297,
235267,2886,FKKR,11032,148,ASP,1,0,09,9.33489990234375,13.3548002243042,692,86,,27,9.33687973022461,13.38539981842041,787,266,377
235265,2890,FKYS,11155,148,ASP,1,0,01,3.7074100971221924,11.550600051879883,2263,10,,19,3.7376999855041504,11.555899620056152,2276,190,
246258,2893,FLLI,9843,151,ASP,1,0,10,-17.8209,25.8097,3248,94,,28,-17.8223,25.8312,3237,274,
246259,2893,FLLI,4501,98,Dirt,0,0,15,-17.812099,25.8139,3249,140,,33,-17.821501,25.822399,3246,320,
246255,2894,FLLS,12998,150,ASP,1,0,10,-15.32919979095459,28.43429946899414,3781,95.2,,28,-15.33240032196045,28.47089958190918,3749,275.2,
246256,2894,FLLS,2700,100,GRS,0,0,15,-15.323399543762207,28.45949935913086,3782,140.6,,33,-15.329099655151367,28.464399337768555,3782,320.6,
246264,2895,FLMF,7349,148,ASP,1,0,09,-13.2602,31.9265,1841,83,,27,-13.2576,31.9466,1853,263,
525660,525659,FLSK,11483,148,ASP,1,0,09,-12.961889,28.500111,4272,,,27,-12.9617,28.532362,4272,,
235275,2901,FMCH,9514,148,ASP,1,0,02,-11.546600341796875,43.26959991455078,66,10,,20,-11.520700454711914,43.27410125732422,79,190,
237545,2904,FMCZ,6330,92,ASP,1,0,16,-12.802200317382812,45.27790069580078,10,150,250,34,-12.816699981689453,45.2864990234375,23,330,
238381,2905,FMEE,10499,148,ASP,1,0,12,-20.88599967956543,55.504600524902344,38,102,398,30,-20.892099380493164,55.534698486328125,31,282,
238382,2905,FMEE,8760,148,ASP,1,0,14,-20.884199142456055,55.50419998168945,27,116,328,32,-20.895000457763672,55.527198791503906,65,296,1165
238383,2906,FMEP,7000,150,ASP,1,0,15,-21.316600799560547,55.4193000793457,59,129,,33,-21.325199127197266,55.430599212646484,41,309,
237532,2908,FMMI,10171,148,ASP,1,0,11,-18.7947998046875,47.464298248291016,4197,99,,29,-18.799100875854492,47.49330139160156,4117,279,
237537,2911,FMMT,7218,131,ASP,1,0,01,-18.119400024414062,49.393699645996094,19,354,,19,-18.099599838256836,49.39139938354492,22,174,
237523,2919,FMNM,7218,148,ASP,1,0,14,-15.660499572753906,46.344200134277344,35,132,,32,-15.673800468444824,46.35940170288086,87,312,
237525,2920,FMNN,7185,148,ASP,1,0,05,-13.319299697875977,48.307899475097656,37,43,,23,-13.304800033569336,48.32170104980469,16,223,
563424,312665,FNBJ,12467,197,ASP,1,0,06L,,,,,,24R,,,,,
563423,312665,FNBJ,13123,197,PEM,1,0,06R,,,,,,24L,,,,,
232892,2942,FNLU,12190,148,ASP,1,0,05,-8.876879692077637,13.213899612426758,235,47,,23,-8.854009628295898,13.23840045928955,232,227,500
232893,2942,FNLU,8530,197,ASP,1,0,07,-8.855609893798828,13.225700378417969,240,68,,25,-8.847000122070312,13.246600151062012,223,248,
236069,2963,FOOG,6234,148,ASP,1,0,02,-0.719689,8.75114,11,22,2200,20,-0.703789,8.75762,9,202,
236068,2966,FOOL,9844,148,ASP,1,0,16,0.4708139896392822,9.406350135803223,29,154,,34,0.4464170038700104,9.418149948120117,28,334,
239213,2969,FPST,7283,148,ASP,0,0,11,0.3805280029773712,6.702420234680176,39,103,200,29,0.3758220076560974,6.721879959106445,16,283,200
237848,2970,FQBR,3018,148,ASP,0,1,06,-19.79949951171875,34.90650177001953,33,44,,24,-19.79360008239746,34.912601470947266,33,224,
237849,2970,FQBR,7874,148,ASP,1,0,12,-19.79360008239746,34.89649963378906,26,105,,30,-19.7992000579834,34.91859817504883,30,285,
237850,2970,FQBR,5660,148,ASP,0,1,17,-19.79159927368164,34.90660095214844,30,159.9,,35,-19.806299209594727,34.91230010986328,30,339.9,
237854,2975,FQMA,12008,148,ASP,1,0,05,-25.92490005493164,32.570098876953125,118,29,,23,-25.89590072631836,32.587799072265625,145,209,
237855,2975,FQMA,5577,148,ASP,1,0,10,-25.9212,32.566399,118,86,,28,-25.9202,32.583302,128,266,
237852,2980,FQNP,6562,148,ASP,1,0,05,-15.111800193786621,39.27510070800781,1444,45.8,,23,-15.09939956665039,39.28850173950195,1381,225.8,
237853,2980,FQNP,5135,148,GVL,0,0,13,-15.103500366210938,39.286399841308594,1377,119,,31,-15.110400199890137,39.29909896850586,1404,299,
237851,2984,FQTT,8225,148,ASP,1,0,01,-16.116100311279297,33.63990020751953,,2,,19,-16.0935001373291,33.640499114990234,,182,
238699,2993,FSIA,9800,151,CON,1,0,13,-4.666629791259766,55.510799407958984,10,125,1000,31,-4.682129859924316,55.532901763916016,10,305,1000
235110,2998,FTTJ,9186,148,ASP,1,0,05,12.124899864196777,15.024700164794922,968,46,,23,12.142499923706055,15.04319953918457,967,226,
246270,3000,FVBU,4419,98,ASP,0,0,02,-20.015199661254883,28.618200302124023,4350,8,,20,-20.00309944152832,28.61989974975586,4326,188,
246271,3000,FVBU,8491,148,ASP,1,0,13,-20.016199111938477,28.61520004272461,4351,115,,31,-20.026199340820312,28.63759994506836,4359,295,
246267,3004,FVFA,13123,148,ASP,1,0,12,-18.090809,25.818058,3490,110,,30,-18.103195,25.853556,3480,290,
246283,3005,FVHA,15502,151,ASP,1,0,05,-17.946833,31.077141,4793,46,3557,23,-17.916702,31.108612,4887,226,
237560,3015,FWCL,7628,98,ASP,1,0,10,-15.677300453186035,34.95869827270508,2472,97,,28,-15.679800033569336,34.980201721191406,2555,277,
237561,3015,FWCL,4501,98,ASP,0,0,15,-15.671199798583984,34.96739959716797,2468,141,,33,-15.680800437927246,34.97549819946289,2546,321,
237556,3018,FWKI,11614,148,ASP,1,0,14,-13.77910041809082,33.76839828491211,4028,130.9,,32,-13.799599647521973,33.79359817504883,4022,310.9,
237446,3022,FXMM,10498,148,ASP,1,0,04,-29.469499588012695,27.550199508666992,5325,15,656,22,-29.441699981689453,27.558900833129883,5320,195,
237447,3022,FXMM,3314,75,ASP,1,0,11,-29.46269989013672,27.546600341796875,5309,85,,29,-29.461999893188477,27.556900024414062,5351,265,
246190,3037,FYWB,11483,196,ASP,1,0,09,-22.9842,14.6312,231,72,,27,-22.9746,14.6631,310,252,
246213,3039,FYWH,15010,148,ASP,1,0,08,-22.48979949951172,17.449499130249023,5640,64,,26,-22.471399307250977,17.48940086364746,5500,244,
246214,3039,FYWH,5000,98,ASP,1,0,16,-22.477699279785156,17.4689998626709,5574,141,,34,-22.488399505615234,17.478300094604492,5564,321,
235140,3040,FZAA,13123,197,CON,1,0,06,-4.3969340324401855,15.427083015441895,998,58,,24,-4.377395153045654,15.45740795135498,998,238,
235128,3052,FZIC,11483,148,ASP,1,0,13,0.4906669855117798,25.32509994506836,1407,125,,31,0.4726249873638153,25.350799560546875,1417,305,
235146,3057,FZNA,9695,148,ASP,1,0,17,-1.652858018875122,29.236658096313477,5045,174,,35,-1.679447054862976,29.2392520904541,4992,354,
235130,3059,FZQA,10623,164,ASP,1,0,07,-11.597100257873535,27.51729965209961,4290,66,,25,-11.585399627685547,27.54450035095215,4214,246,
237587,3066,GABS,10498,148,ASP,1,0,06,12.526800155639648,-7.960350036621094,1187,57,,24,12.540300369262695,-7.939539909362793,1244,237,
237585,3071,GATB,6923,98,ASP,1,0,07,16.726900100708008,-3.0167500972747803,863,68,,25,16.733999252319336,-2.9984099864959717,860,248,
236067,3076,GBYD,11811,148,ASP,1,0,14,13.348600387573242,-16.6648006439209,88,131,,32,13.327400207519531,-16.63960075378418,74,311,
238896,3077,GCFV,11220,148,ASP,1,0,01,28.432868,-13.864398,37,2,3285,19,28.463556,-13.863394,75,182,1510
238918,3081,GCLP,10171,148,ASP,1,0,03L,27.918899536132812,-15.39229965209961,78,22,,21R,27.944900512695312,-15.380800247192383,33,202,
238917,3081,GCLP,10171,148,ASP,1,0,03R,27.91819953918457,-15.390399932861328,69,22,,21L,27.94420051574707,-15.378800392150879,27,202,
238929,3082,GCRR,7874,148,ASP,1,0,03,28.935801,-13.6108,18,27,285,21,28.955099,-13.5996,47,207,
238940,3083,GCTS,10499,148,ASP,1,0,07,28.039199829101562,-16.587600708007812,188,68.6,,25,28.049699783325195,-16.557300567626953,209,248.6,
238892,3084,GCXO,10404,148,ASP,1,0,12,28.487755,-16.356909,2062,111,,30,28.477697,-16.326586,2007,291,
238859,3095,GFLL,10498,150,ASP,1,0,12,8.62069034576416,-13.209400177001953,78,107,,30,8.612199783325195,-13.181599617004395,82,287,
238375,3097,GGOV,10499,148,ASP,1,0,03,11.881199836730957,-15.65839958190918,129,19,,21,11.908499717712402,-15.64900016784668,86,199,
237432,3099,GLRB,11000,150,ASP,1,0,04,6.220829963684082,-10.370100021362305,29,31,,22,6.2467498779296875,-10.354499816894531,25,211,1200
237612,3101,GMAD,10499,148,ASP,1,0,09,30.323028564453125,-9.428160667419434,197,91,,27,30.322235107421875,-9.394893646240234,253,271,
237598,3103,GMFF,10499,148,ASP,1,0,09,33.927398681640625,-4.99521017074585,1854,90,,27,33.92729949951172,-4.960659980773926,1890,270,820
237597,3107,GMFO,9843,148,BIT,1,0,06,34.77989959716797,-1.9378399848937988,1535,58,,24,34.79439926147461,-1.9101300239562988,1493,238,
335278,3107,GMFO,9843,148,ASP,1,0,13,34.80979919433594,-1.9521700143814087,1486,132,,31,34.792198181152344,-1.9275000095367432,1493,312,
260128,29694,GMMD,8169,148,ASP,1,0,05,32.393955,-6.325442,1673,,,23,32.409683,-6.306636,1673,,
237593,3109,GMME,11483,148,ASP,1,0,03,34.03799819946289,-6.761390209197998,265,33,,21,34.06489944458008,-6.741650104522705,238,213,
246221,3110,GMMH,9842,148,ASP,1,0,03,23.705799102783203,-15.937700271606445,36,22.7,,21,23.73080062866211,-15.926300048828125,27,202.7,
246219,3112,GMML,8861,148,ASP,1,0,02,27.130199432373047,-13.235400199890137,223,16,,20,27.153600692749023,-13.22760009765625,217,196,
246220,3112,GMML,8202,148,ASP,1,0,04,27.135799407958984,-13.225899696350098,202,32,,22,27.155000686645508,-13.212599754333496,202,212,
237596,3113,GMMN,12205,148,ASP,1,0,17L,33.38399887084961,-7.593520164489746,633,164,,35R,33.35179901123047,-7.582489967346191,656,344,
237595,3113,GMMN,12205,148,ASP,1,0,17R,33.38309860229492,-7.597430229187012,636,164,,35L,33.35089874267578,-7.586420059204102,656,344,
237590,3114,GMMW,9842,148,ASP,1,0,08,34.986000061035156,-3.0442800521850586,594,78,,26,34.991600036621094,-3.01213002204895,570,258,
237602,3115,GMMX,10170,148,ASP,1,0,10,31.608400344848633,-8.052539825439453,1506,96,918,28,31.605499267578125,-8.019989967346191,1545,276,
237594,3117,GMMZ,9842,148,ASP,1,0,12,30.945199966430664,-6.923439979553223,3782,116.8,,30,30.933000564575195,-6.895510196685791,3710,296.8,
237591,3120,GMTN,7546,148,CON,1,1,06,35.588299,-5.33036,13,54,,24,35.600399,-5.30968,10,234,
511679,3120,GMTN,10784,148,CON,0,0,07,35.589401,-5.328708,11,,,25,35.60218,-5.295975,11,,
237608,3121,GMTT,6562,98,ASP,0,1,07,35.71910095214844,-5.923120021820068,,68.8,,25,35.72529983520508,-5.902339935302734,,248.8,
237609,3121,GMTT,11483,148,ASP,1,0,10,35.733299255371094,-5.940310001373291,20,96,,28,35.72999954223633,-5.901820182800293,62,276,1640
325737,325736,GOBD,11483,197,ASP,1,0,01,14.655200004577637,-17.07270050048828,272,359,394,19,14.686800003051758,-17.072969436645508,251,179,394
238841,3125,GOOY,4866,98,ASP,0,1,03,14.7317,-17.504299,63,23,,21,14.7442,-17.499001,56,203,
238842,3125,GOOY,11450,148,ASP,1,0,18,14.757100105285645,-17.480899810791016,64,172.6,525,36,14.725799560546875,-17.476699829101562,75,352.6,
323316,323315,GQNO,7875,148,concrete,1,0,06,18.29479217529297,-15.99239444732666,9,50,,24,18.308822631835938,-15.975079536437988,9,230,
323318,323315,GQNO,11155,197,concrete,1,0,16,18.31633949279785,-15.973580360412598,9,150,,34,18.289810180664062,-15.95734977722168,9,330,
237617,3138,GQPP,7961,148,ASP,1,0,02,20.922300338745117,-17.032800674438477,4,14,,20,20.943500518798828,-17.027000427246094,7,194,
236400,3146,GUCY,10826,148,ASP,1,0,06,9.56721019744873,-13.623299598693848,69,49,,24,9.586589813232422,-13.600500106811523,52,229,
235437,3150,GVAC,10760,148,ASP,1,0,01,16.721548,-22.948846,176,358,,19,16.751071,-22.949051,170,178,872
235438,3150,GVAC,4921,148,ASP,0,1,07,16.7367000579834,-22.95800018310547,177,58,,25,16.743799209594727,-22.946199417114258,177,238,
235431,3151,GVBA,6890,148,ASP,0,0,03,16.128199,-22.891418,69,16,,21,16.146455,-22.885759,69,196,
260337,3153,GVNP,6890,148,ASP,0,0,03,14.932388,-23.488331,312,22,650,21,14.949881,-23.481066,324,202,
235436,3153,GVNP,4209,98,ASP,1,1,03L,14.91919994354248,-23.49570083618164,,22,,21R,14.929800033569336,-23.491300582885742,,202,
235435,3153,GVNP,6876,148,ASP,1,1,03R,14.9319,-23.488501,,22,650,21L,14.9495,-23.481199,,202,
235433,3155,GVSV,6561,98,ASP,1,0,07,16.828363,-25.062161,70,54,548,25,16.839069,-25.047054,70,234,
235668,3157,HAAB,12139,148,ASP,1,0,07L,8.973979949951172,38.78239822387695,7617,73.7,825,25R,8.983389854431152,38.814701080322266,7604,253.7,1235
235667,3157,HAAB,12467,148,ASP,1,0,07R,8.972260475158691,38.78350067138672,7617,73.6,1185,25L,8.981940269470215,38.81669998168945,7594,253.6,1170
235672,3162,HADR,8791,148,ASP,1,0,15,9.635760307312012,41.8484992980957,3661,152,,33,9.614330291748047,41.859798431396484,3829,332,
532963,313314,HAJJ,8202,,Asphalt,0,0,3,,,,,,21,,,,,
342521,30664,HALA,9843,148,ASPH,0,0,01,7.0879597663879395,38.3942985534668,5663,,,19,7.11460018157959,38.398799896240234,5663,,
260310,3170,HBBA,,,UNK,0,0,02,,,2582,,,20,,,2582,,
234430,3170,HBBA,11811,148,ASP,1,0,17,-3.307990074157715,29.31599998474121,2582,172,,35,-3.340049982070923,29.320999145507812,2559,352,
323019,30792,HCMF,3550,115,SAN,0,0,01,,,,,,19,,,,,
323018,30792,HCMF,7874,148,ASP,0,0,09,,,,,,27,,,,,
238870,3171,HCMH,12139,148,ASP,1,0,06,9.505440711975098,44.071128845214844,4471,55,,24,9.524374961853027,44.098899841308594,4468,235,
260240,31899,HCMM,10446,148,ASP,0,0,05,2.0047640800476074,45.293006896972656,13,,,23,2.0231549739837646,45.31504821777344,30,,
235480,3174,HDAM,10335,148,PEM,1,0,09,11.547499656677246,43.14509963989258,49,91,,27,11.547100067138672,43.17390060424805,20,271,728
235541,3175,HEAL,11479,148,ASP,1,0,13,30.93470001220703,28.447599411010742,143,130,,31,30.914100646972656,28.475299835205078,140,310,
235603,3176,HEAR,9905,148,ASP,1,0,16L,31.0858,33.8297,101,157,,34R,31.060699,33.841999,121,337,
514853,3176,HEAR,9905,148,ASPH,1,0,16R,,,240,157,,34L,,,300,337,
235583,3177,HEAT,9905,148,ASP,1,0,13,27.055200576782227,31.00029945373535,737,129.8,,31,27.037799835205078,31.023700714111328,772,309.8,
235563,3180,HEBA,11156,148,ASP,1,0,14L,30.930367,29.685085,177,143,,32R,30.90592,29.706566,133,323,
235564,3180,HEBA,11155,148,ASP,1,0,14R,30.929106,29.68317,148,143,,32L,30.904663,29.704651,149,323,
235565,3180,HEBA,,,,0,1,XX,,,,,,,,,,,
300957,3183,HECA,13123,197,Asphalt,1,0,05C,30.099701,31.398199,382,45,,23C,30.123301,31.4296,375,225,
235593,3183,HECA,10827,197,Asphalt,1,0,05L,30.119699,31.380199,190,49,,23R,30.139099,31.4063,199,229,
235592,3183,HECA,13124,197,Asphalt,1,0,05R,30.097166061401367,31.41900062561035,382,49.2,,23L,30.12066650390625,31.45050048828125,375,229.2,
235546,3186,HEGN,13171,148,ASP,1,0,16L,27.19610023498535,33.795799255371094,50,165,991,34R,27.161100387573242,33.80609893798828,35,345,
349785,3186,HEGN,13168,197,ASPHALT,1,0,16R,27.193899154663086,33.7864990234375,,165,,34L,27.159000396728516,33.79690170288086,,345,
235625,3191,HELX,9843,148,ASP,1,0,02,25.6586,32.700699,294,23,,20,25.683599,32.712101,272,203,
235544,3192,HEMA,11253,148,ASP,1,0,15,25.5688,34.576199,247,150,295,33,25.545401,34.591202,233,330,295
235566,3193,HEMM,9843,148,ASP,0,0,06,31.32200050354004,27.21489906311035,94,60,160,24,31.335500717163086,27.24220085144043,94,240,160
235567,3193,HEMM,9843,148,ASP,0,0,15,31.337099075317383,27.213699340820312,94,149.7,,33,31.31369972229004,27.22960090637207,94,329.7,
235576,3196,HEPS,7707,148,ASP,1,0,10,31.28230094909668,32.22819900512695,8,105.8,,28,31.276500701904297,32.25189971923828,5,285.8,
350154,300893,HESG,9843,148,Asphalt,0,0,15,,,,,,33,,,,,
235573,3198,HESH,10108,148,ASP,1,0,04L,27.9685001373291,34.382598876953125,134,42.8,,22R,27.98889923095703,34.403900146484375,119,222.8,
235572,3198,HESH,10108,148,ASP,1,0,04R,27.965700149536133,34.38600158691406,114,42.8,,22L,27.986099243164062,34.40729904174805,117,222.8,
235624,3199,HESN,11161,148,ASP,1,0,17,23.9795,32.817299,610,171,,35,23.9492,32.822601,654,351,
335335,335334,HESX,11975,197,PEM,1,0,16R,30.1241,30.8911,464,165,,34L,30.0923,30.9004,500,345,
238961,3247,HJJJ,10171,148,ASP,1,0,13,4.87902,31.592899,1503,130,,31,4.865,31.6094,1505,310,
237276,3205,HKEL,11480,147,ASP,1,0,08,0.4009140133857727,35.22129821777344,6838,79,,26,0.40710800886154175,35.25210189819336,6838,259,
237261,3206,HKJK,13507,148,ASP,1,0,06,-1.327589988708496,36.91640090942383,5330,54,,24,-1.305709958076477,36.9463005065918,5281,234,
237260,3208,HKKI,10823,148,ASP,1,0,06,-0.09571799635887146,34.71080017089844,3749,62,984,24,-0.08158999681472778,34.736900329589844,3792,242,495
237262,3213,HKMO,10991,151,ASP,1,0,03,-4.039519786834717,39.59170150756836,190,29,,21,-4.013090133666992,39.60639953613281,199,209,
237263,3213,HKMO,4473,118,ASP,0,0,15,-4.029829978942871,39.591400146484375,177,150,,33,-4.0405402183532715,39.59749984741211,184,330,
237464,3219,HLGD,11807,148,ASP,0,0,13,31.067800521850586,16.589799880981445,,134.2,,31,31.04509925842285,16.616899490356445,,314.2,
237465,3219,HLGD,11807,148,ASP,0,0,18,31.07509994506836,16.594900131225586,,179.6,,36,31.042699813842773,16.595300674438477,,359.6,
237486,3223,HLLB,11732,148,ASP,1,0,15L,32.11159896850586,20.261499404907227,372,150.5,,33R,32.083499908447266,20.28019905090332,433,330.5,
237485,3223,HLLB,11731,148,ASP,1,0,15R,32.110198974609375,20.258699417114258,372,150.5,,33L,32.08209991455078,20.27739906311035,429,330.5,
237449,3224,HLLM,6000,148,ASP,0,1,03,32.89189910888672,13.273099899291992,36,30,,21,32.90610122680664,13.28279972076416,13,210,
237450,3224,HLLM,11155,148,ASP,1,0,10,32.89577865600586,13.270360946655273,30,103,,28,32.88783264160156,13.304944038391113,26,283,
237474,3225,HLLQ,6214,190,ASP,0,0,03,32.780601501464844,21.958900451660156,2267,30,,21,32.7953987121582,21.968799591064453,2208,210,
237475,3225,HLLQ,11824,148,ASP,0,0,10,32.794498443603516,21.934099197387695,2156,102.8,,28,32.78730010986328,21.971599578857422,2157,282.8,
238617,3237,HRYR,11483,148,ASP,1,0,10,-1.96589994430542,30.123899459838867,4881,100,,28,-1.9713499546051025,30.155000686645508,4877,280,705
238962,3246,HSPN,8202,148,ASP,1,0,16,19.444599,37.231499,135,165,,34,19.4226,37.236698,136,345,
238964,3249,HSSK,9751,148,Asphalt,1,0,18,15.602999687194824,32.553001403808594,1265,177,,36,15.576000213623047,32.55329895019531,1260,357,
239367,3251,HTDA,9843,151,ASP,1,0,05,-6.88286018371582,39.19779968261719,173,45,,23,-6.863719940185547,39.21699905395508,161,225,
239368,3251,HTDA,3280,98,ASP,0,0,14,-6.873589992523193,39.197898864746094,182,135,,32,-6.88001012802124,39.20429992675781,169,315,
239371,3254,HTKJ,11811,148,ASP,1,0,09,-3.43016,37.0583,2932,87,,27,-3.42875,37.090698,2902,267,
239361,3257,HTMW,10212,148,ASP,1,0,12,-2.438230037689209,32.920101165771484,3730,116,300,30,-2.450740098953247,32.9452018737793,3763,296,
239362,3260,HTZA,9915,148,ASP,1,0,18,-6.21097993850708,39.22380065917969,54,174,,36,-6.233069896697998,39.22600173950195,51,354,
239374,3263,HUEN,7900,150,ASP,0,0,12,0.05122800171375275,32.4390983581543,3778,121,,30,0.039806000888347626,32.45790100097656,3752,301,
239375,3263,HUEN,12000,150,ASP,1,0,17,0.05559699982404709,32.4359016418457,3780,171,,35,0.02291399985551834,32.44110107421875,3745,351,
530534,342093,IN-0276,12139,148,ASP,1,0,08,18.9824,73.0479,32,82,,26,18.98684,73.0827,30,262,
530535,342093,IN-0276,12139,197,ASP,1,0,08R,,,,,,26L,,,,,
609284,597786,IN-0392,12975,148,ASPH,1,0,10,28.183466,77.592438,653,102,,28,28.176308,77.631302,650,282,
253207,16091,KABQ,10000,150,CONC-G,0,0,03,35.02220153808594,-106.63099670410156,5305,45,,21,35.04169845581055,-106.60700225830078,5316,225,
253208,16091,KABQ,13793,150,CONC-G,0,0,08,35.0443000793457,-106.62200164794922,5315,90,,26,35.04410171508789,-106.57599639892578,5355,270,
253209,16091,KABQ,6000,150,CONC-G,0,0,12,35.04349899291992,-106.62100219726562,5312,129,,30,35.033199310302734,-106.6050033569336,5314,309,
253210,16091,KABQ,10000,150,ASPH-CONC-F,0,1,17,35.057701,-106.611,5321,183,,35,35.0303,-106.612999,5314,3,
245818,3371,KALB,8500,150,ASP,1,0,01,42.737202,-73.804298,285,358,,19,42.756901,-73.805099,279,178,
245819,3371,KALB,7200,150,ASP,1,0,10,42.74919891357422,-73.81210327148438,277,88,,28,42.74980163574219,-73.7853012084961,278,268,1201
243551,3384,KATL,9000,150,CON,1,0,08L,33.64950180053711,-84.43900299072266,1015,90,,26R,33.64950180053711,-84.40950012207031,990,270,
243550,3384,KATL,9999,150,CON,1,0,08R,33.64680099,-84.43840027,1024,90,,26L,33.64680099,-84.40550232,995,270,
243553,3384,KATL,12390,150,CON,1,0,09L,33.63470078,-84.44799805,1019,90,,27R,33.63470078,-84.4088974,978,270,
243552,3384,KATL,9000,150,CON,1,0,09R,33.63180161,-84.44799805,1026,90,,27L,33.63180161,-84.41840363,985,270,
243554,3384,KATL,9000,150,CON,1,0,10,33.62030029296875,-84.4478988647461,1000,90,,28,33.62030029296875,-84.41829681396484,998,270,
243456,3386,KAUS,9000,150,CON,1,0,18L,30.2038,-97.657898,492,179,,36R,30.1791,-97.657204,474,359,
243455,3386,KAUS,12250,150,CON,1,0,18R,30.2136,-97.679398,542,179,,36L,30.179899,-97.678497,488,359,
245311,3396,KBDL,9510,200,ASP,1,0,06,41.931999,-72.696602,173,44,,24,41.950699,-72.672096,161,224,
245310,3396,KBDL,5145,100,ASP,0,1,1,41.931301,-72.679604,171,359,,19,41.9454,-72.679901,169,179,
245312,3396,KBDL,6847,150,ASP,1,0,15,41.94240188598633,-72.69329833984375,169,135,,33,41.929298400878906,-72.67530059814453,168,315,
245127,3406,KBHM,12007,150,ASP,1,0,06,33.554798,-86.771599,603,55,,24,33.5704,-86.744499,621,235,1205
245128,3406,KBHM,7099,150,ASP,1,0,18,33.5732,-86.7472,644,180,,36,33.553699,-86.7472,633,360,
243616,3420,KBNA,8001,150,CON,1,0,02C,36.10329818725586,-86.68800354003906,569,18,455,20C,36.12419891357422,-86.67960357666016,572,198,
243618,3420,KBNA,7704,150,CON,1,0,02L,36.11769867,-86.68650055,599,17.6,,20R,36.13779831,-86.6785965,555,197.6,
243617,3420,KBNA,8001,150,CON,1,0,02R,36.11270142,-86.66760254,590,18,,20L,36.13359833,-86.65930176,540,198,
243619,3420,KBNA,11030,150,ASP,1,0,13,36.141300201416016,-86.69539642333984,543,133.3,801,31,36.12049865722656,-86.66819763183594,577,313.3,741
241006,3421,KBOI,5000,75,ASP,0,1,09,43.54180145263672,-116.20800018310547,2884,105,,27,43.53820037841797,-116.19000244140625,2919,285,
241008,3421,KBOI,10000,150,ASP,1,0,10L,43.5702018737793,-116.23699951171875,2831,115.1,,28R,43.55860137939453,-116.2030029296875,2871,295.1,
241007,3421,KBOI,9763,150,ASP,1,0,10R,43.56999969482422,-116.24299621582031,2824,115.1,,28L,43.55870056152344,-116.20899963378906,2858,295.1,
240222,3422,KBOS,7864,150,ASP,1,0,04L,42.357997,-71.014344,14,20,,22R,42.378322,-71.004511,15,200,825
240221,3422,KBOS,10006,150,ASP,1,0,04R,42.351064,-71.011801,18,20,1154,22L,42.376923,-70.999288,16,200,1200
240223,3422,KBOS,7001,150,ASP,1,0,09,42.35580063,-71.01290131,17,77,,27,42.36019897,-70.98770142,15,257,
250377,3422,KBOS,5000,100,ASPH-G,0,0,14,42.35660171508789,-71.02330017089844,17,125,,32,42.34859848022461,-71.0082015991211,20,305,
240225,3422,KBOS,2557,100,ASP,1,0,15L,42.373600006103516,-71.00910186767578,15,135,,33R,42.36859893798828,-71.00250244140625,14,315,
240224,3422,KBOS,10083,150,ASP,1,0,15R,42.374298095703125,-71.01789855957031,17,135,880,33L,42.35459899902344,-70.9916000366211,15,315,
245233,3431,KBUF,8829,150,ASP,1,0,05,42.93119812,-78.74169922,679,43.8,324,23,42.94720078,-78.72070313,721,223.8,
245234,3431,KBUF,7161,150,ASP,1,0,14,42.9468994140625,-78.74169921875,698,126.8,320,32,42.93519973754883,-78.72019958496094,709,306.8,720
243001,3432,KBUR,5802,150,ASP,1,0,08,34.197918,-118.369165,727,91,,26,34.197654,-118.349982,697,271,
243002,3432,KBUR,6886,150,ASP,1,0,15,34.212342,-118.360479,768,167,909,33,34.193908,-118.355392,698,347,350
245650,3435,KBWI,6000,150,ASP,1,1,04,39.166901,-76.671402,146,33,,22,39.180698,-76.659798,138,213,
245651,3435,KBWI,10503,150,ASP,1,0,10,39.17470169,-76.68959808,141,94.2,550,28,39.17259979,-76.65270233,129,274.2,
245653,3435,KBWI,5000,100,ASP,1,0,15L,39.187400817871094,-76.66349792480469,142,144.2,,33R,39.17620086669922,-76.6531982421875,114,324.2,
245652,3435,KBWI,9501,150,ASP,1,0,15R,39.18539810180664,-76.68199920654297,139,144.2,,33L,39.16419982910156,-76.66239929199219,129,324.2,
245051,3450,KCHS,7000,150,ASP,1,0,03,32.88479996,-80.04560089,21,24.4,,21,32.90230179,-80.03620148,41,204.4,
245052,3450,KCHS,9001,150,CON,1,0,15,32.9129982,-80.04810333,43,147.4,,33,32.89220047,-80.03230286,39,327.4,
240929,3454,KCLE,7096,150,CON,1,1,06C,41.404598236083984,-81.86150360107422,770,50,,24C,41.41709899902344,-81.8416976928711,784,230,
240932,3454,KCLE,6018,150,concrete,1,0,10,41.417024,-81.854233,762,93,,28,41.416071,-81.832369,791,273,
240931,3454,KCLE,9000,150,CON,1,0,6L,41.399887,-81.873479,770,50,,24R,41.415762,-81.848396,780,230,
240930,3454,KCLE,9953,150,CON,1,0,6R,41.401156,-81.864447,767,50,,24L,41.415312,-81.842067,786,230,
245926,3457,KCLT,7502,150,PEM,1,1,05,35.209099,-80.949699,706,49,,23,35.2225,-80.931396,747,229,
248058,3457,KCLT,10000,150,CONC-F,0,0,18C,35.22710037231445,-80.9531021118164,742,176,,36C,35.20029830932617,-80.95079803466797,692,356,
245928,3457,KCLT,8676,150,PEM,1,0,18L,35.22439956665039,-80.93609619140625,746,176,,36R,35.20119857788086,-80.93409729003906,724,356,
245927,3457,KCLT,9000,150,CON,1,0,18R,35.22499847,-80.9673996,742,176,,36L,35.20090103,-80.96530151,693,356,
244547,3458,KCMH,8000,150,ASP,1,0,10L,40.00320053100586,-82.90760040283203,815,94.2,,28R,40.0015983581543,-82.87920379638672,812,274.2,
244546,3458,KCMH,10114,150,ASP,1,0,10R,39.99560165,-82.9088974,803,94.2,,28L,39.99349976,-82.87290192,814,274.2,
245222,3463,KCOS,8272,150,ASP,1,0,12,38.8232,-104.714996,6173,135,,30,38.807098,-104.695,6135,315,355
245224,3463,KCOS,13500,150,CON,1,0,17L,38.81610107,-104.685997,6187,180,,35R,38.77899933,-104.685997,6103,,
245223,3463,KCOS,11022,150,ASP,1,0,17R,38.824100494384766,-104.71600341796875,6177,180.1,,35L,38.793800354003906,-104.71600341796875,6045,0.1,
240940,3471,KCVG,12001,150,PEM,1,0,09,39.04639816,-84.69509888,883,90,,27,39.04629898,-84.65280151,875,270,
240941,3471,KCVG,11000,150,PEM,1,0,18C,39.064701080322266,-84.6686019897461,875,180,,36C,39.03450012207031,-84.668701171875,841,360,
240943,3471,KCVG,10000,150,CON,1,0,18L,39.05590057373047,-84.64669799804688,886,180,,36R,39.02840042114258,-84.64679718017578,896,360,
240942,3471,KCVG,8000,150,CON,1,0,18R,39.070899963378906,-84.68370056152344,866,180.2,,36L,39.04890060424805,-84.68379974365234,873,0.2,
241143,3479,KDAL,7752,150,CON,1,0,13L,32.8572998046875,-96.85679626464844,477,135.6,,31R,32.84199905395508,-96.83910369873047,487,315.6,
241142,3479,KDAL,8800,150,CON,1,0,13R,32.85129928588867,-96.8635025024414,476,135.6,490,31L,32.83399963378906,-96.84339904785156,476,315.6,
241144,3479,KDAL,6147,150,ASP,0,1,18,32.858699798583984,-96.85320281982422,480,186,,36,32.841800689697266,-96.8551025390625,482,6,
241380,3483,KDCA,7169,150,ASP,1,0,01,38.84239959716797,-77.03679656982422,12,356,,19,38.86119842529297,-77.0386962890625,13,176,
241381,3483,KDCA,5000,150,ASP,1,0,04,38.84230041503906,-77.04080200195312,13,26,,22,38.854400634765625,-77.0333023071289,11,206,
241382,3483,KDCA,5204,150,ASP,1,0,15,38.861698150634766,-77.0438003540039,15,142.7,,33,38.85029983520508,-77.03269958496094,11,322.7,
244458,3486,KDEN,12000,150,CON,1,0,07,39.84090042114258,-104.72699737548828,5347,90.5,,25,39.8406982421875,-104.68399810791016,5352,270.5,
244459,3486,KDEN,12000,150,CON,1,0,08,39.877601623535156,-104.66200256347656,5351,90.5,,26,39.877201080322266,-104.61900329589844,5291,270.5,
244461,3486,KDEN,12000,150,CON,1,0,16L,39.89699935913086,-104.68699645996094,5347,180.5,,34R,39.86410140991211,-104.68699645996094,5351,0.5,
244460,3486,KDEN,16000,200,CON,1,0,16R,39.89580154418945,-104.69599914550781,5319,180.5,,34L,39.851898193359375,-104.6969985961914,5324,0.5,
244463,3486,KDEN,12000,150,CON,1,0,17L,39.8650016784668,-104.64099884033203,5325,180.5,,35R,39.832000732421875,-104.64199829101562,5367,0.5,
244462,3486,KDEN,12000,150,CON,1,0,17R,39.86119842529297,-104.66000366210938,5374,180.5,,35L,39.82830047607422,-104.66100311279297,5431,0.5,
243410,3488,KDFW,9000,200,CON,1,0,13L,32.912601470947266,-97.02149963378906,550,135.3,625,31R,32.89500045776367,-97.00080108642578,508,315.3,
243409,3488,KDFW,9300,150,CON,1,0,13R,32.9095993,-97.08309937,591,139,,31L,32.89030075,-97.06330109,577,319,
243411,3488,KDFW,13400,150,CON,1,0,17C,32.91569901,-97.02600098,562,180.3,,35C,32.87889862,-97.02619934,562,0.3,
243413,3488,KDFW,8500,150,CON,1,0,17L,32.89830017089844,-97.00980377197266,524,180.3,,35R,32.875,-97.00990295410156,575,0.3,
243412,3488,KDFW,13400,200,CON,1,0,17R,32.91569901,-97.0298996,567,180.3,,35L,32.87889862,-97.03009796,563,0.3,
243415,3488,KDFW,13401,200,CON,1,0,18L,32.91579819,-97.05069733,602,180.2,,36R,32.87900162,-97.05090332,575,0.2,
243414,3488,KDFW,13400,150,CON,1,0,18R,32.91579818725586,-97.05460357666016,607,180.3,,36L,32.87900161743164,-97.05480194091797,582,0.3,
244170,3496,KDSM,9004,150,ASP,1,0,05,41.52339935,-93.67710114,916,54,,23,41.53789902,-93.65059662,935,234,
244171,3496,KDSM,9001,150,ASP,1,0,13,41.54560089111328,-93.67449951171875,912,132,,31,41.52899932861328,-93.65019989013672,958,312,
243014,3497,KDTW,8501,150,PEM,1,0,03L,42.20780182,-83.35119629,636,29,,21R,42.22829819,-83.33609772,632,209,
243013,3497,KDTW,10001,150,CON,1,0,03R,42.19559860229492,-83.35179901123047,633,29,,21L,42.21969985961914,-83.33409881591797,632,209,
243016,3497,KDTW,10000,150,CON,1,0,04L,42.20220184326172,-83.38400268554688,645,28.7,,22R,42.226200103759766,-83.36630249023438,642,208.7,
243015,3497,KDTW,12003,200,CON,1,0,04R,42.202301025390625,-83.37129974365234,637,29,,22L,42.231201171875,-83.3499984741211,636,209,
243018,3497,KDTW,8708,150,PEM,1,0,09L,42.21699905,-83.36319733,638,89,,27R,42.21749878,-83.33100128,635,269,
243017,3497,KDTW,8500,150,CON,1,0,09R,42.19900131225586,-83.36170196533203,636,89,,27L,42.199501037597656,-83.33039855957031,629,269,
241949,3512,KELP,12020,150,ASP,1,0,04,31.80150032043457,-106.4000015258789,3917,50,,22,31.822799682617188,-106.37000274658203,3945,230,
241951,3512,KELP,5499,75,ASP,1,0,08L,31.8057003,-106.3700027,3952,88.3,,26R,31.80620003,-106.3519974,3949,268.3,
241950,3512,KELP,9025,150,ASP,1,0,08R,31.802200317382812,-106.39199829101562,3925,93.3,,26L,31.800800323486328,-106.36299896240234,3958,273.3,
240989,3521,KEWR,6725,150,ASP,1,0,11,40.702815,-74.180748,18,95,,29,40.701203,-74.156502,10,275,235
240988,3521,KEWR,11000,150,ASP,1,0,4L,40.675392,-74.179456,10,26,2543,22R,40.70257,-74.16217,10,206,1423
240987,3521,KEWR,9999,150,ASP,1,0,4R,40.677588,-74.174253,11,26,1190,22L,40.702299,-74.158539,10,206,1800
243596,3524,KFAT,9539,150,ASP,1,0,11L,36.78350067,-119.7289963,333,125.4,,29R,36.76879883,-119.7040024,333,305.4,
243595,3524,KFAT,8008,150,ASP,1,0,11R,36.782001,-119.730003,331,125,,29L,36.7705,-119.709999,330,305,
241503,3531,KFLL,9000,150,ASP,1,0,10L,26.076900482177734,-80.16649627685547,6,90,577,28R,26.076799392700195,-80.13909912109375,5,270,604
241502,3531,KFLL,8000,150,ASP,1,0,10R,26.065885543823242,-80.1583480834961,10,90,,28L,26.06574249267578,-80.13398742675781,65,270,
240665,3552,KGEG,11002,150,ASP,1,0,03,47.613899,-117.543999,2385,45,,21,47.631199,-117.517998,2322,225,
240666,3552,KGEG,8199,150,ASP,1,0,08,47.617001,-117.553001,2376,90,,26,47.616798,-117.519997,2372,270,
243568,3566,KGRR,5001,100,CON,1,0,08L,42.88880157,-85.54019928,786,81.3,,26R,42.89089966,-85.52179718,784,261.3,
243567,3566,KGRR,10001,150,CON,1,0,08R,42.87659836,-85.54219818,792,81.3,,26L,42.88079834,-85.50530243,790,261.3,
243569,3566,KGRR,8501,150,CON,1,0,17,42.88949966430664,-85.51930236816406,782,171.3,,35,42.86650085449219,-85.5145034790039,789,351.3,
244086,3568,KGSO,9000,150,ASPH,1,0,05L,36.099300384521484,-79.95909881591797,916,46,,23R,36.11640167236328,-79.93710327148438,856,226,
256636,3568,KGSO,10001,150,PEM,1,0,05R,36.091099,-79.944702,900,46,,23L,36.1101,-79.920303,886,226,
244087,3568,KGSO,6380,150,ASP,1,0,14,36.0994987487793,-79.95240020751953,926,135.1,,32,36.087100982666016,-79.93720245361328,900,315.1,
573980,339963,KH-0001,10498,148,concrete,0,0,03,,,,,,21,,,,,
600468,342098,KH-0002,13123,197,CON,1,0,05,11.3478,104.9078,,47,,23,11.3723,104.9347,,227,
242042,3588,KHOU,7602,150,CON,1,0,04,29.63909912109375,-95.2853012084961,42,44,,22,29.654199600219727,-95.2686996459961,39,224,
242044,3588,KHOU,5148,100,CON,1,0,13L,29.652599,-95.283897,45,134,,31R,29.642799,-95.272202,40,314,
242043,3588,KHOU,7602,150,ASP,1,0,13R,29.6509,-95.2855,46,134,1034,31L,29.6364,-95.268303,42,314,200
242045,3588,KHOU,6000,150,PEM,1,1,17,29.652399,-95.284698,45,179,,35,29.6359,-95.284302,43,359,
250849,3602,KIAD,11500,150,CONC-G,1,0,01C,38.93909836,-77.45980072,286,1,,19C,38.97060013,-77.45929718,269,181,
243968,3602,KIAD,9400,150,CON,1,0,01L,38.945,-77.47482,286,1,,19R,38.97078,-77.47445,269,181,
243967,3602,KIAD,11500,150,CON,1,0,01R,38.92380142211914,-77.4364013671875,312,0.7,,19L,38.955299377441406,-77.43599700927734,293,180.7,
243969,3602,KIAD,10501,150,CON,1,0,12,38.94380187988281,-77.49040222167969,310,110.6,,30,38.93360137939453,-77.45590209960938,288,290.6,
241822,3604,KIAH,9000,150,CON,1,0,08L,30.007200241088867,-95.35880279541016,92,89.9,,26R,30.007200241088867,-95.33039855957031,95,269.9,
241821,3604,KIAH,9402,150,CON,1,0,08R,29.99340057373047,-95.3550033569336,95,89.9,,26L,29.99340057373047,-95.32530212402344,92,269.9,
241823,3604,KIAH,10000,150,ASP,1,0,09,29.97760009765625,-95.33409881591797,91,90,,27,29.97760009765625,-95.30249786376953,84,270,
241825,3604,KIAH,12001,150,CON,1,0,15L,29.987899780273438,-95.35790252685547,97,152,,33R,29.958799362182617,-95.33999633789062,86,332,
241824,3604,KIAH,10000,150,CON,1,0,15R,29.9878006,-95.36139679,95,152,,33L,29.96349907,-95.34649658,88,332,
242275,3610,KIND,11200,150,CON,1,0,05L,39.70640182495117,-86.32080078125,738,44.5,,23R,39.72829818725586,-86.29290008544922,783,224.5,
242274,3610,KIND,10000,150,CON,1,0,05R,39.700199127197266,-86.30439758300781,789,44.6,,23L,39.71979904174805,-86.27950286865234,788,224.6,
242276,3610,KIND,7278,150,ASP,1,0,14,39.73419952,-86.2888031,788,134.6,,32,39.71960068,-86.26959991,781,314.6,
243903,3620,KJAX,10000,150,CON,1,0,08,30.496200561523438,-81.69999694824219,29,71,,26,30.505399703979492,-81.66999816894531,26,251,
243904,3620,KJAX,7701,150,CON,1,0,14,30.49220085144043,-81.70079803466797,27,131,,32,30.4783992767334,-81.68229675292969,24,311,
244968,3622,KJFK,12079,200,PEM,1,0,04L,40.622002,-73.785599,12,31,463,22R,40.6488,-73.764702,13,211,2696
244967,3622,KJFK,8400,200,ASP,1,0,04R,40.62540054321289,-73.77030181884766,13,30.6,,22L,40.645198822021484,-73.75489807128906,13,210.6,
244970,3622,KJFK,10000,200,PEM,1,0,13L,40.657799,-73.790199,13,121,905,31R,40.6437,-73.7593,13,301,1030
244969,3622,KJFK,14511,200,PEM,1,0,13R,40.648399,-73.816704,13,121,2043,31L,40.627899,-73.771599,13,301,3263
245934,3631,KLAS,9770,150,CON,1,0,01L,36.07529831,-115.1699982,2176,25,587,19R,36.09769821,-115.1579971,2083,205,
245933,3631,KLAS,9769,150,ASP,1,0,01R,36.074167,-115.1675,2170,25,491,19L,36.0985,-115.1535,2080,205,
245936,3631,KLAS,14835,150,ASP,1,0,08L,36.076333,-115.171333,2155,90,2139,26R,36.076333,-115.121,2044,270,
245935,3631,KLAS,10526,150,ASP,1,0,08R,36.07360076904297,-115.16100311279297,2157,90,,26L,36.073699951171875,-115.1259994506836,2048,270,
240920,3632,KLAX,8926,150,CON,1,0,6L,33.949119,-118.431187,112,83,,24R,33.952112,-118.401954,117,263,
240919,3632,KLAX,10859,150,CON,1,0,6R,33.94682,-118.434693,108,83,530,24L,33.95047,-118.399063,111,263,800
240922,3632,KLAX,12894,150,CON,1,0,7L,33.935556,-118.422089,119,83,830,25R,33.939881,-118.379794,94,263,950
240921,3632,KLAX,11095,200,CON,1,0,7R,33.933659,-118.419074,118,83,,25L,33.937371,-118.3827,95,263,
243692,3643,KLGA,7002,150,ASP,1,0,04,40.76919937,-73.88410187,22,32,,22,40.78540039,-73.87069702,13,212,
243693,3643,KLGA,7002,150,ASP,1,0,13,40.78229904,-73.87850189,13,122,,31,40.77209854,-73.85710144,8,302,
333613,3643,KLGA,60,60,ASP,0,1,H1,,,,,,H1,,,,,
242235,3644,KLGB,6192,150,ASP,1,0,08L,33.822766,-118.163532,52,90,1305,26R,33.822704,-118.143164,39,270,532
242234,3644,KLGB,3918,100,ASP,1,0,08R,33.813904,-118.161311,50,90,,26L,33.813908,-118.148445,29,270,
242236,3644,KLGB,10000,200,ASP,1,0,12,33.826209,-118.161553,52,135,1350,30,33.80687,-118.13816,30,315,2000
242238,3644,KLGB,4267,75,ASP,0,1,16L,33.823001861572266,-118.14800262451172,40,180.2,415,34R,33.81129837036133,-118.14800262451172,33,0.2,292
242237,3644,KLGB,4470,75,ASP,1,1,16R,33.82490158081055,-118.15599822998047,50,179.9,310,34L,33.812599182128906,-118.15599822998047,41,359.9,
240448,3668,KMCI,10801,150,CON,1,0,01L,39.29330062866211,-94.72930145263672,1011,12.9,,19R,39.322200775146484,-94.7208023071289,977,192.9,
240447,3668,KMCI,9500,150,CON,1,0,01R,39.28150177001953,-94.70899963378906,1016,12.9,,19L,39.30690002441406,-94.70149993896484,978,192.9,
240449,3668,KMCI,9501,150,ASP,1,0,09,39.29090118,-94.72660065,1014,96.1,,27,39.2881012,-94.69319916,1026,276.1,
245952,3670,KMCO,9001,150,ASP,1,0,17L,28.44370079,-81.2826004,90,179.5,,35R,28.41889954,-81.28230286,90,359.5,
245951,3670,KMCO,10000,150,CON,1,0,17R,28.43560028076172,-81.2958984375,90,179,,35L,28.408100128173828,-81.29560089111328,87,359,
245954,3670,KMCO,12005,200,PEM,1,0,18L,28.448299407958984,-81.32230377197266,93,179,,36R,28.415300369262695,-81.3219985961914,91,359,
245953,3670,KMCO,12004,200,CON,1,0,18R,28.448299407958984,-81.3270034790039,93,179,,36L,28.415300369262695,-81.32659912109375,91,359,
244434,3673,KMDW,5507,150,ASP,1,0,04L,41.78139877319336,-87.76119995117188,617,43,758,22R,41.792301177978516,-87.74729919433594,606,223,878
244433,3673,KMDW,6445,150,PEM,1,0,04R,41.77920151,-87.75930023,619,43,518,22L,41.79199982,-87.74310303,606,223,
244435,3673,KMDW,6522,150,CON,1,0,13L,41.791599,-87.761101,608,134,463,31R,41.779202,-87.743698,612,314,696
244437,3673,KMDW,5141,150,ASP,1,1,13LC,41.792301,-87.757896,606,134,752,31RC,41.7826,-87.744301,608,314,
244436,3673,KMDW,3859,60,CON,1,0,13R,41.78810119628906,-87.75879669189453,607,134,,31L,41.780799865722656,-87.74859619140625,613,314,
240800,3675,KMEM,8946,150,ASP,1,0,09,35.05860137939453,-89.98570251464844,253,92,,27,35.05780029296875,-89.95590209960938,292,272,
240801,3675,KMEM,11120,150,CON,1,0,18C,35.05459976196289,-89.9761962890625,271,179,,36C,35.02410125732422,-89.97550201416016,341,359,
240803,3675,KMEM,9000,150,CON,1,0,18L,35.04880142211914,-89.9729995727539,278,179,,36R,35.02410125732422,-89.97239685058594,335,359,
240802,3675,KMEM,9320,150,CON,1,0,18R,35.04949951171875,-89.98739624023438,288,179,,36L,35.02389907836914,-89.98690032958984,321,359,
242150,3685,KMIA,8600,150,ASP,1,0,08L,25.802900314331055,-80.30149841308594,8,87.4,,26R,25.804000854492188,-80.27539825439453,8,267.4,
242149,3685,KMIA,10506,200,ASP,1,0,08R,25.80069923400879,-80.30139923095703,8,87,,26L,25.802000045776367,-80.26950073242188,8,267,
242151,3685,KMIA,13016,150,ASP,1,0,09,25.7861,-80.314796,7,87,1350,27,25.787701,-80.275398,8,267,267
242152,3685,KMIA,9360,150,ASP,1,0,12,25.799299,-80.3023,8,119,950,30,25.7866,-80.277496,8,299,
243985,3690,KMKE,9990,200,PEM,1,0,01L,42.93130112,-87.89749908,704,7,,19R,42.95769882,-87.89299774,671,187,
243984,3690,KMKE,4182,150,ASP,1,0,01R,42.93939972,-87.89240265,677,7.2,,19L,42.95080185,-87.89040375,670,187.2,
243987,3690,KMKE,4797,100,ASP,1,0,07L,42.95270157,-87.90529633,672,71,,25R,42.95690155,-87.88829803,674,251,
243986,3690,KMKE,8300,150,PEM,1,0,07R,42.9394989,-87.915802,723,72,,25L,42.94649887,-87.88739777,670,252,
243988,3690,KMKE,5537,150,ASP,1,0,13,42.95809937,-87.90339661,670,132,741,31,42.94729996,-87.8871994,669,312,
245737,3709,KMSP,11006,150,CON,1,0,04,44.87229919433594,-93.23829650878906,832,45,1550,22,44.89360046386719,-93.20829772949219,827,225,988
245739,3709,KMSP,8200,150,PEM,1,0,12L,44.89289856,-93.22100067,838,121.3,,30R,44.88130188,-93.19400024,819,301.3,
245738,3709,KMSP,10000,200,PEM,1,0,12R,44.88779830932617,-93.23410034179688,841,121.3,,30L,44.87350082397461,-93.20120239257812,813,301.3,
245740,3709,KMSP,8000,150,CON,1,0,17,44.88779830932617,-93.24220275878906,840,169.5,,35,44.8661994934082,-93.23660278320312,833,349.5,
245800,3711,KMSY,7002,150,ASP,1,0,02,29.98450089,-90.25140381,3,15,,20,30.00309944,-90.24549866,,195,
245801,3711,KMSY,3570,150,ASP,1,1,06,29.99180030822754,-90.2572021484375,2,60.4,,24,29.996700286865234,-90.24749755859375,1,240.4,
245802,3711,KMSY,10104,150,PEM,1,0,11,29.996599197387695,-90.28170013427734,4,106,,29,29.989200592041016,-90.2509994506836,2,286,304
241262,3717,KMYR,9503,150,ASP,1,0,18,33.692501068115234,-78.93150329589844,22,168,,36,33.66699981689453,-78.92510223388672,21,348,
240401,3744,KOAK,5457,150,ASP,1,0,10L,37.73049927,-122.2220001,6,112.2,,28R,37.72480011,-122.2050018,6,292.2,
240400,3744,KOAK,6213,150,ASP,1,0,10R,37.72869873046875,-122.22599792480469,8,112,,28L,37.7223014831543,-122.20600128173828,8,292,
240402,3744,KOAK,10520,150,ASP,1,0,12,37.71910095,-122.2409973,8,130,,30,37.70149994,-122.2139969,9,310,
240403,3744,KOAK,3376,75,ASP,1,0,15,37.740299224853516,-122.2229995727539,2,165,,33,37.73139953613281,-122.22000122070312,4,345,
245813,3747,KOKC,7800,150,PEM,1,0,13,35.404598236083984,-97.61589813232422,1279,135.1,,31,35.389400482177734,-97.59739685058594,1286,315.1,
245815,3747,KOKC,9802,150,CON,1,0,17L,35.40520095825195,-97.58889770507812,1286,180,,35R,35.37820053100586,-97.58889770507812,1283,360,
245814,3747,KOKC,9801,150,CON,1,0,17R,35.40589905,-97.60569763,1282,180,,35L,35.37900162,-97.60569763,1263,360,
245816,3747,KOKC,3079,75,ASP,1,0,18,35.39350128173828,-97.60769653320312,1275,180,,36,35.385398864746094,-97.60769653320312,1271,360,
240420,3751,KOMA,8500,150,CON,1,0,14L,41.313499450683594,-95.90039825439453,982,144.4,,32R,41.29460144042969,-95.88240051269531,981,324.4,
240419,3751,KOMA,9502,150,PEM,1,0,14R,41.31380081176758,-95.90609741210938,983,144.4,,32L,41.292598724365234,-95.88590240478516,980,324.4,
240421,3751,KOMA,8154,150,PEM,1,0,18,41.31340027,-95.89450073,981,180,140,36,41.29100037,-95.89459991,978,360,
244218,3752,KONT,12197,150,CON,1,0,08L,34.05690002,-117.6230011,943,90,998,26R,34.05690002,-117.5830002,930,270,
244217,3752,KONT,10200,150,CON,1,0,08R,34.05500030517578,-117.61599731445312,935,90,,26L,34.05500030517578,-117.58300018310547,924,270,
245379,3754,KORD,7500,150,ASP,1,0,04L,41.9817008972168,-87.91390228271484,656,39,,22R,41.997501373291016,-87.89640045166016,648,219,
245378,3754,KORD,8075,150,ASP,1,0,04R,41.95330047607422,-87.89939880371094,661,42,,22L,41.96989822387695,-87.87979888916016,651,222,
341154,3754,KORD,11245,200,concrete,1,0,09C,41.98831,-87.931584,,90,,27C,41.988326,-87.890211,,270,
245381,3754,KORD,7500,150,ASP,1,0,09L,42.002830505371094,-87.92667388916016,668,90,,27R,42.002830505371094,-87.89908599853516,664,270,
245380,3754,KORD,11260,150,ASP,1,0,09R,41.98389816,-87.91835022,660,90,,27L,41.98389816,-87.88905334,650,270,
313229,3754,KORD,10800,200,CON,1,0,10C,41.96569824,-87.9315033,669,90,,28C,41.96569824,-87.89179993,650,270,
250468,3754,KORD,13000,150,CON,1,0,10L,41.96900177001953,-87.93150329589844,672,90,,28R,41.96910095214844,-87.88369750976562,651,270,
351832,3754,KORD,7500,150,CONCRETE,1,0,10R,41.95719909667969,-87.92790222167969,680,90,,28L,41.957244873046875,-87.9002914428711,658,270,
245383,3754,KORD,10005,150,ASP,1,1,14L,42.00239944458008,-87.91539764404297,653,140,,32R,41.98139953613281,-87.8917007446289,648,320,
245382,3754,KORD,9686,200,ASP,1,1,15,41.99039840698242,-87.93309783935547,666,140,,33,41.97010040283203,-87.91020202636719,654,320,
245384,3754,KORD,5332,150,ASP,1,1,18,41.997398376464844,-87.90039825439453,646,180,,36,41.9827995300293,-87.90039825439453,653,360,
242513,3755,KORF,9001,150,ASP,1,0,05,36.88589859008789,-76.20829772949219,21,38,1000,23,36.905399322509766,-76.18939971923828,15,218,
242514,3755,KORF,4876,150,ASP,1,0,14,36.89680099,-76.21219635,19,128,213,32,36.8885994,-76.1989975,22,308,
244100,3766,KPBI,10001,150,ASPH-G,1,0,10L,26.68320084,-80.10839844,19,93,1200,28R,26.68190002,-80.07779694,16,273,
244099,3766,KPBI,3214,75,ASPH-G,1,0,10R,26.68120003,-80.10630035,17,93,,28L,26.68079948,-80.09649658,14,273,
244101,3766,KPBI,6931,150,ASPH-G,1,0,14,26.69179916,-80.10399628,17,135,,32,26.67830086,-80.0891037,16,315,
244054,3768,KPDX,9825,150,ASP,1,0,10L,45.596537,-122.600062,29,119,1290,28R,45.583428,-122.566444,29,299,540
244053,3768,KPDX,11000,150,ASP,1,0,10R,45.595155,-122.62151,22,119,,28L,45.580515,-122.583901,23,299,
244052,3768,KPDX,6000,150,ASP,1,0,3,45.582405,-122.616856,22,45,,21,45.594064,-122.600255,27,225,
244467,3771,KPHL,5001,150,ASP,1,0,08,39.87829971,-75.23000336,9,75.6,,26,39.88180161,-75.21279907,36,255.6,
244469,3771,KPHL,9500,150,ASP,1,0,09L,39.86869812011719,-75.25569915771484,13,75.5,,27R,39.87519836425781,-75.222900390625,11,255.5,
244468,3771,KPHL,12000,200,ASP,1,0,09R,39.860802,-75.2752,20,76,,27L,39.868,-75.238998,9,256,
244470,3771,KPHL,6500,150,ASP,1,0,17,39.88600159,-75.23529816,9,159.1,,35,39.87200165,-75.228302,9,339.1,
240569,3772,KPHX,10300,150,ASP,1,0,07L,33.43109893798828,-112.0270004272461,1110,90,,25R,33.430999755859375,-111.99299621582031,1134,270,
240568,3772,KPHX,7800,150,CON,1,0,07R,33.42890167236328,-112.0270004272461,1111,90,,25L,33.42879867553711,-112.00199890136719,1126,270,
240570,3772,KPHX,11489,150,CON,1,0,08,33.44089889526367,-112.02999877929688,1113,90.1,898,26,33.440799713134766,-111.99199676513672,1135,270.1,
242595,3775,KPIE,6000,150,ASP,1,0,04,27.900801,-82.688301,10,40,,22,27.9125,-82.677498,5,220,
242596,3775,KPIE,5165,150,ASP,1,1,09,27.909299850463867,-82.69539642333984,10,88,,27,27.909700393676758,-82.67949676513672,5,268,
242598,3775,KPIE,8800,150,ASP,1,1,17L,27.92340087890625,-82.6906967163086,7,171,,35R,27.899499893188477,-82.68659973144531,10,351,470
242597,3775,KPIE,4000,75,ASP,1,1,17R,27.921199798583984,-82.69190216064453,6,171,,35L,27.91029930114746,-82.69000244140625,8,351,558
333327,3775,KPIE,9730,150,concrete,1,0,18,,,7,171,,36,,,10,351,
242074,3778,KPIT,10775,150,PEM,1,0,10C,40.48989868,-80.24629974,1139,92,,28C,40.48899841,-80.21140289,1134,272,
242076,3778,KPIT,10502,150,PEM,1,0,10L,40.50230026245117,-80.27120208740234,1204,91.9,,28R,40.501399993896484,-80.2333984375,1175,271.9,
242075,3778,KPIT,11500,200,CON,1,0,10R,40.486698150634766,-80.25189971923828,1135,92,,28L,40.485599517822266,-80.21060180664062,1123,272,
242077,3778,KPIT,8101,150,CON,1,0,14,40.49599838256836,-80.22489929199219,1148,136.4,,32,40.47990036010742,-80.20480346679688,1114,316.4,
242026,3783,KPNS,7000,150,ASP,1,0,08,30.47130012512207,-87.1958999633789,97,78,,26,30.475299835205078,-87.17420196533203,114,258,
242027,3783,KPNS,7004,150,ASP,1,0,17,30.482900619506836,-87.1906967163086,121,167,,35,30.464099884033203,-87.18569946289062,103,347,
245498,3792,KPSP,4953,75,ASP,1,0,13L,33.835171,-116.509682,449,144,,31R,33.824247,-116.499957,407,324,
245497,3792,KPSP,10000,150,ASP,1,0,13R,33.840685,-116.51746,451,144,3000,31L,33.818629,-116.497826,405,324,1500
242989,3795,KPVD,8700,150,ASP,1,0,05,41.71379852294922,-71.43499755859375,51,32,,23,41.730499267578125,-71.4209976196289,44,212,
242990,3795,KPVD,6081,150,ASP,1,0,16,41.7317008972168,-71.43219757080078,54,141.7,565,34,41.71860122680664,-71.41829681396484,30,321.7,
245809,3796,KPWM,7200,150,ASP,1,0,11,43.64590072631836,-70.32610321044922,77,95,,29,43.64400100708008,-70.29900360107422,43,275,
245810,3796,KPWM,6100,150,ASP,1,0,18,43.65449905,-70.30729675,45,163.3,,36,43.6413002,-70.30190277,47,343.3,
242724,3844,KRDU,10000,150,CON,1,0,05L,35.8745002746582,-78.802001953125,367,45,,23R,35.893798828125,-78.77799987792969,409,225,
242723,3844,KRDU,7500,150,ASP,1,0,05R,35.864601135253906,-78.79730224609375,397,45,,23L,35.87919998168945,-78.77940368652344,431,225,
242725,3844,KRDU,3570,100,ASP,1,0,14,35.875,-78.78269958496094,432,135,,32,35.868099212646484,-78.77420043945312,425,315,
242481,3847,KRIC,6607,150,ASP,1,0,02,37.4989013671875,-77.32969665527344,159,13.4,,20,37.51649856567383,-77.32440185546875,165,193.4,
242482,3847,KRIC,5326,100,ASP,1,1,07,37.496399,-77.325798,157,57,,25,37.5042,-77.310402,159,237,
242483,3847,KRIC,9003,150,ASP,1,0,16,37.5166015625,-77.32360076904297,167,147.6,,34,37.49570083618164,-77.30690002441406,161,327.7,
245056,3853,KRNO,6102,150,CON,1,0,08,39.4963,-119.778999,4409,90,,26,39.496201,-119.757004,4400,270,
245058,3853,KRNO,9000,150,CON,1,0,17L,39.513802,-119.766998,4415,180,,35R,39.489101,-119.766998,4408,360,
245057,3853,KRNO,11001,150,CON,1,0,17R,39.513802,-119.768997,4415,180,999,35L,39.483601,-119.768997,4410,360,
242658,3855,KROC,8001,150,ASP,1,0,04,43.10689926147461,-77.68769836425781,527,32,,22,43.1255989074707,-77.6719970703125,559,212,
242659,3855,KROC,4000,100,ASP,1,0,07,43.115699768066406,-77.67259979248047,540,62,,25,43.12099838256836,-77.65910339355469,536,242,
242660,3855,KROC,6402,150,ASP,1,0,10,43.122798919677734,-77.67649841308594,554,87,,28,43.1234016418457,-77.65589904785156,541,267,
244927,3858,KRSW,12000,150,ASP,1,0,06,26.526500701904297,-81.7699966430664,27,54,,24,26.545799255371094,-81.74030303955078,30,234,
244186,3862,KSAN,9401,200,ASP,1,0,09,32.737129,-117.204371,14,106,1000,27,32.730004,-117.17499,13,286,1806
242646,3863,KSAT,8505,150,CON,1,0,04,29.5231990814209,-98.46990203857422,786,41,,22,29.53890037536621,-98.45449829101562,762,221,
242648,3863,KSAT,5519,100,ASP,1,0,13L,29.540300369262695,-98.47769927978516,797,132,,31R,29.53019905090332,-98.4646987915039,779,312,
242647,3863,KSAT,8502,150,CON,1,0,13R,29.542699813842773,-98.4854965209961,809,132,,31L,29.52720069885254,-98.4655990600586,778,312,
250942,3864,KSAV,7002,150,CONC-G,0,0,01,32.116600036621094,-81.19999694824219,29,0,,19,32.135799407958984,-81.20010375976562,42,180,
250943,3864,KSAV,9351,150,CONC-G,0,0,10,32.12879943847656,-81.21880340576172,17,91,,28,32.128501892089844,-81.1885986328125,46,271,
242419,3867,KSBD,10000,200,CON,1,0,06,34.09080124,-117.25,1085,70.4,,24,34.09999847,-117.2190018,1159,250.4,
245244,3873,KSDF,7251,150,CON,1,0,11,38.18019867,-85.74739838,477,111,,29,38.17309952,-85.72380066,480,291,
245246,3873,KSDF,8578,150,CON,1,0,17L,38.18730164,-85.73130035,499,165,329,35R,38.16460037,-85.72360229,472,345,
245245,3873,KSDF,11887,150,CON,1,0,17R,38.18700027,-85.74880219,486,165.4,850,35L,38.15819931,-85.73930359,461,345.4,
254330,3875,KSEA,9426,150,PEM,1,0,16C,47.463799,-122.310997,430,180,,34C,47.438,-122.310997,363,360,
242182,3875,KSEA,11901,150,PEM,1,0,16L,47.463799,-122.307999,432,180,,34R,47.431198,-122.307999,347,360,
242181,3875,KSEA,8500,150,PEM,1,0,16R,47.463799,-122.318001,430,180,,34L,47.440498,-122.318001,363,360,
302282,3875,KSEA,,,,1,1,lower,,,,,,high,,,,,
242038,3876,KSFB,3578,75,ASP,1,0,09C,28.778499603271484,-81.24549865722656,52,90,,27C,28.778499603271484,-81.23429870605469,48,270,
242040,3876,KSFB,11002,150,ASP,1,0,09L,28.78170013,-81.2559967,55,90,1000,27R,28.78179932,-81.22599792,36,270,
242039,3876,KSFB,5839,75,ASP,1,0,09R,28.76989937,-81.23560333,46,89.9,,27L,28.77000046,-81.22470093,28,269.9,
242041,3876,KSFB,6002,150,PEM,1,0,18,28.7833004,-81.23480225,49,180,,36,28.76679993,-81.23470306,43,360,
240772,3878,KSFO,11870,200,ASP,1,0,10L,37.628742,-122.39341,5,118,,28R,37.613538,-122.35716,13,298,300
240771,3878,KSFO,11381,200,ASP,1,0,10R,37.626298,-122.393124,6,118,,28L,37.61172,-122.358367,13,298,300
240770,3878,KSFO,7650,200,ASP,1,0,1L,37.607898,-122.38295,10,28,645,19R,37.626476,-122.37063,9,208,
240769,3878,KSFO,8660,200,ASP,1,0,1R,37.606333,-122.381061,12,28,560,19L,37.627346,-122.367124,10,208,
244444,3883,KSJC,4599,100,ASP,1,1,11,37.365976,-121.936702,42,139,,29,37.356374,-121.926171,52,319,
244446,3883,KSJC,11000,150,CON,1,0,12L,37.375,-121.94000244140625,38,139,1307,30R,37.352298736572266,-121.91500091552734,55,319,2537
244445,3883,KSJC,11000,150,CON,1,0,12R,37.37369918823242,-121.94200134277344,38,138.8,1302,30L,37.35100173950195,-121.91699981689453,57,318.8,2542
241552,3887,KSLC,4893,150,ASP,1,0,14,40.785719,-111.971255,4222,153,,32,40.773758,-111.963238,4224,333,
241554,3887,KSLC,12002,150,ASP,1,0,16L,40.807456,-111.976947,4226,175,,34R,40.774646,-111.973146,4221,355,
241553,3887,KSLC,12000,150,CON,1,0,16R,40.807783,-111.999303,4221,175,,34L,40.774977,-111.995488,4226,355,
241555,3887,KSLC,9596,150,ASP,1,0,17,40.79892,-111.96209,4219,180,,35,40.772588,-111.962089,4224,360,324
245194,3892,KSMF,8605,150,CON,1,0,17L,38.707141,-121.580077,27,181,,35R,38.683518,-121.580474,22,1,
245193,3892,KSMF,8598,150,CON,1,0,17R,38.707355,-121.601101,25,181,,35L,38.683723,-121.601493,22,1,
245859,3894,KSNA,5700,150,ASP,1,0,02L,33.667812,-117.873852,54,28,,20R,33.681655,-117.86508,42,208,
245858,3894,KSNA,2886,75,ASP,1,0,02R,33.674004,-117.868068,52,28,,20L,33.681014,-117.863628,40,208,
244056,3899,KSRQ,5006,150,ASP,1,0,04,27.38999939,-82.55770111,23,38,,22,27.4008007,-82.54810333,25,218,
244057,3899,KSRQ,9500,150,ASP,1,0,14,27.404600143432617,-82.56559753417969,24,134,1350,32,27.38629913330078,-82.5447006225586,28,314,1147
243530,3905,KSTL,7603,150,CON,1,0,06,38.746684,-90.381218,551,63,,24,38.756217,-90.357504,533,243,
243531,3905,KSTL,9000,150,CON,1,0,11,38.759952,-90.409872,617,122,,29,38.746792,-90.383163,555,302,
243533,3905,KSTL,9013,150,CON,1,0,12L,38.751793,-90.366322,528,122,,30R,38.738607,-90.339585,605,302,
243532,3905,KSTL,11020,200,CON,1,0,12R,38.753904,-90.379159,540,122,470,30L,38.737782,-90.346464,585,302,
244404,3913,KSYR,3261,150,CON,0,1,06,43.115299224853516,-76.1250991821289,,49,,24,43.12120056152344,-76.11579895019531,,229,
244405,3913,KSYR,9013,150,ASP,1,0,10,43.10820007,-76.12619781,419,87.3,,28,43.10929871,-76.09249878,400,267.3,
244406,3913,KSYR,7499,150,ASP,1,0,15,43.12120056,-76.1128006,416,133.8,,33,43.10699844,-76.09259796,402,313.8,
243029,3926,KTPA,6999,150,PEM,1,0,10,27.970800399780273,-82.53610229492188,14,92,,28,27.970199584960938,-82.51439666748047,26,272,
243031,3926,KTPA,8300,150,PEM,1,0,19L,27.98710060119629,-82.5281982421875,26,182,,01R,27.96430015563965,-82.52899932861328,18,2,
243030,3926,KTPA,11002,150,CON,1,0,19R,27.993499755859375,-82.54129791259766,21,182,,01L,27.963300704956055,-82.54239654541016,11,2,
245713,3930,KTUL,7376,150,CON,1,0,08,36.19540024,-95.89900208,671,89.4,,26,36.1955986,-95.87400055,633,269.4,
245715,3930,KTUL,10000,150,CON,1,0,18L,36.21390152,-95.88130188,626,183.1,,36R,36.18650055,-95.88310242,644,3.1,
245714,3930,KTUL,6101,100,ASP,1,0,18R,36.2071991,-95.89910126,634,183.1,,36L,36.19049835,-95.90019989,677,3.1,
242912,3932,KTUS,7000,150,ASP,1,0,04,32.117199,-110.959,2564,45,850,22,32.130798,-110.943001,2569,225,
242914,3932,KTUS,8408,75,ASP,1,1,11R,32.1221,-110.94965,2574,135,1410,29L,32.10575,-110.93046,2629,315,
242913,3932,KTUS,10996,150,ASP,1,0,12,32.1234,-110.9479,2578,135,,30,32.102,-110.9228,2643,315,
243473,3938,KTYS,10000,150,CON,1,0,05L,35.8042984,-84.00550079,923,44.8,,23R,35.82189941,-83.98410034,976,224.8,
243472,3938,KTYS,9000,150,ASP,1,0,05R,35.80009841918945,-84.00399780273438,938,44.8,,23L,35.81760025024414,-83.98259735107422,962,224.8,400
576733,3972,LATI,9843,148,ASP,1,0,17,41.426998,19.718901,109,174,,35,41.4025,19.7222,126,354,
234418,3974,LBBG,10499,148,CON,1,0,04,42.55979919433594,27.50160026550293,89,44,,22,42.58039855957031,27.528900146484375,121,224,
234416,3976,LBPD,8202,148,CON,1,0,12,42.07460021972656,24.83880043029785,564,127,,30,42.06100082397461,24.862899780273438,597,307,
234415,3977,LBSF,11811,147,ASP,1,0,09,42.6974983215332,23.399499893188477,1739,95,,27,42.695159912109375,23.439659118652344,1744,275,
234417,3979,LBWN,8258,148,CON,1,0,09,43.2333984375,27.809799194335938,203,97,,27,43.23059844970703,27.840599060058594,217,277,
301852,30979,LCEN,9039,148,concrete,1,0,11L,35.159721,33.487499,402,107,,29R,35.150555,33.515556,402,287,
514064,30979,LCEN,10498,148,,0,0,11R,,,,,,29L,,,,,
322076,30979,LCEN,906,,,0,1,16,,,,163,,34,,,,343,
235442,3980,LCLK,9823,148,ASP,1,0,04,34.864185,33.612255,11,45,,22,34.883202,33.635498,6,225,575
235443,3981,LCPH,8858,148,ASP,1,0,11,34.7223014831543,32.471900939941406,41,110,,29,34.71379852294922,32.49959945678711,30,290,
236423,3984,LDDU,10597,148,ASP,1,0,11,42.569572,18.247528,519,118,266,29,42.55582,18.282192,484,298,
236427,3987,LDPL,9678,148,ASP,1,0,09,44.89310073852539,13.903599739074707,169,88,,27,44.89390182495117,13.940699577331543,274,268,
236422,3989,LDRI,8164,148,PEM,1,0,14,45.22570037841797,14.561400413513184,264,143.7,,32,45.20759963989258,14.5802001953125,246,323.7,
236431,3991,LDSP,8366,148,ASP,1,0,05,43.532100677490234,16.285600662231445,70,53,,23,43.54600143432617,16.31060028076172,50,233,525
236426,3993,LDZA,10669,148,ASP,1,0,04,45.731876,16.05197,353,47,,22,45.751907,16.08243,348,227,
236424,3994,LDZD,6561,147,ASP,1,0,04,44.07939910888672,15.34119987487793,289,42,,22,44.09280014038086,15.35770034790039,272,222,
236425,3994,LDZD,8202,147,ASP,1,0,13,44.11640167236328,15.335700035095215,243,136,,31,44.100399017333984,15.357399940490723,259,316,
238942,3997,LEAL,9842,148,ASP,1,0,10,38.28450012207031,-0.5749970078468323,142,99.7,,28,38.27980041503906,-0.5413169860839844,44,279.7,
238932,3999,LEAS,7218,148,ASP,1,0,11,43.56660079956055,-6.0475897789001465,399,109,,29,43.56050109863281,-6.0216498374938965,399,289,
238906,4001,LEBB,6266,148,ASP,1,0,10,43.303299,-2.93703,116,97,,28,43.3013,-2.91254,129,277,
238907,4001,LEBB,8530,148,ASP,1,0,12,43.30630111694336,-2.9249401092529297,119,116.6,,30,43.295799255371094,-2.8963000774383545,128,296.6,1509
238920,4004,LEBL,8300,147,ASP,1,0,02,41.287737,2.08483,7,19,,20,41.309293,2.094668,12,199,
238922,4004,LEBL,11000,196,ASP,1,0,06L,41.293244,2.067251,8,66,1400,24R,41.305735,2.103751,10,246,
238921,4004,LEBL,8727,196,ASP,1,0,06R,41.282311,2.074342,8,66,,24L,41.292218,2.103282,8,246,
238893,4010,LEGE,7874,148,ASP,1,0,01,41.894901,2.75826,403,14,,19,41.915699,2.76612,469,194,525
238948,4013,LEIB,9186,148,ASP,1,0,06,38.86690139770508,1.358870029449463,13,62.1,,24,38.878700256347656,1.3873800039291382,16,242.1,
238903,4019,LEMD,11483,197,ASP,1,0,14L,40.49489974975586,-3.5578699111938477,1942,144.2,,32R,40.470001220703125,-3.5325798988342285,1876,324.2,1640
238902,4019,LEMD,13084,197,ASP,1,0,14R,40.484901428222656,-3.57600998878479,1995,144.2,,32L,40.4556999206543,-3.546380043029785,1909,324.2,3445
238905,4019,LEMD,11483,197,ASP,1,0,18L,40.53260040283203,-3.559380054473877,1919,181,1640,36R,40.5010986328125,-3.5592100620269775,1942,1,
238904,4019,LEMD,14271,197,ASP,1,0,18R,40.531799,-3.57485,1998,181,3232,36L,40.492599,-3.57463,1985,2,
260340,4020,LEMG,9022,148,ASP,1,0,12,36.691001892089844,-4.507800102233887,52,119,,30,36.67959976196289,-4.48052978515625,31,299,
238901,4020,LEMG,10500,148,ASP,1,0,13,36.68450164794922,-4.512589931488037,52,133,,31,36.665401458740234,-4.4858198165893555,31,313,
336332,4021,LEMH,8366,148,ASP,1,0,01,39.85125732421875,4.21632194519043,278,8,,19,39.87216567993164,4.220619201660156,303,188,
238900,4021,LEMH,7710,148,ASP,1,1,01L,39.85129928588867,4.216320037841797,277,9,,19R,39.87220001220703,4.220620155334473,298,189,
238899,4021,LEMH,6890,148,ASP,1,1,01R,39.85340118408203,4.21914005279541,272,9,,19L,39.872100830078125,4.22298002243042,298,189,
335773,308134,LEMI,9842,147,ASPH,1,0,05,37.79349899291992,-1.1370999813079834,641,46,,23,37.812801361083984,-1.1122900247573853,640,226,
238931,4035,LEPA,10728,148,ASP,1,0,06L,39.54710006713867,2.7107300758361816,15,58.6,,24R,39.5625,2.743190050125122,8,238.6,230
238930,4035,LEPA,9842,148,ASP,1,0,06R,39.54130172729492,2.7317399978637695,24,58.6,1345,24L,39.555301666259766,2.7615299224853516,8,238.6,
238911,4031,LERS,8054,148,ASP,1,0,07,41.144100189208984,1.1558599472045898,231,68.9,853,25,41.152000427246094,1.183150053024292,234,249,
238912,4031,LERS,1117,115,GRE,0,1,12,41.14310073852539,1.154579997062683,226,111,,30,41.13999938964844,1.1651400327682495,198,291,
238887,4038,LEST,10499,148,ASP,1,0,17,42.911800384521484,-8.420430183410645,1170,166,394,35,42.8838005065918,-8.41094970703125,1196,346,
238885,4042,LEVC,5394,148,ASP,0,1,04,39.482201,-0.488889,205,38,,22,39.494099,-0.476694,188,218,
238886,4042,LEVC,8858,148,ASP,1,0,12,39.496359,-0.500113,225,116,,30,39.483623,-0.466657,172,296,945
238924,4048,LEZG,9843,148,ASP,1,0,12L,41.66910171508789,-1.039829969406128,823,120,,30R,41.655399322509766,-1.0083199739456177,834,300,
238923,4048,LEZG,12198,148,ASP,1,0,12R,41.680198669433594,-1.0823700428009033,834,120,,30L,41.66350173950195,-1.0437099933624268,863,300,
238939,4049,LEZL,11030,148,ASP,1,0,09,37.41790008544922,-5.912079811096191,83,90,,27,37.417999267578125,-5.874100208282471,111,270,
235926,4060,LFBD,10171,148,ASP,1,0,05,44.81909942626953,-0.7289829850196838,160,46,,23,44.83869934082031,-0.7009999752044678,151,226,
235927,4060,LFBD,7923,148,ASP,1,0,11,44.831600189208984,-0.7292420268058777,153,107,,29,44.825401306152344,-0.6998969912528992,160,287,
235935,4070,LFBO,9843,148,ASP,1,0,14L,43.63740158081055,1.3576200008392334,490,143,,32R,43.6156005859375,1.3802200555801392,497,323,
235934,4070,LFBO,11483,148,ASP,1,0,14R,43.644100189208984,1.3459299802780151,488,143,,32L,43.61899948120117,1.3720999956130981,497,323,
235886,4123,LFKB,8266,148,ASP,1,0,16,42.563499450683594,9.4791898727417,13,163,,34,42.54180145263672,9.488269805908203,26,343,
235942,4125,LFKF,8136,148,ASP,1,0,05,41.49470138549805,9.086009979248047,40,47.5,,23,41.50979995727539,9.107930183410645,86,227.5,
314475,4132,LFLC,2313,197,GRASS,0,0,01,,,1092,8,,19,,,1083,188,
236052,4132,LFLC,9885,148,ASP,1,0,08,45.7848014831543,3.150820016860962,1089,82,,26,45.78860092163086,3.189160108566284,1057,262,476
260346,4132,LFLC,2953,161,GRASS,0,0,08L,,,1072,82,,26R,,,1063,262,
235875,4137,LFLL,8760,148,ASP,1,0,17L,45.734901428222656,5.091869831085205,780,175,,35R,45.71099853515625,5.094779968261719,821,355,
235874,4137,LFLL,13124,148,ASP,1,0,17R,45.74660110473633,5.085939884185791,758,175,,35L,45.71070098876953,5.0903000831604,813,355,
235999,4155,LFML,11483,148,ASP,1,0,13L,43.449100494384766,5.197309970855713,8,133.7,1116,31R,43.42729949951172,5.22845983505249,53,313.7,2165
235998,4155,LFML,7776,148,ASP,1,0,13R,43.44129943847656,5.203020095825195,8,134.4,,31L,43.425899505615234,5.2243499755859375,61,314.4,345
235852,4156,LFMN,8622,148,ASP,1,0,04L,43.651798,7.20404,11,45,305,22R,43.669498,7.22851,10,225,575
235851,4156,LFMN,9721,148,ASP,1,0,04R,43.64670181274414,7.202489852905273,10,45,,22L,43.66559982299805,7.228439807891846,12,225,
235861,4161,LFMT,8530,164,ASP,1,0,12L,43.58610153198242,3.9557299613952637,17,124,,30R,43.57279968261719,3.982219934463501,6,304,
235860,4161,LFMT,3609,98,ASP,0,0,12R,43.575801849365234,3.951889991760254,10,124,328,30L,43.5702018737793,3.963089942932129,7,304,
235868,4169,LFOB,3625,98,ASP,0,0,04,49.4546012878418,2.1130199432373047,332,42,,22,49.462100982666016,2.123270034790039,359,222,
235869,4169,LFOB,7972,148,ASP,1,0,12,49.45830154418945,2.1038498878479004,352,125,,30,49.44620132446289,2.131740093231201,297,305,
260344,4169,LFOB,,,UNK,0,0,13R,,,359,,,31L,,,359,,
235905,4183,LFPB,7858,148,ASP,1,0,03,48.9487,2.42686,147,26,144,21,48.970501,2.44215,173,206,
235906,4183,LFPB,9843,148,PEM,1,0,07,48.963799,2.42029,148,69,985,25,48.973999,2.45825,186,249,2953
235907,4183,LFPB,6060,148,ASP,1,0,09,48.96369934082031,2.4203999042510986,148,86,,27,48.9650993347168,2.4456300735473633,166,266,
608470,4185,LFPG,1444,99,GRASS,0,0,08H,49.015769,2.558572,,85,,26H,49.016089,2.564603,,265,
235946,4185,LFPG,13829,148,ASP,1,0,08L,48.99570083618164,2.5527400970458984,338,85,,26R,48.99879837036133,2.610179901123047,318,265,1969
235945,4185,LFPG,8858,197,CON,1,0,08R,48.99290084838867,2.565659999847412,336,85.1,,26L,48.99489974975586,2.6024301052093506,316,265.1,
235948,4185,LFPG,8858,197,ASP,1,0,09L,49.02470016479492,2.5248899459838867,378,85.3,,27R,49.02669906616211,2.561690092086792,392,265.3,
235947,4185,LFPG,13780,148,ASP,1,0,09R,49.020599365234375,2.5130600929260254,370,86,,27L,49.02370071411133,2.5702900886535645,387,266,1969
236054,4189,LFPO,7874,197,CON,1,0,02,48.717498779296875,2.376699924468994,287,18,,20,48.737998962402344,2.386970043182373,287,198,
236055,4189,LFPO,11975,148,ASP,1,0,06,48.720001220703125,2.316920042037964,283,62,984,24,48.73550033569336,2.360680103302002,284,242,
236056,4189,LFPO,10892,148,CON,1,0,07,48.719398498535156,2.3585898876190186,277,74,,25,48.72740173339844,2.4020700454711914,287,254,1427
235883,4202,LFQQ,5184,98,ASP,1,0,01,50.56010055541992,3.0854599475860596,148,15,,19,50.57379913330078,3.091140031814575,153,195,
235884,4202,LFQQ,9268,148,ASP,1,0,08,50.56290054321289,3.083009958267212,157,78,,26,50.56850051879883,3.122230052947998,132,258,918
235897,4206,LFRB,2297,59,ASP,0,0,07L,48.449798583984375,-4.422420024871826,311,71,,25R,48.451900482177734,-4.413410186767578,317,251,
235896,4206,LFRB,10171,148,ASP,1,0,07R,48.44340133666992,-4.438350200653076,289,71,,25L,48.452301025390625,-4.398690223693848,312,251,984
236006,4226,LFSB,5626,197,CON,1,0,07,47.587943,7.516868,881,77,,25,47.591429,7.539109,884,257,370
236007,4226,LFSB,12795,197,CON,1,0,15,47.617699,7.509862,865,155,,33,47.585933,7.531962,882,335,3675
235892,4238,LFST,7874,148,ASP,1,0,05,48.53120040893555,7.616030216217041,503,48.7,,23,48.5453987121582,7.640439987182617,491,228.7,
236331,4251,LGAV,12467,148,ASP,1,0,03L,37.92100143432617,23.919200897216797,255,36.6,984,21R,37.94850158691406,23.94499969482422,282,216.6,984
236330,4251,LGAV,13123,148,ASP,1,0,03R,37.923500061035156,23.943300247192383,271,36.6,984,21L,37.95240020751953,23.970399856567383,303,216.6,984
236379,4258,LGIR,8904,148,ASP,1,0,09,35.341,25.1612,78,95,1565,27,35.339001,25.1905,82,275,
236380,4258,LGIR,5138,164,ASP,0,0,12,35.34389877319336,25.17329978942871,57,126,499,30,35.335601806640625,25.187299728393555,115,306,
236381,4258,LGIR,2559,131,ASP,0,1,18,35.34230041503906,25.18429946899414,78,180.4,,36,35.33509826660156,25.184200286865234,115,0.4,328
236341,4264,LGKO,7841,148,ASP,1,0,14,36.8036003112793,27.083599090576172,412,148,,32,36.78519821166992,27.097900390625,373,328,
236334,4266,LGKR,7792,148,ASP,1,0,16,39.612524,19.909427,5,169,1348,34,39.591551,19.91481,5,349,213
236374,4268,LGKV,9844,148,ASP,1,0,05,40.90629959106445,24.604999542236328,11,55,,23,40.92169952392578,24.634300231933594,18,235,
236347,4279,LGRP,10846,148,ASP,1,0,06,36.400299072265625,28.068899154663086,16,70.1,,24,36.410499572753906,28.103500366210938,17,250.1,
236370,4281,LGSA,10982,148,ASP,1,0,11,35.53710174560547,24.134000778198242,428,111,,29,35.526100158691406,24.168399810791016,490,291,
236348,4286,LGSR,7208,98,ASP,1,0,15,36.4081,25.4751,123,159,,33,36.390202,25.4834,53,339,
260368,4286,LGSR,,,UNK,0,1,16R,,,126,,,34L,,,57,,
236377,4293,LGTS,11286,164,ASP,1,0,10,40.52199935913086,22.9591007232666,9,104,,28,40.516700744628906,22.98699951171875,19,284,
236378,4293,LGTS,7907,197,ASP,1,0,16,40.53030014038086,22.967599868774414,14,166.3,,34,40.50920104980469,22.97439956665039,22,346.3,
236449,4296,LHBP,12162,148,CON,1,0,13L,47.4454,19.2575,495,132,,31R,47.423,19.2939,417,312,
236448,4296,LHBP,9875,148,CON,1,0,13R,47.4487,19.2208,450,132,,31L,47.4305,19.2502,450,312,
236446,4297,LHDC,8196,131,CON,1,0,04R,47.48139953613281,21.60300064086914,355,48,,22L,47.49639892578125,21.627599716186523,359,228,979
236447,4297,LHDC,8087,230,CON,0,1,05L,47.48249816894531,21.601699829101562,,48,,23R,47.49729919433594,21.625999450683594,,228,
236445,4302,LHPP,4922,98,ASP,1,0,15,45.995602,18.2383,650,157,,33,45.983101,18.2458,640,337,
237052,4310,LIBD,9843,148,ASP,1,0,07,41.13286209106445,16.74062728881836,176,67,1234,25,41.142333984375,16.774084091186523,108,247,
237053,4310,LIBD,512,164,ASP,0,1,12,41.1442985534668,16.779499053955078,108,123,,30,41.13629913330078,16.79640007019043,108,303,
236975,4314,LIBP,7933,148,ASP,1,0,04,42.42279815673828,14.17199993133545,46,37.5,344,22,42.439998626708984,14.189900398254395,27,217.5,617
237057,4315,LIBR,5892,148,ASP,1,0,05,40.65230178833008,17.936800003051758,46,53,,23,40.662601470947266,17.954299926757812,13,233,230
237058,4315,LIBR,10000,148,ASP,1,0,13,40.67219924926758,17.929899215698242,29,137,,31,40.65549850463867,17.950300216674805,26,317,
237018,4317,LICA,9898,148,ASP,1,0,10,38.90700149536133,16.228599548339844,20,99,348,28,38.90380096435547,16.256000518798828,39,279,351
237038,4318,LICC,7989,148,ASP,1,0,08,37.465599060058594,15.05270004272461,37,84,312,26,37.467899322509766,15.080100059509277,17,264,279
236980,4321,LICJ,6804,148,ASP,1,0,02,38.166099548339844,13.085599899291992,42,24,10,20,38.18320083618164,13.095199584960938,22,204,10
236981,4321,LICJ,10912,197,ASP,1,0,07,38.17430114746094,13.08650016784668,33,66.9,404,25,38.18579864501953,13.120800018310547,50,246.9,679
237017,4332,LIEE,9196,148,ASP,1,0,14,39.260799,9.04347,9,138,,32,39.2421,9.06511,4,318,
236993,4333,LIEO,9006,148,ASP,1,0,05,40.892398834228516,9.50568962097168,35,53,805,23,40.90489959716797,9.529569625854492,19,233,495
237001,4340,LIMC,12861,197,ASP,1,0,17L,45.650385,8.727939,745,170,3086,35R,45.615741,8.737507,691,350,
237000,4340,LIMC,12861,197,ASP,1,0,17R,45.645449,8.718736,764,170,,35L,45.610824,8.728302,696,350,1313
237060,4341,LIME,9429,148,ASP,1,0,10,45.671036,9.689789,779,105,312,28,45.66441,9.725433,754,285,427
237061,4341,LIME,2343,59,ASP,0,0,12,45.677925,9.702228,782,121,210,30,45.674576,9.710052,782,301,328
237021,4342,LIMF,10827,197,ASP,1,0,18,45.215599060058594,7.650569915771484,981,183,2378,36,45.1859016418457,7.648690223693848,933,3,1148
237011,4344,LIMJ,9564,148,ASP,1,0,10,44.415401458740234,8.824190139770508,9,105,,28,44.40850067138672,8.859580039978027,12,285,528
237040,4345,LIML,8012,197,ASP,1,0,17,45.456215,9.275867,353,176,,35,45.434307,9.278228,337,356,
237039,4345,LIML,1972,72,BIT,0,1,17R,45.458,9.26826,353,176,,35L,45.452599,9.26885,349,356,
237036,4354,LIPE,9196,148,ASP,1,0,12,44.541099548339844,11.272899627685547,120,117,1007,30,44.52980041503906,11.304400444030762,120,297,1188
237008,4355,LIPH,7941,144,ASP,1,0,07,45.644500732421875,12.179900169372559,56,69,254,25,45.65230178833008,12.208999633789062,51,249,389
237059,4361,LIPQ,9843,148,ASP,1,0,09,45.827999114990234,13.447400093078613,37,90,656,27,45.82780075073242,13.486000061035156,36,270,
236997,4362,LIPR,9828,148,ASP,1,0,13,44.0285,12.597,21,128,1030,31,44.012001,12.6265,39,308,1006
236994,4366,LIPX,10064,148,ASP,1,0,04,45.387298583984375,10.876299858093262,220,46,189,22,45.40660095214844,10.904500007629395,238,226,1345
237024,4368,LIPZ,9121,148,ASP,1,0,04L,45.495201110839844,12.335599899291992,7,42,308,22R,45.51369857788086,12.359399795532227,7,222,
237023,4368,LIPZ,10827,148,ASP,1,0,04R,45.49409866333008,12.337699890136719,7,42,,22L,45.51620101928711,12.366000175476074,7,222,
236988,4370,LIRA,7226,147,ASP,1,0,15,41.808101654052734,12.588800430297852,341,152,,33,41.790401458740234,12.60099983215332,427,332,
236972,4372,LIRF,10826,147,ASP,1,0,07,41.799332,12.232144,7,70,1348,25,41.809631,12.269483,5,250,
260377,4372,LIRF,11818,148,ASP,1,1,16C,,,11,163,,34C,,,4,343,
236974,4372,LIRF,12801,196,ASP,1,0,16L,41.84600067138672,12.261500358581543,14,163,,34R,41.812400817871094,12.275500297546387,6,343,
236973,4372,LIRF,12801,196,ASP,1,0,16R,41.815498,12.2264,7,163,,34L,41.782001,12.2404,8,343,
237034,4378,LIRN,8622,148,ASP,1,0,06,40.879798889160156,14.27750015258789,284,58.1,1309,24,40.89229965209961,14.303999900817871,223,238.1,624
237005,4379,LIRP,9160,148,ASP,1,0,03L,43.673801,10.3807,2,37,979,21R,43.694,10.4015,6,217,
237004,4379,LIRP,9820,148,ASP,1,0,03R,43.6731,10.3832,3,37,490,21L,43.694599,10.4055,6,217,843
236979,4380,LIRQ,5118,148,ASP,1,0,05,43.80534,11.197815,123,48,492,23,43.814697,11.21228,132,228,2287
576853,4384,LIRZ,7215,148,ASP,1,0,01,43.0885124206543,12.510642051696777,667,14,328,19,43.10768508911133,12.517327308654785,693,194,203
238858,4386,LJLJ,10827,148,ASP,1,0,12,46.23249816894531,14.440400123596191,1273,126.4,,30,46.214900970458984,14.474800109863281,1191,306.4,
235697,4393,LKCS,8202,262,CON,0,0,09,48.9464,14.4104,1417,90,,27,48.9464,14.4445,1384,270,986
235687,4399,LKKV,7054,98,ASP,1,0,11,50.206845,12.901262,1987,113,460,29,50.19926,12.929022,1985,293,
330450,4399,LKKV,,,,0,1,XX,,,,,,XX,,,,,
235686,4402,LKMT,11484,207,CON,1,0,04,49.685298919677734,18.09320068359375,842,46.1,,22,49.70709991455078,18.128400802612305,808,226.1,
235696,4405,LKPD,8203,246,CON,1,0,09,50.013999938964844,15.721199989318848,735,93,,27,50.012901306152344,15.756099700927734,732,273,
235689,4408,LKPR,6955,197,ASP,1,1,04,50.08769989013672,14.26669979095459,1247,37,,22,50.102901458740234,14.28439998626709,1174,217,
235690,4408,LKPR,12189,148,CON,1,0,06,50.10179901123047,14.226300239562988,1202,65,,24,50.11600112915039,14.27340030670166,1158,245,
235691,4408,LKPR,10663,148,CON,1,0,12,50.108001708984375,14.245400428771973,1160,127,,30,50.09049987792969,14.281700134277344,1232,307,
236953,4411,LLBG,9094,197,ASP,1,0,03,31.9962158203125,34.88608169555664,129,29,,21,32.018123626708984,34.90022659301758,134,209,
236954,4411,LLBG,13327,148,ASP,1,0,08,32.01300048828125,34.86040115356445,97,80,,26,32.01890182495117,34.89860153198242,124,260,1969
236955,4411,LLBG,10209,148,ASP,1,0,12,32.01470184326172,34.86579895019531,112,121.4,,30,31.999900817871094,34.89419937133789,130,301.4,246
330389,330388,LLER,11811,,,1,0,01,29.711388,35.00964,,,,19,29.742928,35.018459,,,
237627,4427,LMML,7785,148,ASP,1,0,05,35.8475,14.4601,297,52,,23,35.859901,14.4815,247,232,
237628,4427,LMML,10991,190,ASP,1,0,13,35.8564,14.4788,256,132,,31,35.8339,14.5068,230,312,620
233574,4430,LOWG,9842,148,ASP,1,0,16C,47.00429916381836,15.435999870300293,1115,164,853,34C,46.97779846191406,15.443300247192383,1088,344,
233576,4430,LOWG,2100,98,GRS,0,0,16L,46.9906005859375,15.44260025024414,1093,169,,34R,46.98500061035156,15.444100379943848,1106,349,
233575,4430,LOWG,2493,82,GRS,0,0,16R,46.995399475097656,15.435099601745605,1112,169,492,34L,46.98870086669922,15.43690013885498,1102,349,492
233580,4431,LOWI,6562,148,ASP,1,0,08,47.2588005065918,11.330900192260742,1907,81,339,26,47.261600494384766,11.357000350952148,1894,261,
608401,4431,LOWI,1148,155,GRASS,0,0,08G,47.261341,11.337495,,,,28G,47.26183,11.34205,,,
233585,4435,LOWK,8924,148,CON,1,0,10L,46.64590072631836,14.320699691772461,1470,106,656,28R,46.63909912109375,14.3548002243042,1445,286,
233584,4435,LOWK,2427,90,GRS,0,0,10R,46.644100189208984,14.320199966430664,1470,106,196,28L,46.64229965209961,14.329099655151367,1463,286,196
504922,4432,LOWL,,,GRS,0,0,07H,,,,,,25H,,,,,
233586,4432,LOWL,9843,197,ASP,1,0,08,48.23249816894531,14.167400360107422,978,87,821,26,48.2338981628418,14.2076997756958,963,267,493
233587,4432,LOWL,2165,148,GRS,0,0,08E,48.235298,14.1838,971,87,,26E,48.2356,14.1926,968,267,
233581,4433,LOWS,9022,148,CON,1,0,15,47.80562973022461,12.99618911743164,1411,157,977,33,47.78205871582031,13.011089324951172,1411,337,787
233577,4434,LOWW,11483,148,ASP,1,0,11,48.122798919677734,16.53339958190918,575,116,,29,48.10900115966797,16.575599670410156,600,296.1,
233578,4434,LOWW,11811,148,ASP,1,0,16,48.11980056762695,16.57819938659668,597,164,,34,48.088600158691406,16.591299057006836,586,344,
238348,4448,LPFR,8169,148,ASP,1,0,10,37.01729965209961,-7.986090183258057,24,100,148,28,37.01340103149414,-7.958559989929199,18,280,148
238328,4452,LPMA,9110,148,ASP,1,0,05,32.68899917602539,-16.784799575805664,147,44.7,480,23,32.7067985534668,-16.763999938964844,192,224.7,490
238329,4456,LPPD,8192,148,ASP,1,0,12,37.74620056152344,-25.710899353027344,259,111.6,,30,37.73789978027344,-25.684600830078125,187,291.6,787
238322,4459,LPPR,11417,148,ASP,1,0,17,41.263301849365234,-8.685239791870117,151,172.8,984,35,41.23249816894531,-8.677200317382812,226,352.8,492
238344,4461,LPPT,12500,148,ASP,1,0,02,38.765678,-9.144302,331,22,290,20,38.797313,-9.127376,347,202,1960
238345,4461,LPPT,7874,148,ASP,1,1,17,38.78620147705078,-9.13720989227295,374,168,,35,38.76499938964844,-9.131600379943848,332,348,492
233685,4467,LQBK,8202,148,ASP,1,0,16,44.9524,17.2946,376,170,,34,44.930401,17.3004,401,350,
233688,4468,LQMO,7874,158,ASP,1,0,15,43.2929,17.8403,155,158,,33,43.272999,17.8514,138,338,
233686,4469,LQSA,8666,150,ASP,1,0,11,43.83000183105469,18.317100524902344,1643,117,333,29,43.81919860839844,18.34589958190918,1690,297,1666
233687,4470,LQTZ,8152,148,ASP,1,0,09,44.459800720214844,18.709299087524414,763,96,,27,44.45750045776367,18.740299224853516,776,276,
238398,4472,LRBC,8203,262,CON,1,0,16,46.53269958496094,26.905899047851562,607,165,,34,46.51110076904297,26.914400100708008,591,345,
238399,4474,LRBS,10499,148,CON,1,0,07,44.49919891357422,26.082799911499023,297,74,787,25,44.507198333740234,26.12150001525879,292,254,2609
510727,333670,LRBV,9252,148,CONC,0,0,03,45.696022,25.512793,1740,,,21,45.716476,25.534231,1740,,
238409,4475,LRCK,11483,148,CON,1,0,18,44.37770080566406,28.4906005859375,353,186,,36,44.346500396728516,28.486299514770508,315,6,
238395,4476,LRCL,6693,148,CON,1,0,07,46.78514862060547,23.67405891418457,1036,79,,25,46.79019546508789,23.696460723876953,1025,259,
260408,4476,LRCL,,,UNK,0,0,08,,,1036,,,26,,,1025,,
238406,4479,LRCV,8203,148,CON,1,0,08,44.317902,23.8729,626,89,,26,44.318401,23.9041,614,269,
238410,4480,LRIA,7874,148,CON,1,0,14,47.189472,27.612698,397,154,,32,47.171013,27.629108,340,334,
238396,4481,LROD,8267,148,CON,1,0,01,47.017337,21.900122,480,11,492,19,47.033268,21.904689,450,191,492
238404,4482,LROP,11484,148,ASP,1,0,08L,44.576499938964844,26.083900451660156,313,84,,26R,44.57979965209961,26.12779998779297,303,264,
238403,4482,LROP,11484,148,ASP,1,0,08R,44.56449890136719,26.07659912109375,314,84,,26L,44.56779861450195,26.120399475097656,303,264,
238394,4483,LRSB,8629,148,CON,1,0,09,45.786163330078125,24.06867218017578,1496,91,,27,45.78561019897461,24.10249137878418,1444,271,
238393,4485,LRSV,8070,148,CON,1,0,16,47.6952018737793,26.35059928894043,1375,163,,34,47.6797981262207,26.357500076293945,1330,343,
238402,4488,LRTR,11483,148,CON,1,0,11,45.815101623535156,21.31679916381836,340,110,,29,45.804500579833984,21.358999252319336,343,290,
239116,4490,LSGG,12795,164,CON,1,0,04,46.2258,6.09092,1411,46,1082,22,46.250401,6.12699,1365,226,
239117,4490,LSGG,2700,98,GRS,0,1,04L,46.234798,6.0995,1378,46,613,22R,46.239899,6.10722,1393,226,994
608308,4505,LSZH,1010,91,GRASS,0,0,01H,47.449333,8.54772,,,,19H,47.451965,8.548985,,,
239120,4505,LSZH,8202,197,CON,1,0,10,47.458900451660156,8.537469863891602,1391,96,,28,47.456600189208984,8.570449829101562,1416,276,
239121,4505,LSZH,10827,197,CON,1,0,14,47.483101,8.53473,1402,137,492,32,47.4613,8.56446,1402,317,
239122,4505,LSZH,12139,197,CON,1,0,16,47.475601,8.53595,1390,155,,34,47.4454,8.55673,1388,335,1542
239304,4509,LTAC,12303,148,ASP,1,0,03L,40.117801666259766,32.983699798583984,3100,36.3,1148,21R,40.142398834228516,33.007198333740234,3123,216.3,
239303,4509,LTAC,12303,197,ASP,1,0,03R,40.11410140991211,32.98320007324219,3097,35.4,,21L,40.141300201416016,33.00910186767578,3125,215.4,
239257,4512,LTAF,9022,148,ASP,1,0,05,36.97480010986328,35.268001556396484,54,54,,23,36.989498138427734,35.29280090332031,65,234,
239268,4515,LTAI,11155,148,CON,1,0,18C,36.915501,30.794701,176,186,,36C,36.885101,30.7906,176,6,
239270,4515,LTAI,11155,148,CON,1,0,18L,36.911399841308594,30.811399459838867,176,186,,36R,36.88090133666992,30.807199478149414,158,6,
239269,4515,LTAI,9811,148,ASPH,1,0,18R,36.915699,30.7924,172,186,,36L,36.889,30.7887,176,6,
239291,4516,LTAJ,9842,157,PEM,1,0,10L,36.951099,37.464298,2315,105,427,28R,36.944599,37.494598,2190,285,
239290,4516,LTAJ,9842,100,CON,1,1,10R,36.9501,37.461498,2309,105,328,28L,36.9431,37.494099,2215,285,
271072,4518,LTAN,10990,148,PEM,1,0,01L,37.965115,32.554142,3367,17,,19R,37.994015,32.565109,3392,197,
239256,4518,LTAN,10990,148,PEM,1,0,01R,37.9646,32.556301,3352,17,,19L,37.993401,32.567402,3382,197,
239286,4523,LTAU,9841,145,CON,1,0,07,38.7672004699707,35.47869873046875,3449,76,,25,38.77360153198242,35.51219940185547,3463,256,
239293,4527,LTAZ,9842,148,CON,1,0,11,38.77799987792969,34.5192985534668,3080,117,,29,38.76570129394531,34.549800872802734,3100,297,
239260,4528,LTBA,8530,197,ASP,1,0,05,40.96630096435547,28.811399459838867,93,59,492,23,40.97779846191406,28.836200714111328,90,239,
239262,4528,LTBA,9843,148,CON,1,1,17L,40.996399,28.8085,157,178,,35R,40.969501,28.8095,100,358,
239261,4528,LTBA,9843,148,CON,1,1,17R,40.996399,28.806,163,178,,35L,40.969299,28.806999,102,358,
239308,4533,LTBJ,10630,147,ASP,1,0,16L,38.30659866333008,27.152700424194336,412,167,,34R,38.2781982421875,27.16119956970215,364,347,
239307,4533,LTBJ,10630,147,CON,1,0,16R,38.30619812011719,27.15060043334961,409,167,,34L,38.277801513671875,27.15920066833496,366,347,
239285,4542,LTBS,9842,148,CON,1,0,01,36.70009994506836,28.78809928894043,10,15.3,,19,36.726200103759766,28.796899795532227,20,195.3,
239301,4547,LTBY,8261,98,ASP,1,0,09,39.81050109863281,30.50469970703125,2593,93,,27,39.80939865112305,30.534099578857422,2580,273,
354728,44491,LTCS,13123,148,Asphalt,1,0,04,37.434667,38.883333,,36,,22,37.4615,38.9135,,216,
543415,324731,LTDB,11482,197,CON,1,0,03L,,,26,,,21R,,,35,,
543416,324731,LTDB,11482,197,CON,1,0,03R,,,26,,,21L,,,35,,
239235,4566,LTFD,9842,147,CONCRETE,1,0,05,39.54890060424805,27.004199981689453,51,53.7,,23,39.560001373291016,27.023700714111328,51,233.7,
239233,4567,LTFE,9843,148,CON,1,0,10L,37.255001068115234,27.649200439453125,9,104,,28R,37.24729919433594,27.681499481201172,21,284,
336567,4567,LTFE,9646,148,CON,1,0,10R,37.25339889526367,27.64859962463379,14,,,28L,37.24689865112305,27.675600051879883,14,,
239239,4569,LTFJ,9843,148,CON,1,0,06L,40.8927,29.2934,293,64,,24R,40.9044,29.325001,304,244,
509411,4569,LTFJ,11614,197,CON,0,0,06R,40.884846,29.302591,289,,,24L,40.898762,29.340384,289,,
329986,317457,LTFM,12303,147,ASP,1,0,16L,41.29859924316406,28.709199905395508,218,174,,34R,41.26490020751953,28.70989990234375,325,354,
329985,317457,LTFM,12303,196,ASP,1,0,16R,41.29859924316406,28.706750869750977,218,174,,34L,41.26483917236328,28.70741081237793,325,354,
329988,317457,LTFM,13451,196,ASP,1,0,17L,41.298828125,28.727039337158203,202,174,,35R,41.26192092895508,28.727760314941406,310,354,
329987,317457,LTFM,13451,147,ASP,1,0,17R,41.29880142211914,28.72450065612793,202,174,,35L,41.26190185546875,28.725299835205078,310,354,
336568,317457,LTFM,10039,148,CON,1,0,18,41.289798736572266,28.756200790405273,221,179,,36,41.26219940185547,28.75670051574707,309,354,
354839,316329,LTFO,9843,148,ASPH,1,0,06,41.1755,40.832,16,,,24,41.18417,40.86583,16,,
237544,4571,LUKK,11778,148,CON,1,0,08,46.92729949951172,28.907400131225586,399,88,,26,46.92829895019531,28.954500198364258,279,268,
346775,4571,LUKK,7818,148,CON,1,0,09,46.93270492553711,28.920202255249023,322,,,27,46.9300651550293,28.951263427734375,322,,
237565,4572,LWOH,8366,148,ASP,1,0,01,41.168999,20.7377,2284,18,,19,41.1908,20.746901,2313,198,
237566,4573,LWSK,9678,148,ASP,1,0,16,41.9723014831543,21.617700576782227,781,165,,34,41.95100021362305,21.625099182128906,768,345,
236097,4574,LXGB,6000,150,ASP,1,0,09,36.150829,-5.359622,10,88,302,27,36.151513,-5.340055,11,268,368
246233,4610,LYBE,11155,148,ASP,1,0,12L,44.826519,20.29097,318,122,,30R,44.810333,20.327454,335,302,1312
506930,4610,LYBE,11483,148,ASPH,1,0,12R,44.824989,20.289886,326,,,30L,44.808315,20.327484,326,,
246232,4612,LYNI,8202,148,ASP,1,0,11,43.34120178222656,21.841299057006836,644,113,719,29,43.332298278808594,21.86949920654297,646,293,985
246240,4613,LYPG,8202,148,ASP,1,0,18,42.370601654052734,19.253000259399414,118,184.3,,36,42.348201751708984,19.250699996948242,82,4.3,
237438,4617,LZIB,9515,197,CON,1,0,04,48.16080093383789,17.199399948120117,436,44,,22,48.17959976196289,17.226499557495117,430,224,
237439,4617,LZIB,10466,148,CON,1,0,13,48.17570114135742,17.20400047302246,433,134,,31,48.155799865722656,17.234800338745117,434,314,777
239203,4628,MBPV,9199,148,ASP,1,0,10,21.77442741394043,-72.2822036743164,13,93,600,28,21.773099899291992,-72.25514221191406,3,273,
235483,4635,MDLR,9678,148,CON,1,0,11,18.454117,-68.925194,240,109,,29,18.454117,-68.925194,217,289,
314313,4636,MDPC,10171,148,ASP,1,0,08,18.57029914855957,-68.38310241699219,43,74,,26,18.578100204467773,-68.35479736328125,37,254,
235486,4636,MDPC,10171,148,ASP,1,0,09,18.566099166870117,-68.37809753417969,47,83,,27,18.568599700927734,-68.34880065917969,36,263,
235489,4638,MDSD,11000,200,ASP,1,0,17,18.444000244140625,-69.67420196533203,39,161,,35,18.4153995513916,-69.6636962890625,58,341,
603748,4638,MDSD,9813,148,ASP,0,0,18,18.441397,-69.675209,39,173,,36,18.41589,-69.66584,55,353,
235484,4640,MDST,8595,148,ASP,1,0,11,19.40880012512207,-70.61689758300781,565,103,,29,19.403400421142578,-70.59249877929688,551,283,
236389,4644,MGGT,9800,196,ASP,1,0,02,14.57040023803711,-90.53160095214844,4884,17.4,,20,14.596099853515625,-90.52330017089844,4952,197.4,722
236413,4661,MHLM,9203,148,CON,1,0,04,15.442299842834473,-87.93260192871094,91,40,656,22,15.461600303649902,-87.91570281982422,83,220,
236414,4663,MHRO,7349,148,ASP,1,0,07,16.312599182128906,-86.53250122070312,9,66,200,25,16.32110023498535,-86.51339721679688,17,246,
236416,4664,MHSC,8064,148,ASP,1,0,17,14.39323,-87.623199,2061,170,,35,14.371522,-87.619125,2036,350,
576756,4680,MKJP,8900,150,ASP,1,0,12,17.94029998779297,-76.79949951171875,8,112,,30,17.931100845336914,-76.77570343017578,17,292,
237248,4681,MKJS,10039,148,ASP,1,0,07,18.498699,-77.924797,7,66,225,25,18.508699,-77.901901,7,246,555
237734,4688,MMAA,5579,115,CON,1,0,06,16.753599166870117,-99.76239776611328,11,67,,24,16.759599685668945,-99.7477035522461,11,247,
237735,4688,MMAA,10832,148,CON,1,0,10,16.760000228881836,-99.76319885253906,13,108,,28,16.750699996948242,-99.73380279541016,13,288,
237667,4691,MMAS,3478,98,ASP,0,1,04,21.703800201416016,-102.31999969482422,6112,49,,22,21.709999084472656,-102.31199645996094,6112,229,656
237668,4691,MMAS,9843,148,ASP,1,0,18,21.714599609375,-102.31700134277344,6112,183,,36,21.6875,-102.31900024414062,6112,3,
237791,4692,MMBT,8858,148,ASP,1,0,07,15.77299976348877,-96.2750015258789,464,79.1,,25,15.777600288391113,-96.25019836425781,464,259.1,
237730,4697,MMCL,7365,148,ASP,1,0,03,24.756367,-107.481361,102,33,,21,24.773327,-107.469246,109,213,886
237750,4701,MMCS,8858,148,ASP,1,0,03,31.628299713134766,-106.43599700927734,3887,38.5,,21,31.64739990234375,-106.41799926757812,3887,218.5,
237751,4701,MMCS,5741,98,ASP,0,0,14,31.643199920654297,-106.43199920654297,3899,156,,32,31.628700256347656,-106.42500305175781,3902,336,
237671,4703,MMCU,3609,98,ASP,0,0,05,28.696699,-105.972,4447,56,,23,28.702299,-105.962997,4447,236,
237673,4703,MMCU,8530,148,ASP,1,0,18L,28.714599609375,-105.96099853515625,4436,190.8,,36R,28.691600799560547,-105.96600341796875,4398,10.8,
237672,4703,MMCU,7885,75,ASP,0,0,18R,28.713300704956055,-105.96299743652344,4459,190.8,,36L,28.691999435424805,-105.96800231933594,4459,10.8,
237780,4706,MMCZ,10165,148,ASP,1,1,05,20.522899627685547,-86.94020080566406,11,55.2,2530,23,20.538799285888672,-86.91580200195312,14,235.2,
237781,4706,MMCZ,8858,148,ASP,1,0,12,20.520099639892578,-86.94000244140625,10,116,656,30,20.50950050354004,-86.9166030883789,15,296,
237662,4710,MMGL,5906,98,ASP,0,1,02,20.520891,-103.311729,5016,30,,20,20.534929,-103.30304,5016,210,
430676,4710,MMGL,11608,148,ASP,1,0,11L,20.531017,-103.32666,5006,,,29R,20.518005,-103.29567,5006,,
237663,4710,MMGL,13123,197,ASPH,1,0,11R,20.528786,-103.327698,5012,113,,29L,20.514072,-103.292664,5011,293,
237680,4713,MMHO,7546,148,ASP,1,0,05,29.08799934387207,-111.06300354003906,626,59,,23,29.098800659179688,-111.04199981689453,626,239,
237681,4713,MMHO,3609,98,ASP,0,1,11,29.099899291992188,-111.05400085449219,616,126,,29,29.094200134277344,-111.04499816894531,616,306,
237722,4722,MMLO,11483,148,ASP,1,0,13,21.0044002532959,-101.49299621582031,5956,134,,31,20.982500076293945,-101.46900177001953,5956,314,
237779,4724,MMLT,7218,148,ASP,1,0,16,25.999099731445312,-111.3499984741211,34,173,,34,25.979299545288086,-111.34700012207031,34,353,
237683,4726,MMMD,10499,151,ASP,1,0,10,20.937599182128906,-89.6603012084961,38,105,984,28,20.93000030517578,-89.63059997558594,38,285,
237684,4726,MMMD,7546,151,ASP,1,0,18,20.94070053100586,-89.65760040283203,38,181,,36,20.9197998046875,-89.65799713134766,38,1,
237761,4728,MMMM,11155,148,ASP,1,0,05,19.841100692749023,-101.03900146484375,6033,54.7,,23,19.858800888061523,-101.01200103759766,6033,234.7,
237742,4731,MMMX,12966,148,ASP,1,0,05L,19.427600860595703,-99.09049987792969,7309,59.4,1034,23R,19.44569969177246,-99.05819702148438,7311,239.4,1641
237741,4731,MMMX,12795,148,ASP,1,0,05R,19.427000045776367,-99.08580017089844,7316,59.4,1493,23L,19.444900512695312,-99.05390167236328,7295,239.4,
237724,4732,MMMY,9843,148,ASP,1,0,12,25.7841,-100.116997,1277,121,,30,25.77,-100.091003,1234,301,
237725,4732,MMMY,5909,98,ASP,0,0,16,25.78809928894043,-100.11000061035156,1271,165,,34,25.77239990234375,-100.1050033569336,1254,345,
237733,4733,MMMZ,8868,197,ASP,1,0,09,23.162001,-106.278,19,93,,27,23.1607,-106.251999,37,273,
237728,4736,MMOX,8038,148,ASP,1,0,01,16.988100051879883,-96.7291030883789,4965,15.7,,19,17.0093994140625,-96.7228012084961,4989,195.7,
237726,4738,MMPB,11811,148,ASP,1,0,17,19.17449951171875,-98.37200164794922,7361,177.8,,35,19.141799926757812,-98.37090301513672,7361,357.8,
237792,4745,MMPR,10171,148,ASP,1,0,04,20.670499801635742,-105.26499938964844,23,47,,22,20.689599990844727,-105.24299621582031,23,227,
237647,4747,MMQT,11483,148,CON,1,0,09,20.62019920349121,-100.2020034790039,6296,100.8,,27,20.614299774169922,-100.16899871826172,6296,280.8,
237695,4750,MMSD,9843,148,ASP,1,0,16,23.165300369262695,-109.7229995727539,374,173.7,,34,23.138399124145508,-109.71900177001953,348,353.7,
604703,31923,MMSM,11385,246,CON,1,1,04,,,,,,22,,,,,1387
348717,31923,MMSM,14764,148,PEM,1,0,04C,19.728561,-99.023102,7358,45,,22C,19.755127,-98.990631,7358,225,
348716,31923,MMSM,14764,148,PEM,1,0,04L,19.734081,-99.039696,7356,45,,22R,19.760651,-99.007225,7356,225,
348718,31923,MMSM,11483,148,CON,1,0,04R,19.725822,-99.02063,7355,45,,22L,19.7465,-98.995354,7355,225,
237700,4757,MMTJ,9711,144,CON,1,0,09,32.54309844970703,-116.98600006103516,487,99,,27,32.53900146484375,-116.95500183105469,487,279,
525588,520012,MMTL,12139,148,CON,1,0,12,,,,,,30,,,,,
237747,4760,MMTO,13780,148,ASP,1,0,15,19.35449981689453,-99.57389831542969,8463,156.8,295,33,19.319599151611328,-99.55809783935547,8466,336.8,525
298622,4762,MMUN,9186,148,ASP,1,0,12L,21.054702758789062,-86.88137817382812,22,123.6,,30R,21.040658950805664,-86.85896301269531,18,303.6,
237786,4762,MMUN,11483,197,ASP,1,0,12R,21.045299530029297,-86.89099884033203,20,123.6,,30L,21.027799606323242,-86.86289978027344,18,303.6,
237790,4763,MMVA,7218,148,ASP,1,0,08,17.996400833129883,-92.82779693603516,46,87,,26,17.997600555419922,-92.80690002441406,46,267,
237738,4764,MMVR,4997,148,ASP,0,1,09,19.146400451660156,-96.19190216064453,90,101,,27,19.143800735473633,-96.17759704589844,90,281,
237739,4764,MMVR,7874,148,ASP,1,0,19,19.149499893188477,-96.1863021850586,89,191,,01,19.12809944152832,-96.1906967163086,111,11,
237789,4766,MMZH,8222,197,ASP,1,0,09,17.601925,-101.472351,13,92,,27,17.601316,-101.448753,26,272,
238004,4774,MNMG,8012,148,ASP,1,0,10,12.1427,-86.179298,194,97,,28,12.1402,-86.156998,192,277,
238296,4793,MPTO,8800,200,ASP,1,0,03L,9.072790145874023,-79.38729858398438,56,31,,21R,9.093620300292969,-79.37480163574219,135,211,
238295,4793,MPTO,10006,148,CON,1,0,03R,9.04757022857666,-79.3927001953125,22,29.5,,21L,9.07155990600586,-79.37899780273438,36,209.5,
235375,4806,MRLB,9022,148,ASP,1,0,07,10.589099884033203,-85.5562973022461,249,70,,25,10.59749984741211,-85.53250122070312,269,250,
235385,4810,MROC,9882,151,ASP,1,0,07,9.98900032043457,-84.2219009399414,2936,69.1,,25,9.998849868774414,-84.1958999633789,3045,249.1,1969
235662,4820,MSLP,10500,148,ASP,1,0,07,13.435999870300293,-89.0696029663086,77,70,,25,13.445899963378906,-89.04180145263672,99,250,
235663,4820,MSLP,2625,75,ASP,0,1,18,13.454000473022461,-89.04779815673828,101,180,,36,13.446800231933594,-89.04779815673828,123,360,
236408,4823,MTCH,8701,148,ASP,0,0,05,19.717997,-72.20755,10,39,,23,19.736504,-72.191483,6,219,
236406,4825,MTPP,9974,141,ASP,1,0,10,18.579299926757812,-72.30690002441406,79,87,,28,18.580799102783203,-72.2781982421875,122,267,
235419,4834,MUCM,9842,148,ASP,1,0,07,21.4153995513916,-77.86090087890625,400,68,,25,21.42530059814453,-77.83390045166016,400,248,
235410,4835,MUCU,13130,148,ASP,1,0,10,19.969600677490234,-75.85469818115234,197,91,985,28,19.969999313354492,-75.81649780273438,246,269,980
235411,4835,MUCU,4593,148,ASP,0,0,19,19.98069953918457,-75.83550262451172,187,179,,01,19.9689998626709,-75.83540344238281,217,359,
235402,4839,MUHA,13123,148,ASP,1,0,06,22.978599548339844,-82.42489624023438,210,54,,24,22.99970054626465,-82.39320373535156,210,234,
235425,4840,MUHG,10624,148,ASP,1,0,05,20.775400161743164,-76.32630157470703,279,46,328,23,20.795700073242188,-76.30390167236328,361,226,
235424,4854,MUSC,9898,148,ASP,1,0,08,22.48889923095703,-79.95780181884766,338,76.1,,26,22.495500564575195,-79.92939758300781,318,256.1,
235421,4859,MUVR,11490,148,ASP,1,0,06,23.02549934387207,-81.44940185546875,210,56,,24,23.043399810791016,-81.42120361328125,210,236,
235262,4862,MWCR,7867,148,ASP,1,0,08,19.2904,-81.367599,8,81,869,26,19.295099,-81.3479,6,261,407
233656,4946,MYGF,11019,151,ASP,1,0,06,26.551300048828125,-78.71029663085938,6,61,,24,26.56599998474121,-78.68080139160156,7,241,
233664,4951,MYNN,8273,150,ASP,1,0,10,25.035900115966797,-77.48200225830078,14,90,,28,25.036100387573242,-77.45690155029297,13,270,
233665,4951,MYNN,11353,150,ASP,1,0,14,25.051799774169922,-77.47560119628906,13,135,,32,25.030500411987305,-77.4520034790039,14,315,
233653,4954,MYSM,8000,150,ASP,1,0,10,24.064300537109375,-74.53589630126953,10,95.1,,28,24.062299728393555,-74.51200103759766,24,275.1,
233684,4956,MZBZ,9678,148,ASP,1,0,07,17.53689956665039,-88.31812286376953,14,77,,25,17.542871475219727,-88.29104614257812,15,257,
235439,4958,NCRG,7638,150,CON,1,0,08,-21.202699661254883,-159.81700134277344,21,90,400,26,-21.202699661254883,-159.79400634765625,14,270,340
235777,4959,NFFN,10739,150,ASP,1,0,02,-17.773700714111328,177.42799377441406,26,37.8,280,20,-17.75040054321289,177.44700622558594,41,217.8,
235778,4959,NFFN,7007,150,ASP,1,0,09,-17.75349998474121,177.43600463867188,17,104.4,,27,-17.75830078125,177.4550018310547,59,284.4,
235776,4960,NFNA,7047,148,ASP,1,0,10,-18.040892,178.551971,17,109,394,28,-18.047272,178.571136,10,289,
239206,4962,NFTF,8795,147,ASP,1,0,11,-21.234800338745117,-175.16099548339844,91,121.9,,29,-21.247600555419922,-175.13900756835938,113,301.9,
239207,4962,NFTF,4951,195,GRS,0,0,17,-21.237699508666992,-175.13900756835938,98,181.2,,35,-21.251300811767578,-175.13900756835938,126,1.2,
239208,4964,NFTV,5593,98,BIT,1,0,08,-18.584299087524414,-173.97000122070312,221,96.2,980,26,-18.586000442504883,-173.95399475097656,233,276.2,1655
355290,313797,NG-0005,10171,197,concrete,1,0,06,12.47218,4.3571,770,61,,24,12.48621,4.38165,771,241,
237285,4972,NGTA,6598,135,BIT,1,0,09,1.3827799558639526,173.13800048828125,9,97.2,,27,1.3804899454116821,173.156005859375,9,277.2,263
246218,4975,NLWW,6890,148,ASP,1,0,08,-13.238300323486328,-176.20899963378906,59,90,,26,-13.238300323486328,-176.19000244140625,75,270,
603486,342097,NP-0003,8202,148,Concrete,1,0,12,,,,,,30,,,,,
246224,4976,NSFA,9843,148,ASP,1,0,08,-13.8302001953125,-172.02200317382812,58,89,,26,-13.829700469970703,-171.99400329589844,9,269,
232907,4978,NSTU,10000,150,ASP,1,0,05,-14.340499877929688,-170.72500610351562,30,60.2,1000,23,-14.326800346374512,-170.7010040283203,9,240.2,800
232908,4978,NSTU,3800,100,ASP,1,0,08,-14.326899528503418,-170.71299743652344,6,90,1600,26,-14.326899528503418,-170.70199584960938,5,270,
235795,4979,NTAA,11360,148,ASP,1,0,04,-17.56290054321289,-149.6199951171875,5,54.3,1120,22,-17.544599533081055,-149.593994140625,5,234.3,390
237885,5011,NVVV,8530,148,ASP,1,0,11,-17.692699432373047,168.3070068359375,51,117.9,,29,-17.703699111938477,168.3280029296875,70,297.9,
237886,5011,NVVV,3310,105,GRS,0,0,11R,-17.695199966430664,168.31100463867188,,117.9,,29L,-17.699499130249023,168.31900024414062,,297.9,
237866,5021,NWWW,10663,148,ASP,1,0,11,-22.006999969482422,166.19900512695312,30,121.1,,29,-22.0221004486084,166.2259979248047,52,301.1,
238097,5023,NZAA,10197,148,CON,0,1,05L,-37.01380157470703,174.77099609375,15,71,1148,23R,-37.00490188598633,174.80499267578125,22,251,1542
238096,5023,NZAA,11926,148,CON,1,0,05R,-37.017101,174.766998,15,72,1125,23L,-37.006699,174.804993,23,252,
238073,5026,NZCH,1690,229,GRS,0,0,01,-43.48659896850586,172.531005859375,,37.7,,19,-43.48270034790039,172.53500366210938,,217.7,
238074,5026,NZCH,10787,148,ASP,1,0,02,-43.49760055541992,172.52200317382812,123,41,,20,-43.474998474121094,172.54800415039062,93,221,
238075,5026,NZCH,5587,148,BIT,1,0,11,-43.48460006713867,172.52499389648438,115,131,,29,-43.49470138549805,172.54100036621094,95,311,
238105,5051,NZQN,6204,148,ASP,1,0,05,-45.020123,168.734924,1160,76,196,23,-45.016441,168.758362,1171,256,171
238107,5051,NZQN,2920,33,BITUM,0,0,14,-45.017185,168.740906,1168,165,33,32,-45.024769,168.744568,1159,345,66
238043,5063,NZWN,6352,148,ASP,1,0,16,-41.31740188598633,174.8070068359375,41,183,210,34,-41.334800720214844,174.80599975585938,23,3,210
232777,5069,OAHR,9888,150,ASP,0,0,18,34.22119903564453,62.22999954223633,3206,187,,36,34.19879913330078,62.226600646972656,3133,7,
232784,5072,OAKB,11483,164,ASP,1,0,11,34.570499420166016,69.19429779052734,5869,107,80,29,34.56119918823242,69.23049926757812,5872,287,2325
232780,5073,OAKN,10532,148,ASP,1,0,05,31.497499465942383,65.83390045166016,3303,55,,23,31.513999938964844,65.86170196533203,3337,235,2001
232778,5075,OAMS,10437,146,CONCRETE AND ASP,1,1,06L,36.70100021362305,67.19349670410156,1278,65.8,535,24R,36.712799072265625,67.22589874267578,1256,245.8,1733
271059,5075,OAMS,9843,147,ASP,1,0,06R,36.700833,67.201,1287,66,,24L,36.711833,67.2315,1252,246,
233604,5079,OBBI,12979,197,ASP,1,0,12L,26.280399322509766,50.617000579833984,6,123,1000,30R,26.26129913330078,50.65019989013672,6,303,1000
233603,5079,OBBI,8302,148,ASP,1,0,12R,26.270999908447266,50.62990188598633,7,123,1000,30L,26.258699417114258,50.65129852294922,6,303,395
353835,316826,OCS,10220,,Concrete,0,0,01,,,,,,19,,,,,
238678,5082,OEAB,10991,148,ASP,1,0,13,18.249900817871094,42.6442985534668,6832,129,,31,18.23080062866211,42.66899871826172,6858,309,
238645,5083,OEAH,10039,148,ASP,1,0,16,25.298599243164062,49.481201171875,588,164.9,,34,25.27199935913086,49.48910140991211,575,344.9,
355185,300611,OEAO,10007,164,asphalt,1,0,12,,,,,,30,,,,,
238669,5087,OEDF,13124,197,ASP,1,0,16L,26.48859977722168,49.8036994934082,59,165,,34R,26.453800201416016,49.81439971923828,72,345,
238668,5087,OEDF,13124,197,ASP,1,0,16R,26.48859977722168,49.78139877319336,48,165,,34L,26.453800201416016,49.79209899902344,56,345,
238674,5089,OEDR,11811,148,ASP,1,0,16L,26.28820037841797,50.164100646972656,84,165,,34R,26.256799697875977,50.17340087890625,48,345,
238673,5089,OEDR,12008,148,ASP,1,0,16R,26.268600463867188,50.132598876953125,68,165,,34L,26.2367000579834,50.1421012878418,64,345,
238675,5091,OEGS,9843,147,ASP,1,0,15,26.314800262451172,43.766998291015625,2126,153,,33,26.290800094604492,43.780799865722656,2120,333,
238679,5093,OEHL,12204,148,ASP,1,0,18,27.454700469970703,41.6875,3299,184,,36,27.421199798583984,41.68510055541992,3331,4,1164
238622,5097,OEJN,13123,197,ASP,1,0,16C,21.69507,39.151543,26,160,,34C,21.661179,39.164917,26,340,
238624,5097,OEJN,13123,197,ASP,1,0,16L,21.700436,39.167131,30,160,,34R,21.6665,39.1805,48,340,
238623,5097,OEJN,12467,197,ASP,1,0,16R,21.7027,39.1269,13,160,,34L,21.6705,39.139599,13,340,
238676,5101,OEMA,14222,197,ASP,1,0,17,24.576406478881836,39.70331573486328,2151,169,1805,35,24.537992477416992,39.71147155761719,2083,349,
238677,5101,OEMA,10039,147,ASP,1,0,18,24.563499450683594,39.70399856567383,2144,184,,36,24.535999298095703,39.70199966430664,2079,4,
332513,332512,OENN,12326,164,ASP,1,0,15,27.935499,35.284599,25,155,,33,27.919701,35.2929,32,335,
238659,5103,OEPA,10007,148,ASP,1,0,16,28.348867,46.121231,1171,158,,34,28.323328,46.132812,1174,338,
238654,5112,OERK,13796,197,ASP,1,0,15L,24.976900100708008,46.70199966430664,2033,150,,33R,24.944000244140625,46.722801208496094,2012,330,
238653,5112,OERK,13796,197,ASP,1,0,15R,24.97089958190918,46.67490005493164,2049,150,,33L,24.937999725341797,46.695701599121094,2033,330,
238634,5119,OESK,12011,147,ASP,1,0,10,29.787900924682617,40.081298828125,2261,99.8,,28,29.78230094909668,40.11869812011719,2260,279.8,
238631,5121,OETB,10991,148,ASP,1,0,06,28.369199752807617,36.61989974975586,2545,65,,24,28.381999969482422,36.650901794433594,2551,245,
238632,5121,OETB,10007,148,ASP,1,0,13,28.381200790405273,36.59400177001953,2530,132.9,,31,28.362199783325195,36.61709976196289,2539,312.9,
238637,5122,OETF,12254,148,ASP,1,0,07,21.4773006439209,40.520599365234375,4848,74.7,,25,21.486299514770508,40.55550003051758,4737,254.7,
238638,5122,OETF,10991,148,ASP,1,0,17,21.506399154663086,40.54090118408203,4753,172.2,,35,21.47640037536621,40.5453987121582,4775,352.2,
238650,5129,OEYN,10532,148,ASP,1,0,10,24.147499084472656,38.04800033569336,18,103.2,,28,24.140899658203125,38.078800201416016,26,283.2,
236832,5130,OIAA,7437,115,ASP,0,0,14L,30.371299743652344,48.22909927368164,8,144.6,,32R,30.354700088500977,48.242698669433594,10,324.6,
236831,5130,OIAA,10169,148,ASP,1,0,14R,30.378700256347656,48.22129821777344,10,144.6,,32L,30.355899810791016,48.2400016784668,10,324.6,
236889,5137,OIAW,11149,148,ASP,1,0,12,31.34600067138672,48.74720001220703,66,124.1,,30,31.328800201416016,48.77669906616211,59,304.1,
236881,5143,OIBK,12004,215,ASP,0,1,09L,26.530099868774414,53.96200180053711,96,94.9,,27R,26.527299880981445,53.998600006103516,101,274.9,
236880,5143,OIBK,12004,148,ASP,1,0,09R,26.527599334716797,53.96189880371094,95,94.9,,27L,26.524799346923828,53.99850082397461,98,274.9,
236893,5156,OIFM,14425,148,ASP,1,0,07L,32.74869918823242,51.837799072265625,5057,78,,25R,32.75699996948242,51.88370132446289,5044,258,
236892,5156,OIFM,14425,148,ASP,1,0,07R,32.74470138549805,51.83890151977539,5059,78,,25L,32.75299835205078,51.884700775146484,5041,258,
236932,5166,OIIE,13772,148,ASP,1,0,11L,35.42530059814453,51.12220001220703,3305,109,,29R,35.41310119628906,51.16600036621094,3256,289,
236931,5166,OIIE,13425,148,ASP,1,0,11R,35.423698,51.121498,3305,109,,29L,35.4114,51.165798,3257,289,1460
236883,5168,OIII,1554,130,CON,0,1,09,35.6987,51.323799,,89,,27,35.698799,51.329102,,269,
236885,5168,OIII,13087,148,ASP,1,0,11L,35.695576,51.295746,3962,109,2783,29R,35.684521,51.333717,3797,289,
236884,5168,OIII,13258,197,ASP,1,0,11R,35.694698,51.291599,3949,109,2110,29L,35.6824,51.333599,3794,289,
236911,5171,OIIP,12005,197,ASP,1,0,12,35.78609848022461,50.8109016418457,4164,128,,30,35.76580047607422,50.842899322509766,4163,308,
236887,5172,OIKB,11341,98,ASP,0,0,03L,27.204999923706055,56.36859893798828,15,27.8,,21R,27.23270034790039,56.3848991394043,22,207.8,
236886,5172,OIKB,12008,148,ASP,1,0,03R,27.20319938659668,56.370399475097656,14,27.8,,21L,27.23240089416504,56.38759994506836,22,207.8,
236872,5174,OIKK,12635,148,ASP,1,0,16L,30.289413,56.944107,5731,158,,34R,30.257128,56.958885,5738,338,
236871,5174,OIKK,12631,148,ASP,1,0,16R,30.288759,56.942101,5735,,,34L,30.256485,56.956879,5735,,
236835,35276,OIKQ,13864,148,ASP,1,0,05,26.7423,55.8862,14,50,,23,26.767,55.918499,45,230,
236878,5180,OIMB,7093,82,ASP,0,0,08,32.89500045776367,59.25510025024414,4870,78.7,,26,32.89889907836914,59.2776985168457,4947,258.7,
236879,5180,OIMB,9521,148,ASP,0,0,10,32.89649963378906,59.26969909667969,4917,98.7,820,28,32.89250183105469,59.30030059814453,4952,278.7,
236924,5183,OIMM,12503,148,ASP,1,0,13L,36.247798919677734,59.626399993896484,3226,133.6,,31R,36.224098205566406,59.657100677490234,3257,313.6,
236923,5183,OIMM,12877,148,ASP,1,0,13R,36.24679946899414,59.6244010925293,3231,133.6,,31L,36.2224006652832,59.65599822998047,3263,313.6,
236919,5197,OISS,14345,148,ASP,1,0,11L,29.549299240112305,52.570098876953125,4910,114.4,,29R,29.532899856567383,52.61119842529297,4862,294.4,
236918,5197,OISS,14051,148,ASP,1,0,11R,29.545299530029297,52.56880187988281,4920,114.3,,29L,29.529399871826172,52.609100341796875,4864,294.3,
236921,5204,OITT,11825,148,CONC,1,0,12L,38.14390182495117,46.219600677490234,4449,128.9,,30R,38.12350082397461,46.25149917602539,4459,308.9,
236920,5204,OITT,11537,98,ASP,0,0,12R,38.14229965209961,46.21870040893555,4448,128.9,,30L,38.122398376464844,46.249900817871094,4458,308.9,
236901,5209,OIZH,14042,148,ASP,1,0,17L,29.4949,60.904701,4475,173,,35R,29.458836,60.909866,4517,353,781
236900,5209,OIZH,14042,148,ASP,1,0,17R,29.494642,60.902241,4536,173,,35L,29.458872,60.907368,4564,353,919
237253,5212,OJAI,12008,200,ASP,1,0,08L,31.726699829101562,35.969600677490234,2360,81.4,,26R,31.732200622558594,36.00749969482422,2395,261.4,
237252,5212,OJAI,12008,200,CON,1,0,08R,31.714399337768555,35.98059844970703,2357,81.4,,26L,31.719900131225586,36.01850128173828,2365,261.4,
237255,5213,OJAM,10745,148,ASP,1,0,06,31.966299057006836,35.97600173950195,2555,65,,24,31.97909927368164,36.007198333740234,2458,245,
237259,5214,OJAQ,9855,148,ASP,1,0,01,29.597999572753906,35.013301849365234,175,19,,19,29.624000549316406,35.02239990234375,113,199,
237384,5220,OKKK,11483,148,ASP,1,0,15L,29.241199,47.983397,161,155,,33R,29.212601,47.9987,206,335,
237383,5220,OKKK,11155,148,CON,1,0,15R,29.240499,47.961497,134,155,,33L,29.2127,47.976297,170,335,
601917,5220,OKKK,15026,197,ASPH,1,0,16,29.228306,47.941902,169,155,,34,29.190855,47.961807,169,335,
237416,5222,OLBA,12467,148,CON,1,0,03,33.79819869995117,35.480899810791016,47,32.9,1886,21,33.826900482177734,35.50310134887695,39,212.9,3265
237417,5222,OLBA,11138,148,CON,1,0,16,33.8400993347168,35.47890090942383,12,165.8,590,34,33.81050109863281,35.48780059814453,48,345.8,
237418,5222,OLBA,10663,197,ASP,1,0,17,33.838199615478516,35.487098693847656,85,177,,35,33.80929946899414,35.48889923095703,36,357,2788
317257,299738,OM-0003,13123,197,CON,1,0,04,19.487278,57.629299,357,45,,22,19.512747,57.656361,357,225,
308419,5226,OMAA,13451,197,ASP,1,0,13L,24.465,54.638329,62,128,,31R,24.442329,54.67017,72,308,
232764,5226,OMAA,13471,197,ASP,1,0,13R,24.444401,54.635201,82,128,,31L,24.4217,54.667198,88,308,
232773,5227,OMAD,10499,150,ASP,1,0,13,24.43720054626465,54.44559860229492,10,128.1,1674,31,24.41939926147461,54.47050094604492,10,308.2,2559
232774,5230,OMAL,13123,148,ASP,1,0,01,24.243799209594727,55.60660171508789,869,7,,19,24.279600143432617,55.611698150634766,842,187,
232769,5235,OMDB,14275,197,ASP,1,0,12L,25.26462745666504,55.35042190551758,11,121,1476,30R,25.247709274291992,55.38093185424805,32,301,984
232768,5235,OMDB,14590,197,ASP,1,0,12R,25.252836227416992,55.364376068115234,11,121,2345,30L,25.235919952392578,55.39488220214844,60,301,433
300755,300320,OMDW,14764,197,ASPH,1,0,12,24.907091,55.142071,114,120,,30,24.88607,55.180138,170,300,
335239,300320,OMDW,6030,98,asphalt,0,0,13,24.870681762695312,55.15243911743164,155,121,492,31,24.862060546875,55.167999267578125,155,301,492
232770,5237,OMFJ,10007,148,ASP,1,0,11R,25.114336,56.312618,134,112,2296,29L,25.103825,56.340576,49,292,
232771,5238,OMRK,12336,148,ASP,1,0,16,25.62969970703125,55.93389892578125,72,164.8,,34,25.597000122070312,55.94380187988281,102,344.8,
232763,5239,OMSJ,13320,197,ASP,1,0,12,25.338503,55.5048405,92,122,,30,25.32238,55.53261,111,302,984
237631,5242,OOMS,13123,197,ASP,1,0,08L,23.605907440185547,58.25796890258789,22,85,,26R,23.608919143676758,58.29545974731445,22,265,531
237632,5242,OOMS,13386,148,ASP,1,0,08R,23.5917,58.266899,48,85,1375,26L,23.5945,58.301899,26,265,
237634,5244,OOSA,13123,197,ASP,1,0,07,17.034367,54.069736,63,71,,25,17.046259,54.10519,72,251,
237635,5244,OOSA,4196,59,GRE,0,1,17,17.040300369262695,54.10129928588867,70,174.1,,35,17.028799057006836,54.10260009765625,38,354.1,
327551,299742,OOSH,13173,194,ASP,1,0,15,,,,,,33,,,,,
518631,5251,OPFA,8999,98,CONC,1,0,03L,31.356066,72.986488,589,,,21R,31.376017,73.003532,589,,
238201,5251,OPFA,9324,150,ASPH,1,0,03R,31.354939,72.986717,587,36,,21L,31.375608,73.004379,591,216,
523089,342092,OPGD,12000,148,CON,1,0,07,25.290842,62.481789,58,69,394,25,25.302589,62.515736,64,249,394
333693,333692,OPIS,12001,147,ASP,1,0,10L,33.553001403808594,72.80660247802734,1735,101,,28R,33.547000885009766,72.84519958496094,1750,281,
333694,333692,OPIS,12001,197,ASP,1,0,10R,33.55117416381836,72.80614471435547,1732,100,,28L,33.54512405395508,72.8448257446289,1747,280,
238187,5255,OPKC,10500,151,CON,1,0,07L,24.904699325561523,67.14759826660156,77,74.5,,25R,24.912399291992188,67.1780014038086,100,254.5,
238186,5255,OPKC,11155,151,CON,1,0,07R,24.900400161743164,67.1426010131836,71,74.3,,25L,24.908700942993164,67.17500305175781,89,254.3,
238182,5257,OPLA,11024,151,CON,1,0,18L,31.53660011291504,74.40480041503906,712,181,,36R,31.506500244140625,74.404296875,707,1,
238181,5257,OPLA,9000,151,ASP,1,0,18R,31.533899307250977,74.40280151367188,710,181,,36L,31.509199142456055,74.40239715576172,705,1,
238191,5264,OPMT,12353,148,ASP,1,0,18,30.2198,71.4202,358,183,918,36,30.191,71.4183,402,3,935
238210,5270,OPPS,9000,150,ASP,1,0,17,34.00600051879883,71.51349639892578,1171,175.9,,35,33.98139953613281,71.51570129394531,1211,355.9,
238194,5272,OPQT,11962,150,CON,1,0,13L,30.264099,66.925598,5194,136,,31R,30.2402,66.951797,5267,316,
238195,5272,OPQT,12001,110,ASP,1,0,13R,30.2626,66.923798,,136,,31L,30.2388,66.949997,,316,
238216,5277,OPSD,11995,101,ASP,1,0,14L,35.338402,75.526802,7305,153,,32R,35.322601,75.536903,7315,333,
238215,5277,OPSD,11995,150,ASP,1,0,14R,35.353298,75.530502,7256,147,,32L,35.325699,75.552299,7301,327,
307350,41624,OPST,11811,150,ASP,1,0,22L,,,,,,04R,,,,,
238217,5283,OPTU,6000,98,ASP,1,0,08L,25.985399,63.021198,483,83,,26R,25.9874,63.0392,498,263,
604634,5283,OPTU,9022,148,ASP,1,0,08R,,,,,,26L,,,,,
237083,5289,ORBI,13124,197,CON,1,0,15L,33.28379821777344,44.231201171875,113,150,,33R,33.252601623535156,44.252601623535156,110,330,
237082,5289,ORBI,10830,148,CON,0,0,15R,33.26860046386719,44.21689987182617,114,150,,33L,33.242801666259766,44.23460006713867,113,330,
237093,5290,ORBM,8695,147,CON,1,0,15,36.316799,43.1418,709,158,,33,36.294701,43.153,705,338,
237094,5292,ORER,9197,95,ASP,1,1,15,36.24869918823242,43.9557991027832,1282,152,,33,36.22650146484375,43.97060012817383,1310,332,
237095,5292,ORER,4085,105,ASP,0,1,15L,36.24079895019531,43.964298248291016,1341,151.7,,33R,36.230899810791016,43.97090148925781,1329,331.7,
260374,5292,ORER,,,UNK,0,1,15R,,,1401,,,33L,,,1407,,
237096,5292,ORER,15748,246,Concrete,1,0,18,36.259743,43.946838,,180,,36,36.216473,43.946503,,,
237079,5293,ORKK,9809,148,CON,1,0,13,35.47890090942383,44.33449935913086,1033,133.3,,31,35.46049880981445,44.35850143432617,1059,313.3,
237080,5293,ORKK,8535,160,ASP,1,0,14,35.47890090942383,44.34360122680664,1050,145.3,,32,35.459598541259766,44.359901428222656,1061,325.3,
237090,5294,ORMM,13124,148,CON,1,0,14,30.56220054626465,47.64849853515625,10,137.9,,32,30.535499572753906,47.676300048828125,10,317.9,
313027,311028,ORNI,9842,148,ASP,1,0,10,31.993125915527344,44.38896179199219,103,97,,28,31.9865665435791,44.419647216796875,103,277,
239077,5302,OSAP,9547,148,ASP,1,0,09,36.18230056762695,37.20840072631836,1276,97.3,,27,36.17900085449219,37.240299224853516,1257,277.3,
239086,5303,OSDI,9843,148,ASP,1,1,05L,33.41859817504883,36.5088005065918,2002,48,,23R,33.43629837036133,36.53269958496094,1995,228,
239085,5303,OSDI,11811,148,ASP,1,0,05R,33.3849983215332,36.49610137939453,2020,48,,23L,33.40629959106445,36.52470016479492,2002,228,
238379,5308,OTBD,15000,151,ASP,1,0,15,25.28019905090332,51.55649948120117,35,158.2,2460,33,25.241899490356445,51.57350158691406,25,338.2,
312710,44686,OTHH,15912,197,Asphalt,1,0,16L,25.296100616455078,51.60879898071289,12,156,,34R,25.255399703979492,51.626800537109375,12,336,
312712,44686,OTHH,13944,197,Asphalt,1,0,16R,25.291000366210938,51.589698791503906,12,156,,34L,25.255300521850586,51.60540008544922,12,336,
246245,5311,OYAA,10171,148,ASP,1,0,08,12.826399803161621,45.014801025390625,7,77,,26,12.8326997756958,45.04280090332031,7,257,
246242,5317,OYRN,9843,148,ASP,1,0,06,14.6563,49.362701,49,62,,24,14.669,49.387299,46,242,
246248,5318,OYSN,10669,148,ASP,1,0,18,15.491000175476074,44.219600677490234,7165,179.6,,36,15.46150016784668,44.21979904174805,7216,359.6,
246251,5320,OYSY,9843,120,ASP,0,0,07,15.961099624633789,48.775299072265625,2097,68.5,,25,15.970999717712402,48.80139923095703,2087,248.5,
244713,5388,PANC,10600,150,ASP,1,0,07L,61.169765,-150.008333,128,90,,25R,61.169811,-149.948301,92,270,
244712,5388,PANC,12400,200,ASP,1,0,07R,61.167812,-150.042871,132,90,,25L,61.167881,-149.972649,101,270,
244714,5388,PANC,10865,200,ASP,1,0,15,61.199731,-150.014531,152,165,200,33,61.171042,-149.998469,122,345,565
235365,5430,PGRO,6000,150,ASP,1,0,09,14.174599647521973,145.23399353027344,591,92,,27,14.174099922180176,145.25100708007812,607,272,
236329,5433,PGUM,12015,150,asphalt,1,0,06L,13.478899955749512,144.78399658203125,239,65,,24R,13.490599632263184,144.80999755859375,297,245,
236328,5433,PGUM,10014,150,asphalt,1,0,06R,13.47719955444336,144.78500366210938,231,65,,24L,13.486499786376953,144.80499267578125,284,245,
241261,5448,PHKO,11000,150,ASP,1,0,17,19.7539005279541,-156.04400634765625,47,185,,35,19.72369956970215,-156.0469970703125,37,5,
242399,5449,PHLI,6500,150,ASP,1,0,03,21.972900390625,-159.3489990234375,153,45,,21,21.985599517822266,-159.3350067138672,83,225,205
242400,5449,PHLI,6500,150,ASP,1,0,17,21.981700897216797,-159.33599853515625,92,180,,35,21.96380043029785,-159.33599853515625,92,360,
253727,5453,PHNL,6955,150,ASPH-G,0,0,04L,21.31830025,-157.9230042,10,53,,22R,21.32979965,-157.9069977,10,233,
253728,5453,PHNL,9002,150,ASPH-G,0,0,04R,21.31389999,-157.927002,9,53,,22L,21.3288002,-157.9060059,9,233,
253729,5453,PHNL,3000,150,WATER,0,0,04W,21.314699172973633,-157.91299438476562,,51,,22W,21.319900512695312,-157.906005859375,,231,
253730,5453,PHNL,12360,200,ASPH-G,0,0,08L,21.32519913,-157.9429932,12,90,,26R,21.32519913,-157.9069977,9,270,
253731,5453,PHNL,12000,200,ASPH-G,0,0,08R,21.306800842285156,-157.9459991455078,10,90,,26L,21.306800842285156,-157.91099548339844,10,270,
253732,5453,PHNL,5090,300,WATER,0,0,08W,21.31130028,-157.9170074,,91,,26W,21.31110001,-157.9019928,,271,
240429,5455,PHOG,6998,150,ASP,1,0,02,20.88909912,-156.4360046,54,35,,20,20.9048996,-156.4250031,12,215,
240430,5455,PHOG,4980,150,ASP,1,0,05,20.89800072,-156.4369965,20,56,,23,20.90379906,-156.423996,16,236,
238385,5488,PKMJ,7897,150,ASP,1,0,07,7.062160015106201,171.26100158691406,6,76,,25,7.067359924316406,171.2830047607422,6,256,
237284,5493,PLCH,6900,98,ASP,1,0,08,1.9863300323486328,-157.35899353027344,5,90,,26,1.9863200187683105,-157.34100341796875,5,270,
235786,5499,PTKK,6006,150,ASP,1,0,04,7.456140041351318,151.83700561523438,10,46,,22,7.467639923095703,151.8489990234375,10,226,
238374,5501,PTRO,7200,150,ASP,1,0,09,7.367889881134033,134.53399658203125,176,91,,27,7.367410182952881,134.5540008544922,171,271,
235784,5502,PTSA,5750,150,ASP,1,0,05,5.3524699211120605,162.95199584960938,10,56,,23,5.361380100250244,162.96499633789062,11,236,
235787,5503,PTYA,6000,150,ASP,1,0,07,9.496310234069824,138.0749969482422,91,72,,25,9.501509666442871,138.08999633789062,89,252,
239315,5516,RCKH,10335,197,CON,1,0,09,22.577600479125977,120.33499908447266,20,91.9,525,27,22.57659912109375,120.36499786376953,30,271.9,1477
239321,5520,RCMQ,12000,148,CON,1,0,18,24.2814998626709,120.62000274658203,653,176.5,,36,24.24850082397461,120.62200164794922,663,356.5,
239334,5522,RCNN,10007,148,CON,1,0,18L,22.96430015563965,120.20700073242188,63,178.7,,36R,22.93670082092285,120.20800018310547,32,358.7,
239333,5522,RCNN,10007,148,CON,1,0,18R,22.964099884033203,120.2040023803711,56,178.6,,36L,22.936599731445312,120.2040023803711,25,358.6,
239320,5524,RCQC,9843,148,CON,1,0,02,23.55579948425293,119.6240005493164,103,18.2,,20,23.581499099731445,119.63300323486328,39,198.2,
239322,5527,RCSS,8547,197,ASP,1,0,10,25.069900512695312,121.54000091552734,13,92,,28,25.06909942626953,121.56600189208984,14,272,
239327,5528,RCTP,12008,197,CON,1,0,05L,25.072900772094727,121.21600341796875,73,49.3,,23R,25.09447479248047,121.24337768554688,62,229.3,
239328,5528,RCTP,10991,197,CON,1,0,05R,25.060842514038086,121.2234878540039,106,49.3,347,23L,25.08329963684082,121.25199890136719,95,229.3,1167
255979,5530,RCYU,9022,148,PEM,0,0,03,24.01259994506836,121.61100006103516,45,26,,21,24.034700393676758,121.62300109863281,52,206,
239323,5530,RCYU,9005,75,ASP,0,0,03R,24.01099967956543,121.61299896240234,42,26.2,656,21L,24.03339958190918,121.625,48,206.2,328
239324,5530,RCYU,,,,1,1,XX,,,,,,XX,,,,,
237143,5531,RJAA,8202,196,ASP,1,0,16L,35.80270004272461,140.3800048828125,135,150,190,34R,35.78580093383789,140.39199829101562,141,330,190
237142,5531,RJAA,13123,196,ASP,1,0,16R,35.77439880371094,140.3679962158203,130,150,,34L,35.74330139160156,140.39100646972656,139,330,2460
606090,5533,RJAH,8858,150,ASP,1,0,03L,,,,,,21R,,,,,
237157,5533,RJAH,8858,150,CON,1,0,03R,36.169601,140.410004,105,20,,21L,36.192501,140.421005,105,200,
308417,5536,RJBB,13123,196,ASP,1,0,06L,34.42850112915039,135.20616149902344,24,51,,24R,34.451332092285156,135.24000549316406,32,231,
237239,5536,RJBB,11483,196,ASP,1,0,06R,34.41740036010742,135.22900390625,6,51,,24L,34.437198638916016,135.25900268554688,15,231,
237119,5538,RJBE,8202,200,ASP,1,0,09,34.63159942626953,135.2100067138672,27,84.6,,27,34.6338005065918,135.23699951171875,26,264.6,
237178,5544,RJCC,9843,200,ASP,1,0,01L,42.7616,141.692993,62,353,,19R,42.788399,141.688004,82,173,
237177,5544,RJCC,9843,200,ASP,1,0,01R,42.762001,141.695999,57,353,,19L,42.788799,141.692001,77,173,
237145,5545,RJCH,9842,148,ASP,1,0,12,41.7743,140.804993,92,108,,30,41.765999,140.839005,151,288,
237205,5564,RJFF,9186,197,ASP,1,0,16L,33.596901,130.442993,15,150,,34R,33.575001,130.457993,32,330,
596486,5564,RJFF,8202,197,ASPH,1,0,16R,33.59597,130.441223,23,,,34L,33.576405,130.45459,23,,
237219,5566,RJFK,9840,150,ASP,1,0,16,31.815099716186523,130.71099853515625,906,150,,34,31.79170036315918,130.7270050048828,859,330,
237200,5567,RJFM,8200,150,ASP,1,0,09,31.87619972229004,131.43499755859375,14,85.2,,27,31.87809944152832,131.46200561523438,20,265.2,
237115,5570,RJFR,8202,197,ASP,1,0,18,33.856644,131.03273,20,170,,36,33.834465,131.037262,23,350,
237110,5571,RJFS,6562,148,ASP,1,0,11,33.15119934082031,130.29200744628906,6,99.2,,29,33.14830017089844,130.31300354003906,6,279.2,
237230,5572,RJFT,9840,150,ASP,1,0,07,32.83150100708008,130.84100341796875,601,64.9,,25,32.843101501464844,130.8699951171875,642,244.9,
237194,5573,RJFU,9840,200,ASP,1,0,14,32.926998138427734,129.9029998779297,14,138,,32,32.906898498535156,129.9239959716797,15,318,
237195,5573,RJFU,4350,100,ASP,1,1,18,32.933998107910156,129.93299865722656,18,174.2,245,36,32.92210006713867,129.9340057373047,18,354.2,245
237114,5576,RJGG,11483,197,PEM,1,0,18,34.8739013671875,136.802001953125,15,168.8,,36,34.842899322509766,136.8090057373047,15,348.8,
237232,5585,RJNK,8860,150,PEM,1,1,06,36.387001037597656,136.39500427246094,36,55.5,,24,36.40079879760742,136.4199981689453,18,235.5,
237233,5585,RJNK,8876,148,ASP,1,0,06T,36.387699127197266,136.3939971923828,36,55.5,,24T,36.4015007019043,136.41900634765625,18,235.5,
330022,299238,RJNS,7218,197,asphalt concrete,0,0,12,,,454,128,,30,,,413,308,
237148,5590,RJOA,9842,200,ASP,1,0,10,34.43600082397461,132.9029998779297,1072,90,,28,34.43600082397461,132.93600463867188,1067,270,
237153,5591,RJOB,9843,150,ASP,1,0,07,34.75,133.84100341796875,806,59,,25,34.76390075683594,133.8699951171875,804,239,
237199,5596,RJOK,8203,148,ASP,1,0,14,33.55329895019531,133.65899658203125,42,131,,32,33.538700103759766,133.67999267578125,18,311,
237146,5597,RJOM,8200,150,ASP,1,0,14,33.834598541259766,132.68899536132812,25,130.5,,32,33.81990051269531,132.7100067138672,17,310.5,
237186,5598,RJOO,5997,150,ASP,1,0,14L,34.7952995300293,135.4290008544922,50,135,,32R,34.783599853515625,135.4429931640625,34,315,
237185,5598,RJOO,9840,200,CON,1,0,14R,34.79130172729492,135.4290008544922,46,135,,32L,34.77220153808594,135.45199584960938,31,315,
237172,5600,RJOS,6560,150,ASP,1,0,11,34.134700775146484,134.5959930419922,6,102.4,,29,34.13090133666992,134.61700439453125,26,282.4,
237154,5601,RJOT,8200,200,ASP,1,0,08,34.21070098876953,134.0030059814453,583,72.8,,26,34.21739959716797,134.0290069580078,586,252.9,
237138,5605,RJSA,9846,200,ASP,1,0,06,40.72489929199219,140.6750030517578,647,52,,24,40.741600036621094,140.7030029296875,664,232,
237165,5613,RJSN,4300,150,ASP,1,0,04,37.948299407958984,139.11500549316406,23,31.9,,22,37.95830154418945,139.1230010986328,6,211.9,
237166,5613,RJSN,8200,150,ASP,1,0,10,37.9567985534668,139.0959930419922,29,92.7,,28,37.9557991027832,139.12399291992188,12,272.7,
237214,5615,RJSS,9842,150,ASP,1,0,09,38.13880157470703,140.8990020751953,11,82.5,,27,38.14229965209961,140.93299865722656,15,262.5,
237215,5615,RJSS,3940,150,ASP,1,0,12,38.13949966430664,140.9149932861328,6,117.7,,30,38.1343994140625,140.927001953125,5,297.7,
237196,5627,RJTT,8202,200,ASP,1,0,04,35.549015,139.761274,19,35,,22,35.567459,139.777114,35,215,
308751,5627,RJTT,8202,200,ASP,1,0,05,35.524001,139.803469,46,57,,23,35.540598,139.822125,55,223,
237198,5627,RJTT,11024,200,ASP,1,0,16L,35.565897,139.78655,22,150,1280,34R,35.53969,139.805142,20,330,1180
237197,5627,RJTT,9843,200,ASP,1,0,16R,35.560452,139.768734,20,150,1770,34L,35.536591,139.785672,20,330,
302304,302303,RKJB,9186,,concrete,1,0,01,34.978824615478516,126.3829116821289,32,14,,19,35.004005432128906,126.38270568847656,51,194,
237290,5638,RKNY,8202,148,CON,1,0,15,38.070098876953125,128.66000366210938,230,141,,33,38.0526008605957,128.67799377441406,227,321,
237295,5639,RKPC,10433,148,ASP,1,0,07,33.50040054321289,126.46900177001953,86,58.5,,25,33.51449966430664,126.49700164794922,76,238.5,
237296,5639,RKPC,6268,148,ASP,1,0,13,33.515499114990234,126.48699951171875,67,125.6,,31,33.50550079345703,126.50399780273438,105,305.6,1350
237331,5642,RKPK,9007,150,ASP,1,0,18L,35.19409942626953,128.93699645996094,8,174,,36R,35.169498443603516,128.9409942626953,8,354,
237330,5642,RKPK,10499,197,CON,1,0,18R,35.19390106201172,128.93499755859375,12,173.9,,36L,35.165199279785156,128.93899536132812,12,353.9,
237289,5653,RKSI,12303,197,ASPH,1,0,15L,37.4838981628418,126.44000244140625,23,145,,33R,37.45640182495117,126.46499633789062,23,325,
237288,5653,RKSI,12303,197,ASPH,1,0,15R,37.4818000793457,126.43599700927734,23,145,,33L,37.454200744628906,126.46099853515625,23,325,
313766,5653,RKSI,13123,197,ASPH,1,0,16L,37.47274,126.415631,,145,,34R,37.443432,126.441697,,325,
346105,5653,RKSI,12303,197,ASPH,1,0,16R,37.468746,126.413446,23,145,,34L,37.441272,126.437882,23,325,
237323,5656,RKSS,11811,148,ASP,1,0,14L,37.5703010559082,126.77799987792969,38,135,,32R,37.547401428222656,126.80699920654297,42,315,
237322,5656,RKSS,10499,197,ASP,1,0,14R,37.56800079345703,126.7760009765625,34,135,,32L,37.54759979248047,126.8010025024414,41,315,
237314,5661,RKTN,9000,150,CON,1,0,13L,35.9015998840332,128.64700317382812,112,124.2,,31R,35.88759994506836,128.6719970703125,120,304.2,
237313,5661,RKTN,9039,150,CON,1,0,13R,35.90060043334961,128.64599609375,111,124,,31L,35.88669967651367,128.67100524902344,111,304,
237299,5663,RKTU,9000,200,CON,1,0,06L,36.71009826660156,127.48699951171875,166,51.8,,24R,36.72529983520508,127.51100158691406,185,231.8,
237298,5663,RKTU,9000,150,CON,1,0,06R,36.70790100097656,127.48799896240234,191,52,,24L,36.722900390625,127.51100158691406,191,232,
237220,5671,ROAH,9840,150,ASP,1,0,18L,26.209299087524414,127.6449966430664,11,177,138,36R,26.182300567626953,127.64600372314453,9,357,
334164,5671,ROAH,8858,197,ASPH,0,0,18R,26.203100204467773,127.63200378417969,16,177,,36L,26.178699493408203,127.63400268554688,14,357,
237218,5673,RODN,12100,300,ASP,1,0,05L,26.346200942993164,127.7509994506836,63,51,,23R,26.36720085144043,127.77999877929688,128,231,
237217,5673,RODN,12100,200,CON,1,0,05R,26.3439998626709,127.75499725341797,74,51,,23L,26.364999771118164,127.78399658203125,133,231,
238431,5686,RPLB,9003,148,ASP,1,0,07,14.78969955444336,120.26000213623047,47,67,,25,14.799200057983398,120.28299713134766,53,247,
238483,5687,RPLC,10499,148,CON,0,1,02L,15.170599937438965,120.552001953125,484,21,,20R,15.197600364685059,120.56300354003906,419,201,
238482,5687,RPLC,10499,197,CON,1,0,02R,15.174400329589844,120.55799865722656,466,21.1,,20L,15.201399803161621,120.56900024414062,393,201.1,
238454,5688,RPLI,9120,148,CON,1,0,01,18.16360092163086,120.52999877929688,24,5.4,1181,19,18.188600540161133,120.53199768066406,22,185.4,
604406,336104,RPLK,8202,148,PEM,1,0,05,,,,,1485,23,,,,,1970
238414,5689,RPLL,12261,197,CON,1,0,06,14.49779987335205,121,16,60.3,580,24,14.51449966430664,121.02999877929688,75,240.3,490
238415,5689,RPLL,7408,148,CON,1,0,13,14.524200439453125,121.00299835205078,16,134.8,665,31,14.50979995727539,121.01799774169922,42,314.8,760
238446,5697,RPMD,9842,148,ASP,1,0,05,7.11667013168335,125.63500213623047,93,49.3,,23,7.134369850158691,125.65599822998047,96,229.3,
238484,5709,RPMR,10587,148,CON,1,0,17,6.072609901428223,125.09400177001953,505,173,,35,6.04364013671875,125.0979995727539,465,353,
308634,308633,RPMY,6890,148,Concrete,1,0,09,8.611470222473145,124.4469985961914,189,86,,27,8.612939834594727,124.46600341796875,189,266,
238427,5712,RPMZ,8560,144,ASP,1,0,09,6.923210144042969,122.0479965209961,23,93.8,,27,6.921629905700684,122.07099914550781,33,273.8,
532972,336116,RPSP,8202,,Asphalt,0,0,03,,,,,,21,,,,,
271131,35178,RPVB,6562,148,CON,1,0,03,,,,,,21,,,,,
238437,5739,RPVI,8202,148,ASP,1,0,02,10.822325,122.489417,132,24,,20,10.843592,122.497262,8,204,
238421,5741,RPVK,7175,148,CON,1,0,05,11.672900199890137,122.36900329589844,,49,,23,11.685999870300293,122.38400268554688,,229,
602537,5742,RPVM,8399,148,CON,0,0,04L,10.302517,123.971672,27,44,,22R,10.318928,123.988144,27,224,
238434,5742,RPVM,10860,148,ASP,1,0,04R,10.296953,123.968788,18,45,,22L,10.318175,123.990097,28,225,
238413,5744,RPVP,8530,148,CON,1,0,09,9.742630004882812,118.74700164794922,71,92.5,,27,9.741609573364258,118.77100372314453,25,272.5,
536354,350214,RSI,12139,148,ASP,1,0,15L,,,,,,33R,,,,,
604694,350214,RSI,3281,70,ASP,0,1,15R,,,,,,33L,,,,,
233052,5769,SAAR,9842,148,CON,1,0,02,-32.91680145263672,-60.787601470947266,82,10,,20,-32.89030075073242,-60.78160095214844,77,190,
233011,5771,SABE,7710,148,PEM,1,0,13,-34.553902,-58.425098,18,124,,31,-34.564499,-58.406101,15,304,417
232955,5773,SACO,10499,148,CON,1,0,01,-31.324399948120117,-64.20800018310547,1522,358,,19,-31.295799255371094,-64.20809936523438,1604,178,
232954,5773,SACO,7218,148,ASP,1,0,05,-31.324800491333008,-64.20929718017578,1526,43,840,23,-31.308900833129883,-64.19120025634766,1539,223,
233039,5781,SAEZ,10827,197,ASP,1,0,11,-34.81909942626953,-58.55350112915039,62,102.3,,29,-34.825401306152344,-58.5181999206543,66,282.3,
233040,5781,SAEZ,10187,148,ASP,1,0,17,-34.80830001831055,-58.53390121459961,62,164,,35,-34.835201263427734,-58.524600982666016,67,344,984
232947,5786,SAME,9301,177,CON,1,0,18,-32.81919860839844,-68.7927017211914,2290,181,,36,-32.84429931640625,-68.79309844970703,2310,1,
233038,5794,SANT,11483,148,CON,1,0,02,-26.85379981994629,-65.1072998046875,1439,10,,20,-26.827999114990234,-65.10230255126953,1493,190,
233046,5804,SARE,9088,148,ASP,1,0,3,-27.461700439453125,-59.061100006103516,171,20.9,,21,-27.43829917907715,-59.05110168457031,174,200.9,
233003,5811,SASA,9842,148,ASP,1,0,02,-24.872801,-65.489899,4088,11,,20,-24.846399,-65.4841,4039,191,
233004,5811,SASA,7874,98,ASP,1,0,06,-24.858101,-65.489601,4068,52,,24,-24.844801,-65.470802,3983,232,
232939,5812,SASJ,9698,131,ASP,1,0,16,-24.381200790405273,-65.1051025390625,3019,149,,34,-24.404300689697266,-65.0905990600586,2903,329,
233057,5822,SAVC,9219,164,CON,1,0,7,-45.78779983520508,-67.4833984375,189,79,,25,-45.782901763916016,-67.44770050048828,105,259,
232921,5831,SAWC,8366,148,CON,1,0,7,-50.28139877319336,-72.0708999633789,669,84.6,,25,-50.27920150756836,-72.0353012084961,653,264.6,
232969,5834,SAWG,11644,148,CON,1,0,7,-51.61009979248047,-69.33820343017578,61,86,243,25,-51.607601165771484,-69.28710174560547,51,266,
233002,5848,SAZN,8432,148,ASP,1,0,9,-38.94900131225586,-68.17050170898438,895,90.2,,27,-38.94900131225586,-68.14089965820312,886,270.2,
233027,5852,SAZS,7703,157,ASP,1,0,11,-41.14680099487305,-71.17030334472656,2749,115,,29,-41.155601501464844,-71.1447982788086,2772,295,
324528,5867,SBBE,6004,148,ASP,0,0,03,-1.39055,-48.47715,27,5,,21,-1.374064,-48.475746,54,185,
233991,5867,SBBE,108,108,CON,0,1,07,,,,,,20,,,,,
233992,5867,SBBE,9186,148,ASP,0,0,07,-1.388017,-48.485008,44,46,,25,-1.37025,-48.467079,52,226,
234071,5872,SBBR,10499,148,ASP,1,0,11L,-15.86359977722168,-47.923500061035156,3448,86,,29R,-15.861700057983398,-47.897701263427734,3479,266,
234070,5872,SBBR,10827,148,ASP,1,0,11R,-15.88070011138916,-47.939998626708984,3497,86,,29L,-15.878700256347656,-47.90919876098633,3417,266,
234236,5875,SBBV,8858,148,ASP,0,0,8,,,,,,26,,,,,
234190,5882,SBCF,11811,148,ASP,1,0,16,-19.62350082397461,-43.97819900512695,2712,139,,34,-19.648000717163086,-43.95560073852539,2712,319,
234163,5891,SBCT,5899,148,ASP,0,0,11,-25.528291702270508,-49.1801643371582,,,,29,-25.528783798217773,-49.16227340698242,,,
234164,5891,SBCT,7277,148,ASP,1,0,15,-25.5220947265625,-49.18290710449219,2987,136,,33,-25.5361385345459,-49.167179107666016,2987,314,
234047,5894,SBCY,7546,148,ASP,1,0,17,-15.643747329711914,-56.12157440185547,617,153,,35,-15.662224769592285,-56.111751556396484,598,333,
234094,5897,SBEG,8858,148,ASPH 71/F/C/X/T,1,0,11,-3.0385639667510986,-60.061851501464844,252,106,,29,-3.038616895675659,-60.03755187988281,263,286,
234159,5900,SBFI,8875,148,ASP,0,0,15,-25.585848,-54.500118,764,130,1804,33,-25.601755,-54.47971,764,311,197
234239,5901,SBFL,4331,148,CON,0,0,03,-27.675278,-48.554167,16,12,,21,-27.664722,-48.551667,16,192,
234240,5901,SBFL,7874,148,ASP,1,0,14,-27.66572,-48.551208,17,159,,32,-27.676939,-48.530399,17,339,
234350,5905,SBFZ,9039,148,ASPH,1,0,13,-3.773011,-38.544922,82,105,,31,-3.779428,-38.520954,71,285,
234161,5906,SBGL,13123,148,CON,1,0,10,-22.8018,-43.255199,16,74,,28,-22.7922,-43.217701,28,254,
234162,5906,SBGL,10433,154,ASP,1,0,15,-22.812401,-43.263699,16,125,612,33,-22.8291,-43.238499,11,305,375
234115,5908,SBGO,7500,148,ASP,0,0,14,-16.626300811767578,-49.231201171875,2440,120,,32,-16.63759994506836,-49.21099853515625,2454,300,
234133,5910,SBGR,12139,148,ASP,1,0,10L,-23.434059,-46.482548,2445,74,,28R,-23.425043,-46.449203,2440,254,
234132,5910,SBGR,9843,148,ASP,1,0,10R,-23.438801,-46.487,2450,74,,28L,-23.4312,-46.4589,2445,254,
234373,5923,SBJP,8251,148,ASP,0,0,16,,,,,,34,,,,,
234355,5927,SBKP,10630,148,ASP,1,0,15,-22.99850082397461,-47.14699935913086,2139,128,,33,-23.016399383544922,-47.12200164794922,2170,308,300
234076,5942,SBMO,8537,148,ASP,0,0,12,,,387,100,,30,,,364,280,
234118,5947,SBNF,5906,148,ASP,1,0,08,-26.883736,-48.658031,17,,,26,-26.875109,-48.643879,17,,
234351,5951,SBPA,10499,148,ASP,1,0,11,-29.994381,-51.18301,11,91,,29,-29.99485,-51.159389,11,271,
234148,5961,SBPS,6562,148,ASPH,1,0,10,-16.440701,-39.088799,169,74,427,28,-16.4363,-39.072601,156,254,230
234311,5962,SBPV,7874,148,ASP,1,0,1,,,,,,19,,,,,
233810,5964,SBRB,7080,148,ASP,1,0,07,-9.874328,-67.902199,,,,25,-9.863739,-67.885674,,,
234038,5965,SBRF,9865,148,ASP,0,0,18,,,23,162,,36,,,32,342,
234259,5967,SBRJ,4134,98,ASP,1,0,02L,-22.915833,-43.163333,9,357,,20R,-22.904722,-43.163889,9,177,
234258,5967,SBRJ,4341,138,ASP,1,0,02R,-22.916389,-43.1625,9,357,,20L,-22.904722,-43.163333,10,177,
313263,313262,SBSG,9843,197,ASP,1,0,12,-5.767640113830566,-35.3798828125,273,99,,30,-5.7719831466674805,-35.35323715209961,264,279,
234052,5971,SBSL,7828,148,ASP,1,0,06,,,178,39,,24,,,143,219,
234053,5971,SBSL,4803,148,ASP,1,0,09,,,171,70,,27,,,131,250,
234372,5974,SBSP,4905,148,ASP,1,0,17L,-23.6208,-46.658001,2589,147,,35R,-23.631701,-46.650501,2629,327,
234371,5974,SBSP,6365,148,ASP,1,0,17R,-23.621000289916992,-46.660400390625,2615,147,,35L,-23.634300231933594,-46.65119934082031,2633,327,
234184,5977,SBSV,9859,148,ASP,1,0,10,,,30,78,,28,,,64,258,
234185,5977,SBSV,4987,148,ASP,1,0,17,,,28,143,,35,,,34,323,
330846,5998,SBVT,6752,148,ASPH,1,0,02,-20.265829,-40.278332,34,,,20,-20.247499,-40.281109,18,,
234357,5998,SBVT,5742,148,ASPH,1,0,06,-20.2644,-40.2911,13,,,24,-20.250799,-40.2822,13,,
235241,6009,SCCI,5504,148,ASP,1,0,01,-53.007999420166016,-70.8550033569336,122,28.7,,19,-52.99480056762695,-70.84300231933594,110,208.7,
235242,6009,SCCI,9154,148,ASP,1,0,07,-53.00120162963867,-70.87529754638672,139,88.8,,25,-53.0005989074707,-70.83380126953125,112,268.8,
235243,6009,SCCI,7875,148,ASP,1,0,12,-52.997501373291016,-70.86869812011719,138,138.9,,30,-53.01380157470703,-70.84519958496094,112,318.9,
235214,6012,SCDA,10991,148,ASP,1,0,01,-20.550329208374023,-70.18216705322266,97,6,,19,-20.520170211791992,-70.18049621582031,156,186,
235228,6015,SCEL,12303,180,ASP,1,0,17L,-33.376099,-70.786697,1550,178,,35R,-33.409901,-70.785202,1555,358,1800
235227,6015,SCEL,12303,148,ASP,1,0,17R,-33.37189865112305,-70.80370330810547,1551,177,,35L,-33.406898498535156,-70.8019027709961,1550,357,
235233,6018,SCFA,9186,164,ASP,1,0,01,-23.457861,-70.446686,352,7,,19,-23.432716,-70.443611,455,187,
235230,6025,SCIE,8530,148,ASP,1,0,02,-36.78203582763672,-73.06859588623047,26,25,,20,-36.760807037353516,-73.05621337890625,16,205,
321352,6025,SCIE,6470,98,ASP,1,0,02R,,,22,25,,20L,,,15,205,
235212,6026,SCIP,10827,148,ASP,1,0,10,-27.158000946044922,-109.43699645996094,127,117.2,,28,-27.171600341796875,-109.40699768066406,227,297.2,
356513,314783,SCQP,8005,148,ASPH,1,0,01,-38.936401,-72.655746,315,,,19,-38.915401,-72.64743,315,,
235245,6043,SCTE,8694,148,CON,1,0,17,-41.426998138427734,-73.09349822998047,264,182,,35,-41.450801849365234,-73.09439849853516,294,2,
235519,6056,SEGU,9154,151,ASP,1,0,03,-2.1682701110839844,-79.88990020751953,16,30.6,338,21,-2.1465699672698975,-79.877197265625,14,210.6,810
308279,308273,SEQM,13445,148,CON,1,0,18,-0.10561700165271759,-78.35520935058594,7776,180,,36,-0.14264999330043793,-78.35362243652344,7910,360,
235507,6076,SESA,3707,131,ASP,1,0,08,-2.20349,-80.992203,15,82,,26,-2.20202,-80.9823,13,262,
235508,6076,SESA,8629,165,ASP,1,0,13,-2.20293,-80.993599,13,129,,31,-2.21692,-80.9767,12,309,
235505,6084,SETN,7874,148,ASP,1,0,18,0.9893609881401062,-79.6261978149414,20,183,,36,0.9676780104637146,-79.627197265625,32,3,
238115,6088,SGAS,10997,148,ASP,1,0,02,-25.254600524902344,-57.522701263427734,292,10,,20,-25.225099563598633,-57.515499114990234,249,190,
260218,29851,SGEN,7218,148,ASP,1,0,02,,,279,,,20,,,279,,
238122,6091,SGES,11154,148,ASP,1,0,05,-25.467100143432617,-54.85459899902344,846,40.8,,23,-25.443899154663086,-54.83259963989258,774,220.8,
235332,6104,SKBO,12467,148,ASP,1,0,14L,4.71339,-74.1521,8354,127,,32R,4.6927,-74.124702,8354,307,
235331,6104,SKBO,12467,148,ASP,1,0,14R,4.7105,-74.169197,8350,127,,32L,4.68979,-74.1418,8355,307,
235339,6105,SKBQ,9842,148,CON,1,0,05,10.879199981689453,-74.78970336914062,98,40,,23,10.899900436401367,-74.77200317382812,98,220,
235328,6109,SKCG,8530,148,ASP,1,0,01,10.430861,-75.513378,7,2,98,19,10.452475,-75.512492,7,182,
235302,6110,SKCL,9842,148,ASP,1,0,02,3.529900074005127,-76.38390350341797,3153,10,,20,3.556540012359619,-76.37930297851562,3162,190,
235296,6158,SKRG,11286,148,ASP,1,0,01,6.14927,-75.423019,6967,360,,19,6.180367,-75.423225,7025,180,
235303,6163,SKSP,7808,148,ASP,1,0,06,12.578200340270996,-81.72059631347656,8,59.3,,24,12.58899974822998,-81.70169830322266,8,239.3,
333230,333229,SLAL,11811,148,Asphalt,1,0,18,,,,,,36,,,,,
233689,6180,SLCB,8692,148,ASP,1,0,05,-17.4298,-66.184097,8337,37,,23,-17.410801,-66.1689,8360,217,732
233690,6180,SLCB,12460,148,ASP,1,0,14,-17.409000396728516,-66.19110107421875,8360,131.9,328,32,-17.43199920654297,-66.16449737548828,8353,311.9,984
233698,6184,SLLP,13123,151,CON,1,0,10,-16.512699127197266,-68.21099853515625,13110,91.9,,28,-16.513900756835938,-68.17350006103516,13314,271.9,
233699,6184,SLLP,6725,300,GRE,0,0,10L,-16.504100799560547,-68.19840240478516,13202,98,,28R,-16.50659942626953,-68.1792984008789,13307,278,
233702,6185,SLOR,6125,120,GRE,0,0,09,-17.962900161743164,-67.0822982788086,,93.2,,27,-17.96380043029785,-67.064697265625,,273.2,
233703,6185,SLOR,8075,75,ASP,0,0,18,-17.951499938964844,-67.07579803466797,,182,,36,-17.97369956970215,-67.07669830322266,,2,
508591,39473,SLUY,13123,148,CON,0,0,13,-20.431973,-66.873802,12020,,,31,-20.450527,-66.840942,12020,,
233696,6193,SLVR,11483,148,CON,1,0,16,-17.631500244140625,-63.1442985534668,1218,147,,34,-17.658000946044922,-63.126399993896484,1224,327,
237997,6195,SMJP,11417,148,ASPHALT,1,0,11,5.45274019241333,-55.20349884033203,56,89.7,,29,5.452919960021973,-55.17210006713867,57,269.7,
235705,6198,SOCA,10486,148,ASP,1,0,08,4.813779830932617,-52.37350082397461,18,65.3,,26,4.825839996337891,-52.3474006652832,25,245.3,
238148,6205,SPCL,9186,148,ASP,1,0,02,-8.389840126037598,-74.57869720458984,513,20,,20,-8.366040229797363,-74.56990051269531,513,200,
238140,6213,SPHI,8266,148,ASP,1,0,01,-6.798679828643799,-79.82949829101562,94,7,,19,-6.776269912719727,-79.82669830322266,97,187,
238150,6217,SPIM,11506,148,CON,1,0,16L,-12.00761,-77.12136,46,154,,34R,-12.03127,-77.10968,113,333,2001
510595,6217,SPIM,11417,148,CONC,0,0,16R,-12.01205,-77.1311,,154,,34L,-12.03505,-77.11977,,,
238143,6222,SPJL,13780,150,ASP,1,0,12,-15.46,-70.1763,12552,112,,30,-15.4742,-70.139999,12546,292,
238139,6232,SPQT,8202,148,CON,1,0,06,-3.790950059890747,-73.31819915771484,306,56.7,,24,-3.7785298824310303,-73.29940032958984,295,236.7,
238129,6233,SPQU,9777,148,ASP,1,0,10,-16.3398,-71.584702,8270,93,,28,-16.341299,-71.5569,8404,273,1467
238137,6235,SPRU,9920,145,ASP,1,0,02,-8.094490051269531,-79.11280059814453,46,17,,20,-8.068329811096191,-79.10479736328125,106,197,
238133,6236,SPSO,9908,148,ASP,1,0,04,-13.755599975585938,-76.22889709472656,11,38,,22,-13.734100341796875,-76.21170043945312,39,218,
238138,6243,SPZO,11146,148,ASP,1,0,10,-13.534099578857422,-71.95439910888672,10860,95.9,,28,-13.537300109863281,-71.92320251464844,10702,275.9,
246025,6247,SUMU,7382,148,PEM,1,0,01,-34.8419189453125,-56.030731201171875,62,359,,19,-34.82170104980469,-56.03095245361328,51,179,
246026,6247,SUMU,10499,148,PEM,1,0,07,-34.844002,-56.040001,49,53,1150,25,-34.826801,-56.011902,105,233,490
246027,6247,SUMU,5577,148,CON,0,1,10,-34.837398529052734,-56.035701751708984,59,90.8,,28,-34.83760070800781,-56.0171012878418,75,270.8,
246130,6255,SVBC,9186,131,ASP,1,0,02,10.097399711608887,-64.69139862060547,39,13,,20,10.119500160217285,-64.6864013671875,20,193,980
246131,6255,SVBC,9842,131,ASP,1,0,15,10.121800422668457,-64.70050048828125,13,142.6,,33,10.100299835205078,-64.68389892578125,23,322.6,
246112,6259,SVBM,9350,147,ASP,1,0,09,10.040300369262695,-69.3718032836914,2042,81,,27,10.044400215148926,-69.34590148925781,2001,261,1541
246123,6297,SVMC,9843,148,PEM,1,0,03L,10.5459,-71.7341,216,31,,21R,10.5709,-71.723503,239,211,
246122,6297,SVMC,8202,98,PEM,1,0,03R,10.5476,-71.7313,229,31,,21L,10.5684,-71.722504,207,211,
246137,6299,SVMG,10433,150,ASP,1,0,09,10.9093,-63.9809,74,78,,27,10.9152,-63.952301,33,258,493
246138,6299,SVMG,9629,100,ASP,1,0,09L,10.9109,-63.981998,,78,,27R,10.9164,-63.9548,,258,
246097,6300,SVMI,9930,148,ASP,1,0,09,10.598699569702148,-66.9977035522461,230,76,,27,10.605199813842773,-66.97109985351562,101,256,
246098,6300,SVMI,11483,148,ASP,1,0,10,10.603799819946289,-67.01280212402344,235,88,,28,10.6048002243042,-66.98079681396484,147,268,
246141,6315,SVPR,6726,148,ASP,1,0,07,8.284500122070312,-62.768699645996094,472,64,,25,8.292559623718262,-62.75199890136719,472,244,
246119,6334,SVVA,9842,164,ASP,1,0,10,10.150400161743164,-67.94200134277344,1415,92.8,,28,10.149100303649902,-67.91480255126953,1400,272.8,
236404,6356,SYCJ,11023,148,ASP,1,0,06,6.4919,-58.260799,96,45,,24,6.50642,-58.2463,71,225,
236405,6356,SYCJ,5002,148,ASP,1,0,11,6.49859,-58.262402,74,90,,29,6.49859,-58.248699,81,270,
232759,6359,TAPA,9003,148,ASP,1,0,07,17.130199432373047,-61.8036994934082,58,58.4,656,25,17.143199920654297,-61.781700134277344,17,238.4,
233605,6360,TBPB,11000,150,ASP,1,0,09,13.070899963378906,-59.50749969482422,169,75.9,,27,13.078300476074219,-59.47740173339844,160,255.9,
237540,6363,TFFF,9843,148,ASP,1,0,10,14.58846378326416,-61.018287658691406,10,80,,28,14.592778205871582,-60.993125915527344,14,260,984
236323,6366,TFFR,11499,148,ASP,1,0,12,16.268299102783203,-61.54790115356445,5,101,1312,30,16.262300491333008,-61.51570129394531,32,281,820
236098,6367,TGPY,9003,148,ASP,1,0,10,12.004300117492676,-61.79880142211914,21,90.3,,28,12.004199981689453,-61.77360153198242,41,270.3,
246189,6369,TIST,7000,150,ASP,1,0,10,18.33690071105957,-64.9833984375,23,87.5,,28,18.33769989013672,-64.96330261230469,11,267.5,2300
238489,6384,TJSJ,10002,200,ASP,1,0,08,18.438800811767578,-66.01490020751953,8,67,,26,18.449499130249023,-65.98829650878906,7,247,220
238490,6384,TJSJ,8016,150,CON,1,0,10,18.4335994720459,-66.01370239257812,8,90,,28,18.433500289916992,-65.9906005859375,8,270,
238692,6386,TKPK,7602,148,ASP,1,0,07,17.305500030517578,-62.72779846191406,168,57.1,200,25,17.3169002532959,-62.70949935913086,161,237.1,
238960,6389,TLPL,9003,148,ASP,1,0,10,13.733200073242188,-60.965301513671875,11,90,,28,13.733200073242188,-60.93989944458008,10,270,493
232758,6402,TNCA,9000,148,ASP,1,0,11,12.504400253295898,-70.02749633789062,12,103.6,,29,12.49839973449707,-70.00299835205078,62,283.6,
238000,6403,TNCB,9449,148,ASP,1,0,10,12.131400108337402,-68.28179931640625,14,91.7,,28,12.130599975585938,-68.25530242919922,20,271.7,
238001,6404,TNCC,11188,197,ASP,1,0,11,12.192099571228027,-68.97509765625,25,102.2,2723,29,12.185600280761719,-68.94450378417969,29,282.2,
237998,6406,TNCM,7546,148,ASP,1,0,10,18.039389,-63.1197,13,96,310,28,18.042464,-63.098216,9,276,
263402,43074,TRPG,1968,,ASP,0,0,10,,,,,,28,,,,,
239135,6409,TTCP,9002,159,ASP,1,0,11,11.15060043334961,-60.84469985961914,29,94.1,1003,29,11.148799896240234,-60.819698333740234,20,274.1,
239134,6410,TTPP,10500,150,ASP,1,0,10,10.59529972076416,-61.351898193359375,30,90,,28,10.595399856567383,-61.322601318359375,58,270,
246158,6411,TUPJ,4642,89,ASP,1,0,07,18.442399978637695,-64.54740142822266,14,61,489,25,18.448699951171875,-64.53579711914062,7,241,195
322384,322383,TVSA,9000,148,ASP,1,0,04,,,136,,,22,,,52,,985
233616,6416,TXKF,9705,150,ASP,1,0,12,32.366699,-64.694099,18,117,,30,32.361401,-64.6633,18,297,
347234,6421,UAAA,14764,148,ASPH,1,0,05L,43.3473014831543,77.02519989013672,2221,,,23R,43.37009811401367,77.07109832763672,2221,,
237406,6421,UAAA,14436,148,ASP,1,0,05R,43.34123992919922,77.0174560546875,2224,56,,23L,43.36347961425781,77.06234741210938,2234,236,
237393,6423,UACC,11484,148,ASP,1,0,04,51.01100158691406,71.44960021972656,1165,45,,22,51.03340148925781,71.4845962524414,1158,225,
252295,31768,UACK,8325,125,ASP,0,0,02,53.319400787353516,69.58460235595703,,32,,20,53.33879852294922,69.60469818115234,,212,
249992,32495,UACP,8190,128,ASP,0,0,05,54.76969909667969,69.16629791259766,,66,,23,54.77899932861328,69.20169830322266,,246,
237404,6424,UADD,9514,148,ASP,1,0,13,42.86309814453125,71.2916030883789,2148,137,,31,42.84400177001953,71.31580352783203,2181,317,722
237280,6426,UAFM,13780,180,CON,1,0,07,43.057999,74.452202,2090,80,,25,43.064602,74.502998,2055,260,
237281,6427,UAFO,10538,148,ASP,1,0,12,40.6158447265625,72.78065490722656,2851,125,660,30,40.60005569458008,72.80958557128906,2928,305,
237392,6429,UAII,9186,144,CON,1,0,10,42.367801666259766,69.46279907226562,1319,106.7,,28,42.36069869995117,69.49539947509766,1385,286.7,
337748,337747,UAIT,10827,148,ASP,1,0,05,43.302776,68.533607,951,,,23,43.319519,68.567215,951,,
237387,6430,UAKD,8530,138,CON,1,0,04,47.701499938964844,67.72560119628906,1250,51.7,,22,47.715999603271484,67.75279998779297,1230,231.7,
237390,6431,UAKK,10831,197,CON,1,0,05,49.66299819946289,73.31510162353516,1765,58.4,,23,49.6786003112793,73.35399627685547,1752,238.4,
309650,44336,UAOL,10500,197,asphalt,1,0,05,,,,,,23,,,,,
355443,31794,UAOO,8858,148,ASPH,0,0,05,44.700523,65.575775,428,,,23,44.712181,65.605667,428,,
237391,6432,UARR,9183,148,CON,1,0,04,51.144291,51.52816,121,52,,22,51.159779,51.559708,125,232,
237400,6433,UASK,8234,138,ASP,1,0,12,50.04389953613281,82.48090362548828,932,130.6,,30,50.029300689697266,82.50749969482422,938,310.6,
237401,6433,UASK,6088,200,GRS,0,0,12L,50.037200927734375,82.49479675292969,,130.7,,30R,50.02629852294922,82.5145034790039,,310.7,
237405,6434,UASP,8202,148,CON,1,0,03,52.18669891357422,77.06169891357422,381,42.8,,21,52.20309829711914,77.0864028930664,410,222.8,
237398,6435,UASS,3270,253,CON,0,0,02,50.345298767089844,80.23049926757812,695,23.5,,20,50.353599548339844,80.23609924316406,695,203.5,
237399,6435,UASS,10159,145,CON,1,0,08,50.34980010986328,80.21269989013672,761,84.1,,26,50.35279846191406,80.25599670410156,673,264.1,
237396,6436,UATE,10013,148,ASP,1,0,12,43.866501,51.078098,71,123,,30,43.8536,51.1059,53,303,
237397,6436,UATE,9630,150,GRE,0,1,12L,43.867401123046875,51.076900482177734,,123,,30R,43.85309982299805,51.107601165771484,,303,
237389,6437,UATG,9842,144,ASP,1,0,14,47.13359832763672,51.8114013671875,-73,149.9,,32,47.11029815673828,51.831199645996094,-72,329.9,
604690,6437,UATG,7776,148,ASP,1,1,14R,,,,,,32L,,,,,
237407,6438,UATT,10505,151,CON,1,0,12,50.255501,57.191799,719,135,,30,50.235802,57.222401,738,315,
237388,6439,UAUU,8150,157,ASP,1,0,15,53.21670150756836,63.54330062866211,597,156.8,,33,53.19670104980469,63.55830001831055,571,336.8,
232866,6440,UBBB,13123,197,ASP,1,0,16,40.490929,50.030434,-13,167,,34,40.455917,50.041431,-23,347,
232867,6440,UBBB,10499,148,CON,1,0,17,40.486698150634766,50.06330108642578,10,179,,35,40.45669937133789,50.06330108642578,-13,359,
232856,6441,UBBG,10827,148,CON,1,0,12,40.748016357421875,46.3047981262207,1076,128,,30,40.729793548583984,46.335472106933594,1083,308,
232863,6442,UBBN,10826,148,ASP,1,0,14L,39.199001,45.445599,2863,137,,32R,39.1772,45.471298,2819,317,
232862,6442,UBBN,10826,148,CON,1,0,14R,39.198299407958984,45.44449996948242,2862,137.3,,32L,39.17649841308594,45.470401763916016,2819,317.3,375
237279,6425,UCFL,12467,148,ASP,1,0,07,42.584999,76.701698,5426,74,,25,42.59,76.724998,5423,254,
232880,6444,UDSG,10564,147,ASP,1,0,02,40.737098693847656,43.85169982910156,4941,24,,20,40.76359939575195,43.867000579833984,5000,204,
232879,6446,UDYZ,12631,184,ASP,1,0,08,40.147202,44.373299,2800,90,,26,40.1474,44.418499,2838,270,
238600,6447,UEEE,8202,161,CON,1,1,05L,62.082698822021484,129.75399780273438,322,29.6,,23R,62.10219955444336,129.77699279785156,318,209.6,3400
238599,6447,UEEE,11155,197,CON,1,0,05R,62.08190155029297,129.7570037841797,322,36.9,,23L,62.106300354003906,129.79600524902344,315,216.9,
236084,6451,UGKO,8202,144,CON,1,0,07,42.174801,42.467701,197,81,,25,42.178501,42.497501,223,261,
236083,6452,UGSB,8202,148,ASP,1,0,12,41.616199,41.590199,86,131,,30,41.6031,41.6105,105,311,
236089,6453,UGTB,8202,196,ASP,0,1,13L,41.676899,44.943901,1621,133,,31R,41.6614,44.965698,1572,313,
236088,6453,UGTB,9843,147,CON,1,0,13R,41.677799224853516,44.940101623535156,1624,136,,31L,41.658199310302734,44.964900970458984,1558,316,
238590,6460,UHPP,735,50,ASP,0,1,-12,53.157001,158.449005,,118,,30,53.155998,158.451996,,298,
238591,6460,UHPP,11155,197,CON,1,1,16L,53.183559,158.440811,111,157,,34R,53.155357,158.460358,127,337,
238592,6460,UHPP,11155,148,CON,1,0,16R,53.1842,158.444,112,157,,34L,53.155998,158.464005,131,337,
238603,6461,UHSS,11155,148,CON,1,0,01,46.870399,142.716995,44,1,,19,46.900799,142.718002,49,181,
238611,6462,UHWW,3191,65,ASP,0,1,06,43.364601135253906,132.13900756835938,,50.5,,24,43.370201110839844,132.1490020751953,,230.5,
238613,6462,UHWW,11483,197,CON,0,1,07L,43.391300201416016,132.12899780273438,33,60.9,,25R,43.40660095214844,132.16700744628906,33,240.9,
238612,6462,UHWW,11483,197,ASP,1,0,07R,43.393699645996094,132.14199829101562,32,61.1,,25L,43.40449905395508,132.16900634765625,44,241.1,
238614,6462,UHWW,1975,65,ASP,0,1,16,43.372501373291016,132.13999938964844,,146.6,,34,43.36800003051758,132.14500427246094,,326.6,
238559,6463,UIAA,9430,184,CON,1,0,11,52.02870178222656,113.28500366210938,2272,100.5,,29,52.02389907836914,113.32599639892578,2200,280.5,240
251519,6463,UIAA,5905,245,GRS,0,0,11L,52.03030014038086,113.28600311279297,,101,,29R,52.027198791503906,113.31099700927734,,281,
238562,6465,UIII,11696,148,CON,1,0,12,52.27370071411133,104.37000274658203,1588,113.6,,30,52.262298583984375,104.41300201416016,1675,293.6,
238545,6466,UIUU,11155,148,CON,1,0,08,51.80670166015625,107.41699981689453,1690,83,,26,51.8129997253418,107.46499633789062,1657,263,
238546,6466,UIUU,6700,340,GRS,0,1,08L,51.80830001831055,107.42900085449219,,78,,26R,51.81209945678711,107.45800018310547,,258,
238547,6466,UIUU,4630,315,GRS,0,1,14,51.819000244140625,107.43399810791016,,135,,32,51.810001373291016,107.4489974975586,,315,
239611,6472,UKDE,8210,138,CON,1,0,02,47.8567008972168,35.30910110473633,339,23.2,,20,47.87739944458008,35.32229995727539,373,203.2,
260413,6474,UKFF,,,UNK,0,0,01,,,598,,,19,,,578,,
239635,6474,UKFF,12142,197,CON,1,0,01L,45.03609848022461,33.96969985961914,598,13,,19R,45.06829833984375,33.98059844970703,578,193,
239626,6481,UKLL,10843,148,ASP,1,0,13,49.82080078125,23.943899154663086,1071,136,,31,49.80440139770508,23.968299865722656,1055,316,
239627,6485,UKLU,6686,131,CON,1,0,10,48.63639831542969,22.249900817871094,373,103,,28,48.632198333740234,22.27680015563965,379,283,1765
239628,6487,UKOO,1815,197,GRS,0,0,07,46.426998138427734,30.667299270629883,,75.4,,25,46.428199768066406,30.6742000579834,,255.4,
239629,6487,UKOO,9186,148,PEM,1,0,16,46.43880081176758,30.671300888061523,172,156,,34,46.41469955444336,30.681699752807617,165,336,
239630,6487,UKOO,2950,190,BRI,0,1,18,46.446800231933594,30.667200088500977,,182,,36,46.43870162963867,30.666900634765625,,2,
238554,6489,ULLI,11146,197,CON,1,0,10L,59.80970001220703,30.245399475097656,59,106.4,,28R,59.80110168457031,30.303499221801758,66,286.4,
238553,6489,ULLI,12402,197,CON,1,0,10R,59.79990005493164,30.218299865722656,66,106.4,,28L,59.790401458740234,30.282899856567383,79,286.4,
238563,6490,ULMM,8202,138,CON,1,0,13,68.791,32.733601,241,146,,31,68.7724,32.768002,266,326,
233753,6495,UMBB,8596,138,ASP,1,0,11,52.112998962402344,23.878799438476562,453,113.9,,29,52.10350036621094,23.913700103759766,463,293.9,
238564,6498,UMKK,10991,148,CON,1,0,06,54.885459899902344,20.57479476928711,42,66,,24,54.89779281616211,20.622411727905273,31,246,
337088,6501,UMMS,12139,197,CONC,1,0,13L,53.90530014038086,28.033300399780273,646,138,,31R,53.88029861450195,28.07040023803711,681,318,
233748,6501,UMMS,11946,197,CON,1,0,13R,53.89476013183594,28.012470245361328,639,139,,31L,53.87016677856445,28.048967361450195,669,319,
238582,6503,UNAA,10663,148,ASP,1,0,02,53.72679901123047,91.37470245361328,831,26,1614,20,53.75320053100586,91.39550018310547,824,206,794
238581,6503,UNAA,8202,263,GRS,0,1,02C,53.731201171875,91.37699890136719,,25,,20C,53.751399993896484,91.39289855957031,,205,
238583,6503,UNAA,4265,92,ASP,0,1,02L,53.74369812011719,91.3832015991211,,25,,20R,53.75429916381836,91.39140319824219,,205,
238607,6504,UNBB,9350,164,CON,1,0,06,53.35879898071289,83.518798828125,825,67.2,1148,24,53.36869812011719,83.55829620361328,820,247.2,
238508,6505,UNEE,10499,197,CON,1,0,05,55.261600494384766,86.08689880371094,822,53.6,,23,55.27859878540039,86.12750244140625,834,233.6,
238509,6505,UNEE,8655,155,ASP,0,1,05L,55.26570129394531,86.09149932861328,,55.2,,23R,55.27920150756836,86.12560272216797,,235.2,
238510,6506,UNKL,12139,197,ASP,1,0,11,56.179500579833984,92.46589660644531,942,113.1,,29,56.16640090942383,92.52069854736328,942,293.1,
238580,6507,UNNT,11801,197,ASP,1,0,07,55.010101318359375,82.6229019165039,365,81,,25,55.015098571777344,82.67849731445312,363,261,
307911,6507,UNNT,11818,148,ASP,1,0,16,55.04999923706055,82.59333038330078,362,170,,34,55.01667022705078,82.60333251953125,368,350,
238497,6508,UNOO,9435,270,GRS,0,0,06,54.96630096435547,73.28900146484375,,77.1,,24,54.97209930419922,73.33270263671875,,257.1,
238498,6508,UNOO,8202,148,ASP,1,0,07,54.964500427246094,73.29149627685547,311,76.9,,25,54.969600677490234,73.32959747314453,293,256.9,
238499,6508,UNOO,2380,250,GRS,0,0,15,54.96540069580078,73.339599609375,,164.6,,33,54.95909881591797,73.34259796142578,,344.6,
315084,32468,UNTT,8202,164,asphalt,1,0,03,56.37379837036133,85.19940185546875,597,25,,21,56.39250183105469,85.2217025756836,552,205,
238526,6510,UOOO,11254,148,CON,1,0,01,69.298042,87.30864,538,32,,19,69.319405,87.346886,571,212,
238561,6512,URKK,7218,160,ASP,1,0,05L,45.02909851074219,39.14139938354492,107,53,,23R,45.041099548339844,39.16350173950195,111,233,
238560,6512,URKK,9835,145,CON,1,0,05R,45.0260009765625,39.17340087890625,111,53,,23L,45.04240036010742,39.2036018371582,118,233,
318099,42924,URMG,8202,148,Concrete,1,0,08,,,,,,26,,,,,
238532,6513,URML,8662,148,CON,1,0,14,42.823833,47.646465,-2,149,,32,42.806732,47.660976,12,329,
238533,6513,URML,8688,230,GRS,0,1,14R,42.826401,47.642899,,148,,32L,42.806301,47.660198,,328,
238566,6514,URMM,12795,197,CON,1,0,11,44.234402,43.061298,1043,122,,29,44.215698,43.102501,1046,302,
330058,326363,URRP,11811,148,CON,1,0,05,47.484535217285156,39.90536117553711,226,54,,23,47.50339889526367,39.944190979003906,281,234,
238537,6519,URSS,8202,161,CON,1,0,02,43.43579864501953,39.94580078125,50,22,,20,43.45320129394531,39.95909881591797,90,202,
238538,6519,URSS,9498,148,CON,1,0,06,43.43949890136719,39.925899505615234,39,58,,24,43.450599670410156,39.958499908447266,86,238,
238506,6520,URWA,10499,148,CON,1,0,09,46.284584045410156,47.990135192871094,-74,96,,27,46.28116226196289,48.0313606262207,-65,276,
238507,6520,URWA,5090,328,Dirt,0,0,11,46.282734,47.994659,-79,121,,29,46.273746,48.016335,-76,301,
330845,6522,URWW,9186,148,CON,1,0,05,48.774822,44.318504,388,64,1600,23,48.785728,44.352844,464,244,
238573,6522,URWW,1595,350,GRS,0,1,08,48.78219985961914,44.35219955444336,,84,,26,48.78269958496094,44.358699798583984,,264,
238574,6522,URWW,8101,161,ASP,1,1,11,48.78810119628906,44.33100128173828,430,120,,29,48.777000427246094,44.36009979248047,482,300,
238575,6522,URWW,5575,330,GRS,0,1,11R,48.780799865722656,44.34700012207031,,120,,29L,48.77320098876953,44.36690139770508,,300,
238585,26370,USCC,10499,197,CON,1,0,09,55.309200286865234,61.47890090942383,759,103.6,,27,55.3025016784668,61.527801513671875,737,283.6,
238530,26371,USCM,10663,148,CON,1,0,36,53.37910079956055,58.74879837036133,1430,16,,18,53.407100677490234,58.76250076293945,1394,196,
238519,26374,USNN,10499,197,ASP,1,0,03,60.93870162963867,76.46379852294922,144,42.2,,21,60.959800720214844,76.50340270996094,177,222.2,
238500,26375,USPP,10520,161,CON,1,0,03,57.904499,56.001801,383,46,,21,57.9245,56.040699,393,226,
238518,26377,USRR,9154,148,ASP,1,0,07,61.34360122680664,73.37580108642578,180,89.7,,25,61.34379959106445,73.42790222167969,194,269.7,
238602,26378,USSS,8192,148,ASP,0,0,08L,56.744801,60.781399,738,90,,26R,56.744801,60.822201,763,270,
238601,26378,USSS,9925,148,CON,1,0,08R,56.742401123046875,60.77909851074219,735,94.1,,26L,56.740501403808594,60.82820129394531,761,274.1,1066
238604,26379,USTR,9852,148,PEM,1,0,03,57.1692008972168,65.28099822998047,371,47.8,,21,57.18730163574219,65.31770324707031,341,227.8,
238605,26379,USTR,8871,164,ASP,1,0,12,57.18980026245117,65.32389831542969,310,134.8,,30,57.172698974609375,65.35549926757812,344,314.8,
239357,26380,UTAA,5907,114,ASP,0,1,11,37.978001,58.357899,,112,990,29,37.971901,58.3769,,292,1965
239359,26380,UTAA,12467,148,CON,1,0,11L,38.00021,58.343109,682,119,,29R,37.983414,58.380802,679,299,
239358,26380,UTAA,12467,197,CON,1,0,11R,37.989929,58.335789,689,119,,29L,37.973129,58.373478,679,299,
239355,26383,UTAT,12467,148,CON,1,0,08,41.761299,59.825298,272,90,,26,41.761299,59.8578,272,270,
239354,26383,UTAT,4921,98,ASP,0,1,09R,41.760101318359375,59.82529830932617,,90,,27L,41.760101318359375,59.843299865722656,,270,
239349,26384,UTAV,12467,197,CON,1,0,13,38.941839,63.547142,623,126,,31,38.919582,63.580582,630,306,
239200,26385,UTDD,10170,147,ASP,1,0,09,38.54349899291992,68.80680084228516,2575,90,,27,38.54349899291992,68.84239959716797,2543,270,1335
239199,6377,UTDK,9843,137,ASP,1,0,01,37.974998474121094,69.80169677734375,2149,16.7,,19,38.00170135498047,69.81169891357422,2293,196.7,
239201,26386,UTDL,10433,164,ASP,1,0,08,40.213501,69.676201,1450,82,975,26,40.2173,69.713203,1401,262,975
532967,32556,UTDT,7497,132,ASP,1,0,17,,,,,,35,,,,,
255250,32038,UTFN,10698,160,ASP,0,0,10,40.98910140991211,71.53829956054688,,108,,28,40.980098724365234,71.57520294189453,,288,
254536,32013,UTNN,1985,65,ASP,0,0,07,42.48889923095703,59.6245002746582,,76,,25,42.49020004272461,59.63159942626953,,256,
254537,32013,UTNN,9865,148,CON,0,0,15,42.501427,59.614883,,155,,33,42.476994,59.6306,,335,
246037,26387,UTNU,11065,165,ASP,1,0,13,41.59450149536133,60.630001068115234,319,139.5,,31,41.57170104980469,60.656700134277344,318,319.5,
246036,26388,UTSB,9843,147,ASP,1,0,01,39.76169967651367,64.4800033569336,738,10,,19,39.788299560546875,64.48670196533203,751,190,
246049,26390,UTSS,10187,148,ASP,1,0,09,39.703041,66.964432,2178,97,,27,39.700264,67.000458,2224,277,
246047,26392,UTTT,13123,197,CON,1,0,08L,41.256699,69.261703,1368,76,820,26R,41.259998,69.301697,1414,256,820
246046,26392,UTTT,12812,148,ASP,1,0,08R,41.2533,69.261703,1368,76,650,26L,41.258301,69.303299,1411,256,680
327704,42967,UUBW,15092,230,CON,1,0,12,,,,,,30,,,,,
238569,26394,UUDD,7776,174,CON,1,0,13C,55.416943,37.915359,585,146,,31C,55.399368,37.936474,538,326,
238571,26394,UUDD,12448,174,CON,1,1,13L,55.424515,37.911766,551,146,,33R,55.396336,37.945618,519,326,
238570,26394,UUDD,11483,197,CON,1,0,13R,55.421062,37.872101,588,146,,31L,55.395119,37.903351,527,326,
238523,26395,UUDL,9870,135,ASP,1,0,05,57.55459976196289,40.1348991394043,286,63.4,,23,57.56669998168945,40.1797981262207,301,243.4,
238544,26396,UUEE,11647,197,CON,1,0,06C,55.969799,37.3867,620,64,,24C,55.978001,37.4417,622,244,
332323,26396,UUEE,10499,197,CON,1,0,06L,55.980999,37.328899,600,64,,24R,55.9884,37.378502,589,244,
238543,26396,UUEE,12139,197,CON,1,0,06R,55.967098236083984,37.38629913330078,619,64,,24L,55.97570037841797,37.44369888305664,621,244,
238555,26401,UUWW,10039,148,ASP,1,0,01,55.58660125732422,37.257598876953125,633,12,,19,55.61180114746094,37.27690124511719,634,192,
238556,26401,UUWW,11483,197,ASP,1,0,06,55.58649826049805,37.23870086669922,629,57,,24,55.597999572753906,37.29029846191406,685,237,
238539,26403,UWGG,1640,72,ASP,0,0,06,56.209999084472656,43.786399841308594,,67.9,,24,56.211700439453125,43.79389953613281,,247.9,
238540,26403,UWGG,1969,72,ASP,0,0,15,56.2151985168457,43.78300094604492,,159.4,,33,56.21009826660156,43.7864990234375,,339.4,
238542,26403,UWGG,9843,148,ASP,1,0,18L,56.241600036621094,43.790000915527344,253,191,,36R,56.21950149536133,43.781898498535156,253,11,
238541,26403,UWGG,9203,148,CON,1,0,18R,56.242000579833984,43.78670120239258,256,191,,36L,56.21730041503906,43.7775993347168,254,11,
238536,26404,UWKD,12303,197,CON,1,0,11,55.617001,49.2509,349,126,837,29,55.598,49.299999,410,306,
238535,26404,UWKD,8196,148,CON,0,1,11R,55.610599517822266,49.26679992675781,371,124.4,,29L,55.597900390625,49.29949951171875,408,304.4,
349707,42965,UWPS,9186,138,CONC,0,0,02,54.114712,45.201084,676,33,,20,54.135723,45.224297,676,213,
349461,339001,UWSG,9843,148,CON,1,0,08,51.713127,46.149521,95,81,,26,51.712132,46.192898,95,261,
238594,26411,UWUU,2215,345,GRE,0,1,01,54.5597,55.897701,,29,,19,54.564999,55.902699,,209,
238595,26411,UWUU,2380,300,GRE,0,1,05,54.558701,55.894699,,60,,23,54.561901,55.9044,,240,
238596,26411,UWUU,2115,315,GRE,0,0,14,54.562400817871094,55.90190124511719,,152.3,,32,54.55730056762695,55.906700134277344,,332.3,
238598,26411,UWUU,8245,161,CON,1,1,14L,54.566795,55.874996,394,151,,32R,54.547073,55.893993,405,331,
238597,26411,UWUU,12339,148,CON,1,0,14R,54.573185,55.849346,370,151,,32L,54.543705,55.877743,448,331,
238557,26412,UWWW,8379,197,ASP,1,0,05,53.4984016418457,50.1348991394043,477,49,,23,53.5093994140625,50.1693000793457,410,229,
238558,26412,UWWW,9846,148,CON,1,0,15,53.51860046386719,50.16899871826172,421,148,,33,53.49319839477539,50.18450164794922,389,328,
236759,26431,VAAH,11499,150,ASP,1,0,05,23.066,72.622704,180,45,,23,23.0884,72.646599,189,225,
236761,26434,VABB,11511,197,ASP,1,0,09,19.0884,72.848,15,89,465,27,19.0889,72.881104,22,269,1581
236762,26434,VABB,9419,148,ASP,1,0,14,19.098499298095703,72.8572998046875,37,134.2,1238,32,19.08009910583496,72.877197265625,26,314.2,853
236777,26438,VABO,8100,150,ASP,1,0,04,22.32819938659668,73.21800231933594,124,44,700,22,22.344100952148438,73.2345962524414,127,224,
236716,26439,VABP,3420,148,BIT,1,1,06,23.2852,77.3377,,55,427,24,23.290501,77.3461,,235,427
236717,26439,VABP,9022,148,ASP,1,0,12,23.291401,77.323997,1713,118,,30,23.282801,77.341698,1709,298,
512066,512065,VAHS,9974,148,ASP,1,0,05,22.36997,71.02877,590,,,23,22.38831,71.05073,650,,
236654,26446,VAID,9035,148,Composite,1,0,07,22.717501,75.791,1843,65,,25,22.726101,75.811096,1836,245,
236702,26453,VANP,6358,150,ASP,0,1,09,21.091299057006836,79.03730010986328,1013,84,53,27,21.093000411987305,79.05599975585938,987,264,
236703,26453,VANP,10500,150,ASP,1,0,14,21.108999252319336,79.03379821777344,1033,143.4,,32,21.085800170898438,79.05229949951172,1007,323.4,
236686,3301,VAOZ,9843,148,CON/ASP,1,0,09,20.1178,73.898697,,85,,27,20.120399,73.927101,,265,
236737,26455,VAPO,10000,150,ASP,1,0,10,18.582899,73.906303,,94,,28,18.5814,73.930298,,274,
236738,26455,VAPO,5893,150,ASP,0,0,14,18.584999084472656,73.91639709472656,,134,425,32,18.57379913330078,73.92870330810547,,314,470
430644,327452,VASD,8202,148,Hard,0,0,09,19.688496,74.365168,1938,89,,27,19.689142,74.388857,1910,269,
236641,26461,VASU,9530,148,ASP,1,0,04,21.110399,72.738197,,43,,22,21.117701,72.745399,,223,
235115,26463,VCBI,10991,148,ASP,1,0,04,7.1687397956848145,79.8749008178711,24,37,,22,7.192770004272461,79.89330291748047,27,217,
235121,26466,VCCC,6013,100,ASP,1,0,04,6.815070152282715,79.88169860839844,24,33.3,,22,6.828919887542725,79.89080047607422,8,213.3,
235116,26468,VCCJ,4593,98,ASP,1,0,05,9.790675,80.068321,30,,,23,9.79952,80.077454,30,,
309583,309579,VCRI,11483,197,Asphalt,1,0,05,,,,,,23,,,,,
235101,26475,VDPP,9843,144,ASP,1,0,05,11.537099838256836,104.83399963378906,40,45.8,,23,11.555999755859375,104.85399627685547,37,225.8,492
513483,513482,VDSA,11827,197,CONC,0,0,05,,,,,,23,,,,,
235106,26478,VDSV,8202,112,ASP,1,0,03,10.574000358581543,103.63400268554688,,27.6,,21,10.584400177001953,103.63999938964844,,207.6,
236660,26491,VEBD,9035,150,PEM,1,0,18,26.693599700927734,88.32890319824219,,181,,36,26.668899536132812,88.32820129394531,,1,
236739,26545,VEBN,9006,148,ASP,1,0,09,25.4529,82.848602,264,93,764,27,25.451799,82.870399,265,273,
236635,26494,VEBS,4524,150,BIT,0,0,05,20.24020004272461,85.81230163574219,113,51.4,200,23,20.24839973449707,85.82319641113281,139,231.4,200
236636,26494,VEBS,9003,150,BIT,1,0,14,20.2572,85.8078,115,144,,32,20.2409,85.820503,122,324,
236663,26496,VECC,9291,150,ASP,1,0,01L,22.6402,88.444,19,6,,19R,22.661699,88.446503,19,186,
236662,26496,VECC,11919,150,ASP,1,0,01R,22.6422,88.446297,20,6,,19L,22.674801,88.450104,19,186,1390
236601,26501,VEGT,9000,150,ASP,1,0,02,26.09469985961914,91.58059692382812,162,22.8,,20,26.11750030517578,91.59120178222656,162,202.8,
236782,26504,VEIM,9009,148,ASP,1,0,04,24.749799728393555,93.88899993896484,2535,34.6,,22,24.770099639892578,93.90440368652344,2540,214.6,
236616,26523,VEVZ,6000,150,ASP,1,0,05,17.715599060058594,83.21810150146484,14,48,167,23,17.726699829101562,83.23090362548828,9,228,
260373,26523,VEVZ,10007,148,ASPHALT,0,0,10,17.7243,83.218803,21,96,,28,17.722,83.247498,15,276,
233677,26527,VGEG,9646,148,Concrete,1,0,05,22.240801,91.802696,12,48,,23,22.2584,91.823898,13,228,
233681,26534,VGHS,11500,150,PEM,1,0,14,23.85503,90.388496,27,144,,32,23.831699,90.406898,27,324,
233674,26532,VGSY,9478,150,ASP,1,0,11,24.968299865722656,91.85359954833984,50,113,1020,29,24.958099365234375,91.87999725341797,50,293,
236412,26535,VHHH,12467,197,ASP,1,0,07C,22.310400009155273,113.89600372314453,22,71,565,25C,22.32159996032715,113.93099975585938,23,251,580
355813,26535,VHHH,12467,197,ASPH,1,0,07L,22.321074,113.880692,23,74,,25R,22.332306,113.915558,23,254,
236411,26535,VHHH,12467,197,ASP,1,0,07R,22.2962,113.898003,28,71,525,25L,22.307431,113.932819,27,251,
236655,26540,VIAR,12000,148,ASP,1,0,16,31.723301,74.790604,757,158,,34,31.6959,74.803902,751,338,700
236697,26550,VICG,12467,148,ASP,1,0,11,30.678499,76.775497,,114,,29,30.6684,76.801598,,294,1969
236778,26555,VIDP,9229,148,ASPH,1,0,09,28.570499,77.087997,717,92,,27,28.569799,77.116997,750,272,499
236779,26555,VIDP,12500,148,ASPH,1,0,10,28.5672,77.084801,719,105,,28,28.5585,77.122498,777,285,
510252,26555,VIDP,14436,148,ASPH,0,0,11L,28.550125,77.068176,749,103,,29R,28.540747,77.111877,749,283,
271000,26555,VIDP,14534,197,ASPH,1,0,11R,28.547171,77.065491,720,103,2100,29L,28.537729,77.109528,776,283,4790
236728,26559,VIHR,10236,150,ASP,1,0,12,29.182199,75.749901,,120,,30,29.176701,75.760696,,300,
236651,26560,VIHX,10007,148,PEM,1,0,13,30.756701,75.619003,,131,,31,30.7404,75.640602,,311,
236680,26563,VIJP,9177,148,PEM,1,0,08,26.822901,75.798203,1262,84,,26,26.8255,75.826202,1250,264,
236681,26563,VIJP,5223,148,ASP,0,0,15,26.835100173950195,75.79460144042969,,144.1,,33,26.82349967956543,75.80400085449219,,324.1,
236639,26570,VILK,8996,148,PEM,1,0,09,26.760400772094727,80.87550354003906,404,89,515,27,26.760799407958984,80.9030990600586,399,269,
236760,26578,VISR,12090,150,ASP,1,0,13,33.999000549316406,74.76069641113281,5427,136,,31,33.97529983520508,74.78780364990234,5495,316,
237409,26583,VLLB,8202,148,ASP,1,0,06,19.8925,102.152,955,61,,24,19.902,102.169998,,241,
237412,26584,VLPS,7874,147,CON,1,0,15,15.1382,105.777,351,147,,33,15.1259,105.786003,351,327,
237408,26588,VLVT,9843,148,ASP,1,0,13,17.99795913696289,102.55329132080078,563,135.3,,31,17.97872543334961,102.57322692871094,563,315.3,
237541,26589,VMMC,10544,148,CON,1,0,16,22.16230010986328,113.58599853515625,20,160.2,1195,34,22.135000228881836,113.59700012207031,20,340.2,1215
604066,342100,VN-0018,13123,148,CON,0,1,05L,,,,,,23R,,,,,
604065,342100,VN-0018,13123,148,CON,0,1,05R,,,,,,23L,,,,,
237989,26593,VNBW,9843,148,ASP,1,0,10,27.506836,83.395805,358,99,,28,27.502695,83.425812,358,279,
237990,26596,VNKT,10991,148,ASP,1,0,02,27.6838,85.353401,4313,22,890,20,27.7094,85.364799,4387,202,985
336915,35145,VOBL,13123,148,ASP,1,0,09L,13.207164,77.686073,2960,,,27R,13.206847,77.722969,2960,,
298669,35145,VOBL,13123,148,ASP,1,0,09R,13.189734,77.68998,3001,92,,27L,13.189414,77.726875,2917,272,
236753,26606,VOBZ,11023,148,ASP,1,0,08,16.5289,80.788803,77,79,984,26,16.532,80.804901,70,259,
236783,26607,VOCB,8480,150,ASP,1,0,05,11.021900177001953,77.03489685058594,1323,46,,23,11.038200378417969,77.0519027709961,1275,226,
236597,26609,VOCI,11155,148,ASP,1,0,09,10.151399612426758,76.38639831542969,28,87.9,,27,10.152600288391113,76.41739654541016,30,267.9,
236649,26610,VOCL,9383,150,ASP,1,0,10,11.139300346374512,75.94239807128906,312,101,,28,11.134400367736816,75.96820068359375,325,281,
352588,342094,VOGA,11483,148,ASPH,0,0,10,15.745697,73.844513,534,,,28,15.743109,73.877076,534,,
236704,26444,VOGO,11345,148,ASP,1,0,08,15.3778,73.815598,110,79,,26,15.3839,73.847198,183,259,
298675,35141,VOHS,12162,148,ASP,1,0,09L,17.230587,78.412323,1972,90,1026,27R,17.231141,78.453304,2028,270,1120
322333,35141,VOHS,13976,197,ASP,1,0,09R,17.228572,78.412823,1969,90,,27L,17.229103,78.452866,2024,270,
348252,329504,VOKN,10007,148,asphalt,1,0,07,,,,,,25,,,,,
260371,26617,VOML,8035,151,CON,1,0,06,12.949110984802246,74.87761688232422,307,,,24,12.960149765014648,74.89590454101562,308,,
236653,26617,VOML,5300,150,ASP,1,1,09,12.961199760437012,74.88259887695312,321,89,,27,12.961400032043457,74.89749908447266,294,269,
236617,26618,VOMM,12001,148,ASP,1,0,07,12.984100341796875,80.15299987792969,40,69,,25,12.996000289916992,80.18440246582031,52,249,
236618,26618,VOMM,6708,148,PEM,1,0,12,13.001899719238281,80.16580200195312,30,117.6,,30,12.993399620056152,80.18250274658203,43,297.6,787
236784,26620,VOPB,10795,148,ASP,1,0,04,11.629199981689453,92.7208023071289,11,36,1960,22,11.65310001373291,92.73870086669922,58,216,
236711,26627,VOTP,12500,148,ASP,1,0,08,13.631,79.532799,350,81,,26,13.634,79.553703,332,261,
236790,26628,VOTR,6115,150,ASP,1,0,09,10.765199661254883,78.7072982788086,287,85.6,515,27,10.766500473022461,78.72429656982422,275,265.6,
236791,26628,VOTR,4776,150,ASP,0,1,15,10.768799781799316,78.70760345458984,275,149,,33,10.757499694824219,78.7145004272461,280,329,
236767,26629,VOTV,11148,150,ASP,1,0,14,8.493149757385254,76.9094009399414,14,136,1332,32,8.471090316772461,76.93090057373047,14,316,522
234387,26632,VQPR,7431,98,ASP,1,0,15,27.412162,89.41906,7361,151,540,33,27.394393,89.430371,7309,331,390
341269,335882,VRDA,9350,148,Asphalt,1,0,06,5.809619,73.456635,6,,,24,5.824153,73.477898,6,,
237644,26633,VRMG,12000,165,CON,1,0,10,-0.6906110048294067,73.13849639892578,7,99,298,28,-0.6946669816970825,73.16470336914062,7,279,298
237642,26634,VRMH,8087,148,ASP,1,0,03,6.7393,73.167999,5,27,,21,6.74916,73.172997,5,207,
237643,26636,VRMM,11155,197,ASP,1,0,18,4.212572,73.531006,6,179,328,36,4.181859,73.531036,5,359,952
239184,26638,VTBD,12139,197,ASP,1,0,03L,13.897100448608398,100.59600067138672,7,29,,21R,13.926400184631348,100.61199951171875,7,209,
239183,26638,VTBD,11483,148,ASP,1,0,03R,13.899499893188477,100.60199737548828,7,29,,21L,13.927399635314941,100.61699676513672,8,209,1148
249241,28118,VTBS,13123,197,ASP,1,0,01,13.656697,100.751831,,14,,19,13.691714,100.761032,,194,
554439,28118,VTBS,13123,197,ASP,1,0,02L,13.66517,100.72924,,14,,20R,13.70016,100.73844,,194,
249240,28118,VTBS,12139,197,ASP,1,0,02R,13.671278,100.734665,,14,,20L,13.703669,100.743179,,194,
239146,26645,VTBU,11500,197,ASP,1,0,18,12.695799827575684,101.00599670410156,59,185,,36,12.66409969329834,101.00399780273438,25,5,
239167,26647,VTCC,11155,148,ASP,1,0,18,18.78375816345215,98.96292114257812,1036,180,,36,18.753042221069336,98.96285247802734,1007,,
239164,26653,VTCT,9843,148,ASP,1,0,03,19.940500259399414,99.8759994506836,1280,29,,21,19.96419906616211,99.88990020751953,1275,209,
239139,26669,VTSG,9842,148,ASP,1,0,14,8.106470108032227,98.9801025390625,82,140.6,,32,8.09175968170166,98.99220275878906,77,320.6,
239161,26672,VTSM,6759,148,ASP,1,0,17,9.557209968566895,100.06199645996094,43,174.5,853,35,9.53866958618164,100.06300354003906,56,354.5,983
239172,26674,VTSP,10171,148,ASP,1,0,09,8.11199,98.3033,19,85,164,27,8.11451,98.33042,82,265,164
239178,26676,VTSS,10007,148,ASP,1,0,08,6.930830001831055,100.37899780273438,65,83,,26,6.934189796447754,100.40699768066406,58,263,
239185,26678,VTUD,10000,148,ASP,1,0,12,17.3927001953125,102.7750015258789,579,117,,30,17.380199432373047,102.8010025024414,579,297,
246169,26692,VVCI,10007,164,ASP,1,0,07,20.816099,106.713997,13,72,,25,20.822701,106.736,13,252,
246165,26693,VVCR,10000,148,CON,1,0,02L,11.985069,109.214798,33,19,,20R,12.011178,109.223846,33,199,
335528,26693,VVCR,10000,150,CON,0,0,02R,11.981624603271484,109.21656036376953,15,,,20L,12.007702827453613,109.22560119628906,35,,
246171,26695,VVCT,9843,148,ASP,1,0,06,10.0797,105.702003,,60,,24,10.0906,105.721001,,240,
246164,26697,VVDN,11483,148,ASP,1,0,17L,16.05769920349121,108.197998046875,30,172,,35R,16.030399322509766,108.2020034790039,36,352,
246163,26697,VVDN,10000,148,ASP,0,0,17R,16.05739974975586,108.19599914550781,26,172,,35L,16.030099868774414,108.19999694824219,28,352,
246160,26700,VVNB,10499,148,CON,1,0,11L,21.2255,105.792,40,107,,29R,21.216499,105.822998,40,287,
246159,26700,VVNB,12466,148,CON,1,0,11R,21.224957,105.785431,38,107,,29L,21.214323,105.82222,39,287,
246182,26705,VVPQ,9843,150,ASP,1,0,10,10.171199798583984,103.97899627685547,,96,,28,10.168499946594238,104.00700378417969,,276,
246162,26708,VVTS,10007,148,CON,1,0,07L,10.815,106.637001,24,69,,25R,10.8249,106.663002,32,249,
246161,26708,VVTS,12468,148,CON,1,0,07R,10.81149959564209,106.63700103759766,24,69,2431,25L,10.823699951171875,106.66999816894531,32,249,
233744,26727,VYMD,14003,200,CON,1,0,17,21.719999313354492,95.97440338134766,300,170.5,,35,21.68199920654297,95.981201171875,300,350.5,
233712,26717,VYNT,12000,500,CON,1,0,16,19.638901,96.193604,,157,,34,19.6085,96.2071,,337,
233724,26744,VYYY,11200,200,ASP,1,0,03,16.898000717163086,96.12689971923828,109,33.1,,21,16.91659927368164,96.1395034790039,65,213.1,275
299650,26745,WAAA,10171,148,ASPH,1,0,03,-5.092289924621582,119.54399871826172,,29,,21,-5.068029880523682,119.55799865722656,,209,
236580,26745,WAAA,8202,148,ASP,1,0,13,-5.054289817810059,119.54499816894531,44,130.5,,31,-5.068970203399658,119.56300354003906,36,310.5,
236518,26751,WADD,9790,148,ASP,1,0,09,-8.748709678649902,115.15399932861328,11,88,,27,-8.74763011932373,115.18099975585938,12,268,
299630,299629,WADL,10826,197,Asphalt,1,0,13,-8.749329566955566,116.26599884033203,307,127,,31,-8.765000343322754,116.28500366210938,319,307,
332203,332202,WAHI,10663,148,ASP,1,0,11,-7.900259,110.043411,,,,29,-7.910358,110.071091,,,
236534,26755,WAJJ,9842,148,ASP,1,0,12,-2.5711569786071777,140.50863647460938,292,127,,30,-2.5873069763183594,140.5302276611328,268,307,
236566,26760,WALL,8202,148,ASP,1,0,07,-1.27266,116.884003,12,67,,25,-1.26388,116.904999,12,247,
236506,26770,WAMM,8693,148,ASP,1,0,18,1.559340000152588,124.9260025024414,270,181.9,,36,1.5354000329971313,124.92500305175781,264,1.9,
236502,26779,WAOO,8202,148,ASP,1,0,10,-3.440310001373291,114.7509994506836,66,100.4,,28,-3.444390058517456,114.77400207519531,66,280.4,
236567,26784,WAPP,8202,148,ASP,1,0,04,-3.718250036239624,128.08099365234375,31,45.1,,22,-3.702270030975342,128.0970001220703,33,225.1,
236578,26788,WARQ,8530,148,ASP,1,0,08,-7.518630027770996,110.74500274658203,421,77.6,305,26,-7.513539791107178,110.76799774169922,380,257.6,325
236575,26789,WARR,9843,148,ASP,1,0,10,-7.377649784088135,112.77300262451172,11,99.3,,28,-7.382009983062744,112.80000305175781,8,279.3,
236556,26790,WARS,8399,148,ASP,1,0,13,-6.96732,110.369003,10,130,,31,-6.97813,110.382004,10,310,
237827,26808,WBGG,12402,151,ASP,1,0,07,1.4810080528259277,110.33690643310547,88,68,,25,1.493561029434204,110.36849975585938,75,248,320
237830,26814,WBKK,12402,148,ASP,1,0,02,5.918153,116.043152,10,23,1600,20,5.94963,116.056442,10,203,200
234429,26819,WBSB,12000,150,ASP,1,0,03,4.930009841918945,114.91999816894531,20,31.1,,21,4.958390235900879,114.93699645996094,72,211.1,
236508,26828,WIDD,13218,148,ASP,1,0,04,1.10745,104.107002,125,42,,22,1.13461,104.130997,69,222,
236558,26832,WIHH,9843,148,ASP,1,0,06,-6.27223014831543,106.87899780273438,79,65.5,,24,-6.260980129241943,106.90299987792969,84,245.5,650
341268,26835,WIII,9843,197,CONC,1,0,06,-6.113885879516602,106.64459228515625,24,,,24,-6.103841781616211,106.66976928710938,24,,
236530,26835,WIII,11812,197,CON,1,0,07L,-6.121059894561768,106.63899993896484,29,68.3,,25R,-6.10899019241333,106.66899871826172,21,248.3,
236529,26835,WIII,12008,197,CON,1,0,07R,-6.142600059509277,106.64399719238281,34,68.3,,25L,-6.130320072174072,106.67400360107422,27,248.3,
318100,309577,WIMM,12303,197,asphalt/concrete,1,0,05,3.6259,98.858597,21,,,23,3.649844,98.882462,21,,
236584,26847,WIOO,7380,98,ASP,1,0,15,-0.14131900668144226,109.4000015258789,3,157.7,,33,-0.16009700298309326,109.40799713134766,10,337.7,
236497,26858,WIPT,9843,148,ASP,1,0,15,-0.775647,100.276001,18,155,,33,-0.798186,100.286003,16,335,
236492,26862,WITT,9843,148,ASP,1,0,17,5.534570217132568,95.41809844970703,57,168.3,,35,5.512479782104492,95.42269897460938,65,348.3,
237821,26872,WMKI,5900,121,ASP,1,0,04,4.561870098114014,101.08699798583984,130,41.4,,22,4.574069976806641,101.0979995727539,102,221.4,
237812,26873,WMKJ,12467,150,ASP,1,0,16,1.6554800271987915,103.66400146484375,135,160,,34,1.6271300315856934,103.67500305175781,122,340,
237836,26874,WMKK,13530,197,PEM,1,0,14L,2.77828,101.702003,55,146,,32R,2.74739,101.722,70,326,344
237835,26874,WMKK,13288,197,PEM,1,0,14R,2.74351,101.697998,54,146,184,32L,2.71313,101.718002,48,326,
313641,26874,WMKK,12993,197,PEM,1,0,15,2.73817,101.6775,27,146,,33,2.7085,101.69733,27,326,
237813,26875,WMKL,12500,148,ASP,1,0,03,6.315509796142578,99.71890258789062,21,34,2000,21,6.343939781188965,99.7384033203125,29,214,
237823,26878,WMKP,10997,150,ASP,1,0,04,5.285900115966797,100.26699829101562,10,42.2,,22,5.308380126953125,100.28700256347656,11,222.2,
237815,26879,WMSA,12401,148,ASP,1,0,15,3.1453299522399902,101.54100036621094,70,149.7,,33,3.1158299446105957,101.55799865722656,89,329.7,
239231,26881,WPDL,6065,98,ASP,1,0,08,-8.548410415649414,125.51699829101562,17,77.2,201,26,-8.544699668884277,125.53299713134766,25,257.2,
310241,35138,WPOC,7218,148,ASP,1,0,09,,,,,,27,,,,,
238866,26887,WSSS,13123,197,PEM,1,0,02C,1.3288,103.985001,15,23,,20C,1.36213,103.999001,15,203,
238868,26887,WSSS,13123,197,PEM,1,0,02L,1.34897,103.977997,22,23,,20R,1.38241,103.991997,14,203,2429
238867,26887,WSSS,13123,197,ASP,1,1,02R,1.32239,104,16,23,,20L,1.35568,104.014,15,203,
335162,26901,YBBN,10827,197,ASP,1,0,01L,-27.383100509643555,153.10699462890625,,27,,19R,-27.356599807739258,153.1219940185547,,207,
233169,26901,YBBN,11680,148,ASP,1,0,01R,-27.403900146484375,153.1179962158203,12,27,197,19L,-27.37529945373535,153.13400268554688,11,207,
233170,26901,YBBN,5577,98,ASP,1,1,14,-27.357799530029297,153.12399291992188,11,147,197,32,-27.3705997467041,153.13299560546875,9,327,197
233197,26902,YBCG,8176,148,ASP,1,0,14,-28.1565,153.501007,21,150,,32,-28.17609,153.513184,13,330,1480
233198,26902,YBCG,1909,59,ASP,0,0,17,-28.164400100708008,153.5070037841797,17,184,,35,-28.169599533081055,153.50599670410156,13,4,
233141,26904,YBCS,3035,60,ASP,0,1,12,-16.880699157714844,145.7519989013672,9,126,,30,-16.885499954223633,145.75900268554688,6,306,
233142,26904,YBCS,10489,148,ASP,1,0,15,-16.865800857543945,145.74400329589844,9,156,,33,-16.89229965209961,145.75599670410156,7,336,
233305,26927,YBRM,7769,148,ASP,1,0,10,-17.945601,122.216003,56,105,,28,-17.951401,122.237999,22,285,
233385,26918,YBSU,9186,148,ASPH,1,0,13,-26.583214,153.074524,15,142,,31,-26.603226,153.09169,15,322,
233386,26918,YBSU,5896,98,ASP,1,1,18,-26.59440040588379,153.093994140625,11,194,,36,-26.61009979248047,153.08999633789062,11,14,
315120,315119,YBWW,9416,148,ASP,1,0,12,-27.548744201660156,151.7845001220703,1436,133,,30,-27.566299438476562,151.80599975585938,1509,313,
604096,516986,YE-0012,9843,148,ASP,1,0,18,,,,,,36,,,,,
233114,27043,YMAV,10000,148,ASP,1,0,18,-38.027237,144.469419,32,187,,36,-38.054413,144.464827,34,7,
233439,27058,YMHB,8947,148,ASP,1,0,12,-42.828223,147.501024,12,135,,30,-42.845586,147.5246,13,315,
233383,27066,YMML,7500,148,ASP,1,0,09,-37.66080093383789,144.82200622558594,395,94,,27,-37.66230010986328,144.84800720214844,407,274,
233384,27066,YMML,11998,197,ASP,1,0,16,-37.6531982421875,144.8350067138672,432,171,,34,-37.68579864501953,144.84100341796875,330,351,
233332,27096,YPAD,10171,148,ASP,1,0,05,-34.9585,138.516998,14,50,492,23,-34.940601,138.542999,20,230,
233333,27096,YPAD,5420,148,ASP,1,0,12,-34.9412,138.522003,14,123,,30,-34.949402,138.537003,14,303,
235263,27100,YPCC,7999,148,ASP,1,0,15,-12.181900024414062,96.8279037475586,5,149,,33,-12.200799942016602,96.83940124511719,7,329,
233105,27101,YPDN,11004,197,ASP,1,0,11,-12.40939998626709,130.86500549316406,96,109,,29,-12.41919994354248,130.8939971923828,81,289,
233106,27101,YPDN,5000,98,ASP,1,0,18,-12.40880012512207,130.87100219726562,96,180,,36,-12.422599792480469,130.87100219726562,91,360,
233153,27117,YPPD,8202,148,ASP,1,0,14,-20.374099731445312,118.62200164794922,23,138,,32,-20.39069938659668,118.63800048828125,33,318,
233154,27117,YPPD,3281,59,ASP,0,0,18,-20.37030029296875,118.62899780273438,27,183,,36,-20.37929916381836,118.62899780273438,29,3,
233339,27119,YPPH,11299,148,ASP,1,0,03,-31.95870018005371,115.95999908447266,67,14,,21,-31.928600311279297,115.96800231933594,43,194,
233340,27119,YPPH,7096,148,ASP,1,0,06,-31.94099998474121,115.95899963378906,58,59,,24,-31.93090057373047,115.97899627685547,58,239,
233266,27145,YSSY,8300,148,ASP,1,0,07,-33.94369888305664,151.16400146484375,16,74,,25,-33.9375,151.19000244140625,20,254,324
233268,27145,YSSY,7999,148,ASP,1,0,16L,-33.94960021972656,151.18800354003906,16,168,758,34R,-33.971099853515625,151.19400024414062,13,348,125
233267,27145,YSSY,12999,148,ASP,1,0,16R,-33.92940139770508,151.1719970703125,8,168,279,34L,-33.964298248291016,151.18099975585938,14,348,
233282,27175,YWLM,10033,148,ASP,1,0,12,-32.7871,151.8226,30,130,,30,-32.8049,151.8475,17,310,
269343,27188,ZBAA,12467,197,CON,1,0,01,40.058914,116.617599,94,353,,19,40.092834,116.612297,84,173,
235180,27188,ZBAA,12467,197,ASP,1,0,18L,40.089359,116.594833,110,173,,36R,40.055527,116.600166,99,353,
235179,27188,ZBAA,10499,164,PEM,1,0,18R,40.102112,116.569695,116,173,,36L,40.073479,116.574165,107,353,
330821,330820,ZBAD,11155,197,CON,1,0,01L,39.47129821777344,116.43099975585938,73,353,,19R,39.50170135498047,116.427001953125,83,173,
330824,330820,ZBAD,12467,197,CON,1,0,11L,39.516701,116.431,69,103,,29R,39.5089,116.473999,69,283,
330822,330820,ZBAD,12467,197,CON,1,0,17L,39.517906,116.396111,76,173,,35R,39.483929,116.401474,76,353,
330823,330820,ZBAD,12467,148,CON,1,0,17R,39.517075,116.387337,76,173,,35L,39.483101,116.3927,76,353,
348405,300513,ZBDS,10499,148,ASPH,1,0,13,39.499809,109.845497,4592,123,,31,39.484112,109.876694,4578,303,
355446,30876,ZBDT,9843,148,CON,1,0,14,40.07111,113.466469,3467,132,,32,40.053165,113.492752,3444,312,
235183,27189,ZBHH,11811,148,CON,1,0,08,40.84700012207031,111.80599975585938,3511,72,,26,40.855899810791016,111.84200286865234,3556,252,
235184,27189,ZBHH,11811,148,CON,1,1,08R,40.84479904174805,111.80400085449219,3511,72.7,,26L,40.854400634765625,111.84500122070312,3556,252.7,
235153,27190,ZBLA,8530,148,CON,1,0,09,49.20370101928711,119.80699920654297,2169,83.8,,27,49.206298828125,119.84300231933594,2152,263.8,
349122,30679,ZBOW,9186,200,Asphalt,1,0,13,,,,130,,31,,,,310,
235155,27191,ZBSJ,11155,148,CON,1,0,15,38.29359817504883,114.68699645996094,233,147.4,,33,38.267799377441406,114.70800018310547,220,327.4,
321346,27192,ZBTJ,10499,148,CON,1,0,16L,39.141475677490234,117.36260986328125,12,154,,34R,39.11545944213867,117.3785629272461,12,334,
235189,27192,ZBTJ,11811,197,CON,1,0,16R,39.13737487792969,117.33820343017578,8,155,,34L,39.11137390136719,117.35415649414062,8,335,
350734,300455,ZBYC,10499,148,CON,1,0,08,35.115196,111.014168,1252,78,,26,35.121193,111.0485,1253,258,
235190,27193,ZBYN,11811,148,CON,1,0,13L,37.7556,112.613998,2546,127,,31R,37.738201,112.642998,2575,307,
608317,27193,ZBYN,11811,148,CON,1,0,13R,,,,,,31L,,,,,
348941,30958,ZGDY,8530,148,,0,0,08,29.100069,110.430656,,,,26,29.105837,110.45652,,,
595240,27194,ZGGG,11155,148,CONC,1,0,01L,23.380692,113.275291,43,,,19R,23.41048,113.283333,43,,
235173,27194,ZGGG,11811,148,CON,1,0,01R,23.376801,113.283997,41,14,,19L,23.408413,113.291954,43,194,
322334,27194,ZGGG,12467,197,ASP,1,0,02L,23.375699996948242,113.30500030517578,45,14,,20R,23.408899307250977,113.31400299072266,45,194,700
235172,27194,ZGGG,12467,197,CON,1,0,02R,23.36949920654297,113.30799865722656,45,14,,20L,23.402799606323242,113.31700134277344,48,194,
602536,27194,ZGGG,11811,148,CON,1,0,03,23.354778,113.319145,48,14,,21,23.386316,113.327667,48,193,
335156,27195,ZGHA,12467,197,CON,1,0,18L,28.2091007232666,113.222412109375,212,177,,36R,28.174861907958984,113.2245101928711,188,357,
235193,27195,ZGHA,10499,148,ASP,1,0,18R,28.200899124145508,113.21900177001953,217,177,,36L,28.177400588989258,113.22000122070312,197,357,
235162,27196,ZGKL,10499,147,CON,1,0,01,25.2055,110.038002,571,5,,19,25.2307,110.040001,564,185,
235197,27197,ZGNN,10499,148,CON,1,0,05,22.5996,108.163002,417,47,,23,22.616301,108.181999,420,227,
315146,32400,ZGOW,10499,148,CON,1,0,04,23.542299,116.495003,,40,,22,23.5616,116.512001,15,220,
348406,30593,ZGSD,13517,148,PEM,1,0,05,21.9955,113.36467,,,,23,22.02117,113.392,,,
235199,27198,ZGSZ,11155,148,CON,1,0,15,22.652999877929688,113.8030014038086,13,155,,33,22.625600814819336,113.81800079345703,13,335,
329873,27198,ZGSZ,12467,197,CON,1,0,16L,22.654461,113.784851,4,155,,34R,22.62388,113.80162,4,335,
602535,27198,ZGSZ,11811,148,CON,0,0,16R,22.659056,113.776337,13,153,,34L,22.630083,113.792221,13,333,
354996,354995,ZGZJ,10499,,,1,0,15,,,,,,33,,,,,
347965,27199,ZHCC,11811,197,,1,0,12L,34.53950119018555,113.84100341796875,496,116,,30R,34.527198791503906,113.87699890136719,476,296,
235171,27199,ZHCC,11155,148,ASP,1,0,12R,34.5255012512207,113.8239974975586,495,112,,30L,34.51380157470703,113.85800170898438,486,292,
512660,347108,ZHEC,11811,148,CONC,0,0,01L,,,,,,19R,,,,,
512661,347108,ZHEC,11811,148,CONC,0,0,01R,,,,,,19L,,,,,
235203,27200,ZHHH,11155,148,ASP,1,0,04,30.772301,114.195999,95,42,,22,30.7952,114.220001,112,222,
330239,27200,ZHHH,11811,197,CON,1,0,05L,30.757639,114.210793,97,46,,23R,30.781969,114.235695,97,226,
596489,27200,ZHHH,10498,148,CONC,1,0,05R,30.758211,114.216393,97,,,23L,30.779839,114.238533,97,,
354900,31870,ZHLY,8202,148,CON,1,0,08,,,,,,26,,,,,
235157,27201,ZJHK,11811,148,CON,1,0,09,19.934799,110.442001,75,90,,27,19.9349,110.475998,66,270,
354889,27201,ZJHK,11811,197,CON,1,0,10,19.953711,110.448341,49,,,28,19.953814,110.482735,49,,
235165,27202,ZJSY,11155,148,CON,1,0,08,18.300800323486328,109.39600372314453,62,82.2,,26,18.30500030517578,109.4280014038086,89,262.2,
237282,27203,ZKPY,12475,197,CON,1,1,01,39.227699279785156,125.6760025024414,89,0.7,,19,39.26190185546875,125.6760025024414,102,180.7,
237283,27203,ZKPY,11490,230,CON,1,0,17,39.220401763916016,125.66400146484375,96,163,,35,39.19020080566406,125.6760025024414,86,343,
327545,30929,ZLDH,9186,148,CON,1,0,08,,,,,,26,,,,,
348403,298989,ZLIC,11811,148,CON,1,0,03,38.307076,106.382065,3718,,,21,38.335304,106.402336,3718,,
311467,31699,ZLJQ,9843,131,paved,0,0,14,,,5112,,,32,,,5112,,
601927,27204,ZLLL,13123,148,ASPH,1,0,01,36.503658,103.646469,6363,,,19,36.539654,103.644157,6363,,
235191,27204,ZLLL,13123,148,ASP,1,0,18L,36.531612,103.623787,6388,177,,36R,36.495617,103.626083,6329,357,
601928,27204,ZLLL,11811,148,ASPH,1,0,18R,,,,,,36L,,,,,
350533,32709,ZLXN,12467,148,ASP,1,0,11,36.535915,102.01947,7128,,,29,36.524731,102.059608,7128,,
235201,27205,ZLXY,12467,148,ASP,1,0,05L,34.442154,108.735619,1574,49,,23R,34.464703,108.766754,1578,229,
604895,27205,ZLXY,12467,198,PEM,1,0,05R,,,,,,23L,,,,,
333739,27205,ZLXY,12467,197,CON,1,0,06L,34.420982,108.751053,1557,49,,24R,34.443531,108.782173,1578,229,
603831,27205,ZLXY,9843,148,CON,1,0,06R,34.423126,108.76033,1556,,,24L,34.440865,108.784966,1541,229,
346777,335326,ZMCK,11811,148,ASP,1,0,11,47.6510009765625,106.7969970703125,4485,105,,29,47.642799377441406,106.84300231933594,4482,285,
237546,27212,ZMUB,10170,197,ASP,1,0,14,47.85300064086914,106.75299835205078,4147,136,,32,47.83219909667969,106.78099822998047,4363,316,
237547,27212,ZMUB,6560,131,GRE,0,0,15,47.850799560546875,106.75,4123,145,,33,47.83599853515625,106.76499938964844,4267,325,
235168,27213,ZPJH,7874,148,ASPH,1,0,16,21.983299,100.755997,1807,160,,34,21.9646,100.763,1813,340,
348923,31828,ZPLJ,9843,148,ASPH,1,0,02,26.664122,100.240334,7329,,,20,26.69002,100.249168,7329,,
235195,27214,ZPPP,13123,148,CON,1,0,03,25.102249145507812,102.9170150756836,6891,39.3,,21,25.130481719970703,102.94158935546875,6884,219.3,
314904,27214,ZPPP,14764,197,ASP,1,0,04,25.08968734741211,102.93074798583984,6885,39,,22,25.121488571166992,102.95840454101562,6879,219,1644
235202,27215,ZSAM,11155,148,ASP,1,0,05,24.53459930419922,118.11499786376953,56,53,490,23,24.55340003967285,118.14099884033203,36,233,660
235177,27216,ZSCN,11155,148,CON,1,0,03,28.853399,115.893997,121,23,,21,28.8766,115.905998,141,203,
235160,27217,ZSFZ,11841,150,CON,1,0,03,,,,30,,21,,,,210,
603496,27217,ZSFZ,11811,198,CON,1,1,03R,,,,,,21L,,,,,
314967,27218,ZSHC,11155,197,CON,1,0,06,30.238189697265625,120.40829467773438,22,63,,24,30.25214195251465,120.43975830078125,23,243,
235175,27218,ZSHC,11811,148,CON,1,0,07,30.222122192382812,120.41775512695312,22,63,,25,30.236894607543945,120.45105743408203,22,243,
235156,27219,ZSJN,11812,148,CON,1,0,01,36.840999603271484,117.21600341796875,76,360,,19,36.8734016418457,117.21600341796875,73,180,
354994,44167,ZSLG,9186,,,0,0,03,,,,,,21,,,,,
235200,27220,ZSNB,10499,148,CON,1,0,13,29.8346004486084,121.447998046875,13,123,492,31,29.81879997253418,121.47599792480469,13,303,
235158,27221,ZSNJ,11811,148,CON,1,0,06,31.733400344848633,118.84600067138672,43,58,,24,31.750600814819336,118.87799835205078,38,238,
314968,27221,ZSNJ,11810,197,CON,1,0,07,31.713510513305664,118.84811401367188,43,58,,25,31.730710983276367,118.88032531738281,39,238,
235192,27222,ZSOF,11155,164,CON,1,0,15,32.001714,116.967504,95,135,,33,31.975165,116.985543,72,315,
576287,27223,ZSPD,11155,197,CON,1,0,15,,,,,,33,,,,,
314961,27223,ZSPD,12467,197,CON,1,0,16L,31.160175323486328,121.816162109375,11,162,,34R,31.127574920654297,121.82846069335938,11,342,
235163,27223,ZSPD,12467,197,CON,1,0,16R,31.159000396728516,121.81199645996094,12,162,,34L,31.126399993896484,121.8239974975586,12,342,
235164,27223,ZSPD,13123,197,CON,1,0,17L,31.161300659179688,121.78600311279297,10,162,,35R,31.12700080871582,121.79900360107422,10,342,
314962,27223,ZSPD,11154,197,CON,1,0,17R,31.15483283996582,121.78316497802734,12,162,,35L,31.12566566467285,121.7941665649414,12,342,
349624,342096,ZSQD,11811,197,CON,1,0,16,36.38127899169922,120.09323120117188,27,,,34,36.35035705566406,120.10537719726562,27,,
349625,342096,ZSQD,11811,148,CON,1,0,17,36.37101745605469,120.07172393798828,28,,,35,36.34009552001953,120.08386993408203,28,,
348496,31705,ZSQZ,8530,164,ASP,1,0,03,24.787058,118.582703,18,34,,21,24.807306,118.595734,18,214,
354926,300863,ZSSH,9186,148,CON,1,0,04,33.782108,119.117538,34,,,22,33.802601,119.135185,34,,
235181,27225,ZSSS,11154,148,ASP,1,0,18L,31.213199615478516,121.33499908447266,7,176,,36R,31.1825008392334,121.33699798583984,9,356,
314966,27225,ZSSS,10826,197,CON,1,0,18R,31.21,121.332,10,176,,36L,31.186,121.333,10,356,
348440,32489,ZSTX,8530,148,ASP,1,0,13,29.740906,118.245605,436,,,31,29.726469,118.2668,436,,
345351,32684,ZSWX,10499,164,ASPH,1,0,03,31.483835,120.424736,15,20,,21,31.510912,120.436386,17,200,
327567,32672,ZSWZ,10499,148,CON,1,0,03,27.895767,120.844498,,,,21,27.921217,120.859871,,,
348434,35316,ZSYN,9186,164,CONC,1,0,04,33.418488,120.195839,10,,,22,33.438221,120.2146,10,,
348517,332096,ZSYT,11155,,Concrete,1,0,05,,,,,,23,,,,,
348429,32726,ZSYW,9843,148,ASP,1,0,02,29.329828,120.026711,256,,,20,29.35553,120.036392,256,,
348427,31624,ZSZS,8202,148,CON,1,0,18,,,,,,36,,,,,335
235154,27228,ZUCK,10499,148,CON,1,0,02L,29.705181,106.636749,1352,17,,20R,29.73283,106.646317,1348,197,
335144,27228,ZUCK,11811,148,CON,1,0,02R,29.704762,106.640671,1348,19,,20L,29.735811,106.651443,1343,199,
344015,27228,ZUCK,12467,197,CON,1,0,03L,29.714319,106.661469,1316,,,21R,29.747126,106.672897,1316,,
593483,27228,ZUCK,11154,148,CONC,1,0,03R,29.720997,106.6679,1332,17,,21L,29.750336,106.678131,1304,197,656
235176,27229,ZUGY,10499,148,CON,1,0,01L,26.524200439453125,106.7979965209961,3737,10,,19R,26.55270004272461,106.80400085449219,3730,190,
346776,27229,ZUGY,13123,148,CON,1,0,01R,26.523338317871094,106.80200958251953,3726,,,19L,26.557119369506836,106.80857849121094,3726,,
311879,31867,ZULS,13123,148,Concrete,1,0,09,,,,,,27,,,,,
607975,31867,ZULS,13123,148,CON,1,0,10L,,,,,,28R,,,,,
311878,31867,ZULS,13123,148,ASPH,1,0,10R,29.297764,90.891685,11712,89,,28L,29.29837,90.932831,11704,269,
354653,44122,ZURK,9843,35,CON,0,0,07,,,,,,25,,,,,
327695,44122,ZURK,16404,197,CON,0,0,09,,,,,,27,,,,,
351155,342095,ZUTF,13123,197,CON,1,0,01,30.290417,104.417526,1441,,,19,30.323833,104.43322,1441,,
351156,342095,ZUTF,10499,148,CON,1,0,02,30.277639,104.438446,1448,,,20,30.304361,104.451027,1448,,
351157,342095,ZUTF,12467,148,CON,1,0,11,30.3151,104.4599,1434,,,29,30.3022,104.4965,1434,,
235194,27230,ZUUU,11811,148,ASP,1,0,02L,30.56346321105957,103.93998718261719,1616,24,,20R,30.593599319458008,103.9540023803711,1625,204,
336872,27230,ZUUU,11811,197,CON,1,0,02R,30.519500732421875,103.93699645996094,1681,24,,20L,30.54960060119629,103.95068359375,1629,204,
235159,27234,ZWSH,10499,135,CON,1,0,08,39.541900634765625,76.00140380859375,4524,85.9,,26,39.54389953613281,76.03849792480469,4498,265.9,
235185,27236,ZWWW,11811,148,ASP,1,0,07,43.9025,87.452698,2123,74,,25,43.911701,87.495796,2126,254,
598133,27236,ZWWW,10498,198,PEM,1,0,08L,43.923641,87.454506,2091,,,26R,43.931751,87.492744,2091,,
598134,27236,ZWWW,11811,198,PEM,1,0,08R,43.91935,87.451035,2094,,,26L,43.928444,87.494064,2094,,
235178,27237,ZYCC,10500,148,CON,1,0,06,43.98680114746094,125.66999816894531,705,48.8,,24,44.00559997558594,125.69999694824219,646,228.8,
235182,27238,ZYHB,10499,148,ASP,1,0,05L,45.612301,126.237,457,39,,23R,45.634499,126.263,439,219,
576294,27238,ZYHB,11811,148,CONC,1,0,05R,45.577454,126.209007,501,,,23L,45.602489,126.238281,464,,
235170,27241,ZYQQ,11811,164,CON,1,0,17L,47.250401,123.912003,476,158,,35R,47.228802,123.925003,476,338,
604262,27241,ZYQQ,9843,164,CON,1,0,17R,,,,,,35L,,,,,
235188,27242,ZYTL,10827,148,CON,1,0,10,38.967098236083984,121.5199966430664,105,95.6,650,28,38.96419906616211,121.55799865722656,85,275.6,320
235186,27243,ZYTX,10499,148,CON,1,0,06,41.630402,123.469002,171,49,,24,41.6493,123.498001,197,229,
